partition,product_type,scene_id,detect_id,GRD_product_identifier,detect_lat,detect_lon,detect_scene_column,detect_scene_row,top,left,bottom,right,vessel_length_m,source,is_vessel,is_fishing,global_shoreline_vector_distance_from_shore_km,xView3_shoreline_distance_from_shore_km,confidence
validation,GRD,b1844cde847a3942v,b1844cde847a3942v_006.30715041399999964966_003.17345699100000011583,S1A_IW_GRDH_1SDV_20200126T052956_20200126T053025_030967_038E50_B43E,6.307150414,3.173456991,23003.0,10300.0,10315.0,22992.0,10284.0,23013.0,191.5344128,ais/manual,True,False,9999.99,9999.99,HIGH
validation,GRD,b1844cde847a3942v,b1844cde847a3942v_006.32901408199999959692_003.39145180399999990328,S1A_IW_GRDH_1SDV_20200126T052956_20200126T053025_030967_038E50_B43E,6.3290140820000005,3.391451804,20687.0,11009.0,11018.0,20675.0,11000.0,20699.0,112.5886863,ais/manual,True,False,7.145463931201878,7.385308376095652,HIGH
validation,GRD,b1844cde847a3942v,b1844cde847a3942v_006.25236813600000029822_003.29267762299999988684,S1A_IW_GRDH_1SDV_20200126T052956_20200126T053025_030967_038E50_B43E,6.252368136,3.2926776230000003,21589.0,9974.0,9984.0,21578.0,9963.0,21600.0,199.1417454,ais/manual,True,False,9999.99,9999.99,HIGH
validation,GRD,b1844cde847a3942v,b1844cde847a3942v_005.40963283600000011120_005.05805594699999971908,S1A_IW_GRDH_1SDV_20200126T052956_20200126T053025_030967_038E50_B43E,5.409632836,5.058055947,565.0,4869.0,4873.0,561.0,4864.0,570.0,157.6096996,ais/manual,True,False,9999.99,9999.99,HIGH
validation,GRD,b1844cde847a3942v,b1844cde847a3942v_005.72502739000000016034_004.44881935799999972403,S1A_IW_GRDH_1SDV_20200126T052956_20200126T053025_030967_038E50_B43E,5.72502739,4.448819358,7881.0,6881.0,6887.0,7876.0,6875.0,7886.0,56.18864083,ais/manual,True,False,9999.99,9999.99,HIGH
validation,GRD,b1844cde847a3942v,b1844cde847a3942v_006.30044779700000034950_003.19723245000000000360,S1A_IW_GRDH_1SDV_20200126T052956_20200126T053025_030967_038E50_B43E,6.300447797,3.19723245,22730.0,10280.0,10294.0,22721.0,10266.0,22740.0,206.1971936,ais/manual,True,False,9999.99,9999.99,HIGH
validation,GRD,b1844cde847a3942v,b1844cde847a3942v_005.65339915399999970447_003.04935460499999999584,S1A_IW_GRDH_1SDV_20200126T052956_20200126T053025_030967_038E50_B43E,5.653399154,3.049354605,22912.0,3036.0,3051.0,22902.0,3022.0,22922.0,109.2589898,ais/manual,True,False,9999.99,9999.99,HIGH
validation,GRD,b1844cde847a3942v,b1844cde847a3942v_006.35458731399999976475_003.29580914300000005213,S1A_IW_GRDH_1SDV_20200126T052956_20200126T053025_030967_038E50_B43E,6.354587314,3.295809143,21780.0,11074.0,11080.0,21771.0,11067.0,21789.0,134.08726059999998,ais/manual,True,False,5.264662938423795,5.670160840126704,HIGH
validation,GRD,b1844cde847a3942v,b1844cde847a3942v_005.50894936400000023724_004.96311535999999975388,S1A_IW_GRDH_1SDV_20200126T052956_20200126T053025_030967_038E50_B43E,5.508949363999999,4.96311536,1818.0,5716.0,5720.0,1814.0,5711.0,1822.0,57.338799,ais/manual,True,False,9999.99,9999.99,HIGH
validation,GRD,b1844cde847a3942v,b1844cde847a3942v_006.35825769199999957237_003.35684374600000001720,S1A_IW_GRDH_1SDV_20200126T052956_20200126T053025_030967_038E50_B43E,6.3582576920000005,3.356843746,21126.0,11246.0,11249.0,21124.0,11244.0,21129.0,44.57696289,ais/manual,True,False,4.440116878034581,4.690829098475905,HIGH
validation,GRD,b1844cde847a3942v,b1844cde847a3942v_006.37767977900000015978_003.39374911399999978912,S1A_IW_GRDH_1SDV_20200126T052956_20200126T053025_030967_038E50_B43E,6.377679779,3.393749114,20769.0,11534.0,11538.0,20765.0,11530.0,20772.0,71.45833088,ais/manual,True,False,1.834239131915929,2.0890427973718864,HIGH
validation,GRD,b1844cde847a3942v,b1844cde847a3942v_005.92902933700000023265_003.13051054499999992231,S1A_IW_GRDH_1SDV_20200126T052956_20200126T053025_030967_038E50_B43E,5.929029337,3.130510545,22638.0,6162.0,6176.0,22630.0,6147.0,22647.0,162.7281322,ais/manual,True,False,9999.99,9999.99,HIGH
validation,GRD,b1844cde847a3942v,b1844cde847a3942v_006.35452061799999956548_003.39563023600000013502,S1A_IW_GRDH_1SDV_20200126T052956_20200126T053025_030967_038E50_B43E,6.354520618,3.395630236,20697.0,11291.0,11295.0,20691.0,11287.0,20703.0,77.67846521,ais/manual,True,False,4.35440235292895,4.62325423891391,HIGH
validation,GRD,b1844cde847a3942v,b1844cde847a3942v_006.35837660899999956854_003.31290044999999988562,S1A_IW_GRDH_1SDV_20200126T052956_20200126T053025_030967_038E50_B43E,6.358376609,3.31290045,21603.0,11152.0,11158.0,21591.0,11146.0,21614.0,104.897121,ais/manual,True,False,4.733680942383924,5.202977723427336,HIGH
validation,GRD,b1844cde847a3942v,b1844cde847a3942v_006.35842410800000035209_003.37727836899999989129,S1A_IW_GRDH_1SDV_20200126T052956_20200126T053025_030967_038E50_B43E,6.358424108,3.377278369,20905.0,11293.0,11298.0,20897.0,11287.0,20913.0,77.59637143,ais/manual,True,False,4.10461381225655,4.266935432201268,HIGH
validation,GRD,b1844cde847a3942v,b1844cde847a3942v_005.79528567100000024936_004.65080324100000019882,S1A_IW_GRDH_1SDV_20200126T052956_20200126T053025_030967_038E50_B43E,5.795285671,4.650803241,5846.0,8077.0,8082.0,5843.0,8071.0,5849.0,28.71676145,ais/manual,True,True,9999.99,9999.99,HIGH
validation,GRD,b1844cde847a3942v,b1844cde847a3942v_005.52287344999999962880_004.85027791899999982661,S1A_IW_GRDH_1SDV_20200126T052956_20200126T053025_030967_038E50_B43E,5.52287345,4.850277919,3074.0,5614.0,5619.0,3070.0,5609.0,3078.0,61.84941138,ais/manual,True,False,9999.99,9999.99,HIGH
validation,GRD,b1844cde847a3942v,b1844cde847a3942v_006.38157611000000013490_003.38507157600000008202,S1A_IW_GRDH_1SDV_20200126T052956_20200126T053025_030967_038E50_B43E,6.38157611,3.385071576,20871.0,11557.0,11560.0,20869.0,11555.0,20874.0,55.41139522,ais/manual,True,False,1.496060302223178,1.69516218252864,HIGH
validation,GRD,b1844cde847a3942v,b1844cde847a3942v_006.34874854699999957575_003.37220800299999989846,S1A_IW_GRDH_1SDV_20200126T052956_20200126T053025_030967_038E50_B43E,6.3487485470000005,3.372208003,20939.0,11178.0,11184.0,20929.0,11172.0,20948.0,134.8536148,ais/manual,True,False,5.212891634110449,5.361812720803586,HIGH
validation,GRD,b1844cde847a3942v,b1844cde847a3942v_006.28222557900000033726_003.28311126399999997361,S1A_IW_GRDH_1SDV_20200126T052956_20200126T053025_030967_038E50_B43E,6.282225579,3.283111264,21759.0,10272.0,10286.0,21746.0,10259.0,21772.0,221.29270130000003,ais/manual,True,False,9999.99,9999.99,HIGH
validation,GRD,b1844cde847a3942v,b1844cde847a3942v_006.32079066899999997275_003.22436399700000020374,S1A_IW_GRDH_1SDV_20200126T052956_20200126T053025_030967_038E50_B43E,6.320790669,3.224363997,22481.0,10557.0,10571.0,22471.0,10543.0,22490.0,215.7778045,ais/manual,True,False,9.134490993479575,8.82762708282568,HIGH
validation,GRD,b1844cde847a3942v,b1844cde847a3942v_006.20924837799999984611_003.23154785100000019327,S1A_IW_GRDH_1SDV_20200126T052956_20200126T053025_030967_038E50_B43E,6.209248378,3.231547851,22158.0,9379.0,9390.0,22143.0,9368.0,22172.0,176.1410308,ais/manual,True,False,9999.99,9999.99,HIGH
validation,GRD,b1844cde847a3942v,b1844cde847a3942v_005.17853979100000039182_004.27151345099999968369,S1A_IW_GRDH_1SDV_20200126T052956_20200126T053025_030967_038E50_B43E,5.178539791,4.2715134510000015,8589.0,660.0,667.0,8582.0,653.0,8596.0,87.84646824,ais/manual,True,False,9999.99,9999.99,HIGH
validation,GRD,b1844cde847a3942v,b1844cde847a3942v_006.24892061500000028929_003.31012286999999982839,S1A_IW_GRDH_1SDV_20200126T052956_20200126T053025_030967_038E50_B43E,6.248920615,3.31012287,21393.0,9975.0,9989.0,21382.0,9961.0,21403.0,230.5183612,ais/manual,True,False,9999.99,9999.99,HIGH
validation,GRD,b1844cde847a3942v,b1844cde847a3942v_006.31375716899999961385_003.16405635600000012531,S1A_IW_GRDH_1SDV_20200126T052956_20200126T053025_030967_038E50_B43E,6.313757169,3.164056356,23119.0,10350.0,10364.0,23109.0,10336.0,23130.0,140.9637763,ais/manual,True,False,9.740130043463356,9.39763358572628,HIGH
validation,GRD,b1844cde847a3942v,b1844cde847a3942v_005.34701080399999995052_004.32608668299999976625,S1A_IW_GRDH_1SDV_20200126T052956_20200126T053025_030967_038E50_B43E,5.347010804,4.326086683,8372.0,2578.0,2584.0,8364.0,2572.0,8379.0,63.71287667,ais/manual,True,False,9999.99,9999.99,HIGH
validation,GRD,b1844cde847a3942v,b1844cde847a3942v_005.50896214399999983868_004.95923553600000044383,S1A_IW_GRDH_1SDV_20200126T052956_20200126T053025_030967_038E50_B43E,5.508962144,4.959235536,1860.0,5707.0,5714.0,1848.0,5701.0,1872.0,171.0262187,ais/manual,True,False,9999.99,9999.99,HIGH
validation,GRD,b1844cde847a3942v,b1844cde847a3942v_006.30857821800000007073_003.22472038200000010733,S1A_IW_GRDH_1SDV_20200126T052956_20200126T053025_030967_038E50_B43E,6.308578217999999,3.224720382,22450.0,10427.0,10430.0,22446.0,10423.0,22453.0,29.82529778,ais/manual,True,False,9999.99,9999.99,HIGH
validation,GRD,b1844cde847a3942v,b1844cde847a3942v_006.28489139299999965971_003.18908997899999979708,S1A_IW_GRDH_1SDV_20200126T052956_20200126T053025_030967_038E50_B43E,6.284891393,3.189089979,22784.0,10096.0,10111.0,22772.0,10080.0,22797.0,185.2225959,ais/manual,True,False,9999.99,9999.99,HIGH
validation,GRD,b1844cde847a3942v,b1844cde847a3942v_005.69238668800000002790_004.44620950000000014768,S1A_IW_GRDH_1SDV_20200126T052956_20200126T053025_030967_038E50_B43E,5.692386687999999,4.4462095,7837.0,6527.0,6531.0,7834.0,6523.0,7840.0,61.08989519,ais/manual,True,False,9999.99,9999.99,HIGH
validation,GRD,b1844cde847a3942v,b1844cde847a3942v_006.34186594200000008925_003.38269122499999985720,S1A_IW_GRDH_1SDV_20200126T052956_20200126T053025_030967_038E50_B43E,6.341865942,3.382691225,20810.0,11127.0,11135.0,20799.0,11120.0,20820.0,101.8235391,ais/manual,True,False,5.828832112369425,6.038022285738244,HIGH
validation,GRD,b1844cde847a3942v,b1844cde847a3942v_006.35434368000000038279_003.89868991599999992204,S1A_IW_GRDH_1SDV_20200126T052956_20200126T053025_030967_038E50_B43E,6.35434368,3.898689916,15242.0,12389.0,12394.0,15237.0,12383.0,15247.0,55.62602059,ais/manual,True,False,8.826574765189225,8.39333405489931,HIGH
validation,GRD,b1844cde847a3942v,b1844cde847a3942v_005.78599726399999969573_004.90248163199999975603,S1A_IW_GRDH_1SDV_20200126T052956_20200126T053025_030967_038E50_B43E,5.785997264,4.902481632,3095.0,8534.0,8539.0,3090.0,8529.0,3100.0,38.76914013,ais/manual,True,False,9999.99,9999.99,HIGH
validation,GRD,b1844cde847a3942v,b1844cde847a3942v_005.55347676900000042366_005.00368746599999969504,S1A_IW_GRDH_1SDV_20200126T052956_20200126T053025_030967_038E50_B43E,5.553476769,5.003687466000001,1477.0,6280.0,6285.0,1474.0,6275.0,1480.0,69.36216340000001,ais/manual,True,False,9999.99,9999.99,HIGH
validation,GRD,b1844cde847a3942v,b1844cde847a3942v_006.38246209700000033394_003.40921493100000017051,S1A_IW_GRDH_1SDV_20200126T052956_20200126T053025_030967_038E50_B43E,6.382462097,3.409214931,20612.0,11619.0,11624.0,20608.0,11615.0,20615.0,19.80796544,ais/manual,True,False,1.836056146904024,2.31933625064796,HIGH
validation,GRD,b1844cde847a3942v,b1844cde847a3942v_005.35071125400000013883_004.32961378300000010455,S1A_IW_GRDH_1SDV_20200126T052956_20200126T053025_030967_038E50_B43E,5.350711254,4.329613783,8342.0,2625.0,2630.0,8336.0,2620.0,8347.0,81.51376363,ais/manual,True,False,9999.99,9999.99,HIGH
validation,GRD,b1844cde847a3942v,b1844cde847a3942v_006.33496632000000037266_003.41478302400000011119,S1A_IW_GRDH_1SDV_20200126T052956_20200126T053025_030967_038E50_B43E,6.33496632,3.414783024,20447.0,11124.0,11131.0,20435.0,11117.0,20459.0,100.532141,ais/manual,True,False,6.774001111152423,7.206904980202222,HIGH
validation,GRD,b1844cde847a3942v,b1844cde847a3942v_006.36668379500000014559_003.33704761899999979846,S1A_IW_GRDH_1SDV_20200126T052956_20200126T053025_030967_038E50_B43E,6.366683795,3.337047619,21359.0,11293.0,11300.0,21351.0,11286.0,21367.0,127.6264664,ais/manual,True,False,3.7239135444711433,3.637892154197324,HIGH
validation,GRD,b1844cde847a3942v,b1844cde847a3942v_005.71815760700000019767_004.48292968999999974500,S1A_IW_GRDH_1SDV_20200126T052956_20200126T053025_030967_038E50_B43E,5.718157607,4.48292969,7496.0,6883.0,6887.0,7492.0,6880.0,7499.0,50.08408303,ais/manual,True,False,9999.99,9999.99,HIGH
validation,GRD,b1844cde847a3942v,b1844cde847a3942v_006.23351132899999971215_004.35852116900000030597,S1A_IW_GRDH_1SDV_20200126T052956_20200126T053025_030967_038E50_B43E,6.233511329,4.358521168999999,9990.0,12107.0,12109.0,9987.0,12105.0,9992.0,26.80559905,ais/manual,True,True,9999.99,9999.99,HIGH
validation,GRD,b1844cde847a3942v,b1844cde847a3942v_006.28004398199999958052_004.01887608899999992929,S1A_IW_GRDH_1SDV_20200126T052956_20200126T053025_030967_038E50_B43E,6.2800439820000005,4.018876089,13775.0,11858.0,11863.0,13772.0,11854.0,13779.0,38.61720056,ais/manual,True,True,9999.99,9999.99,HIGH
validation,GRD,b1844cde847a3942v,b1844cde847a3942v_006.28321927599999963121_003.28564316400000011598,S1A_IW_GRDH_1SDV_20200126T052956_20200126T053025_030967_038E50_B43E,6.2832192760000005,3.285643164,21734.0,10288.0,10294.0,21728.0,10283.0,21739.0,36.32850485,ais/manual,True,False,9999.99,9999.99,HIGH
validation,GRD,b1844cde847a3942v,b1844cde847a3942v_006.25567759499999986872_003.17353035399999994226,S1A_IW_GRDH_1SDV_20200126T052956_20200126T053025_030967_038E50_B43E,6.255677595,3.173530354,22889.0,9749.0,9761.0,22876.0,9737.0,22902.0,175.44545459999995,ais/manual,True,False,9999.99,9999.99,HIGH
validation,GRD,b1844cde847a3942v,b1844cde847a3942v_005.33956882000000021549_004.33798135400000006712,S1A_IW_GRDH_1SDV_20200126T052956_20200126T053025_030967_038E50_B43E,5.33956882,4.337981354,8226.0,2525.0,2527.0,8224.0,2523.0,8228.0,51.69079376,ais/manual,True,False,9999.99,9999.99,HIGH
validation,GRD,b1844cde847a3942v,b1844cde847a3942v_006.38103496799999980738_003.38290104500000010646,S1A_IW_GRDH_1SDV_20200126T052956_20200126T053025_030967_038E50_B43E,6.381034968,3.382901045,20894.0,11547.0,11549.0,20891.0,11544.0,20896.0,35.39534924,ais/manual,True,False,1.5791768243624755,1.7638361887982237,HIGH
validation,GRD,b1844cde847a3942v,b1844cde847a3942v_006.30097894599999985843_003.22589243200000019840,S1A_IW_GRDH_1SDV_20200126T052956_20200126T053025_030967_038E50_B43E,6.300978946,3.225892432,22421.0,10348.0,10362.0,22412.0,10334.0,22429.0,186.9618001,ais/manual,True,False,9999.99,9999.99,HIGH
validation,GRD,b1844cde847a3942v,b1844cde847a3942v_006.35229450200000034243_003.34626081700000010954,S1A_IW_GRDH_1SDV_20200126T052956_20200126T053025_030967_038E50_B43E,6.352294502,3.346260817,21228.0,11159.0,11165.0,21219.0,11154.0,21237.0,35.92683219,ais/manual,True,True,5.222705122426773,5.210043301967823,HIGH
validation,GRD,b1844cde847a3942v,b1844cde847a3942v_006.37505506200000038319_003.39555552699999996236,S1A_IW_GRDH_1SDV_20200126T052956_20200126T053025_030967_038E50_B43E,6.375055062,3.395555527,20743.0,11510.0,11514.0,20740.0,11507.0,20747.0,31.01567865,ais/manual,True,True,2.1179194251549744,2.402840232971383,HIGH
validation,GRD,b1844cde847a3942v,b1844cde847a3942v_006.40903467399999993148_004.01289087500000007935,S1A_IW_GRDH_1SDV_20200126T052956_20200126T053025_030967_038E50_B43E,6.409034674,4.012890875,14125.0,13223.0,13230.0,14115.0,13214.0,14135.0,134.4,ais/manual,True,False,1.523027889332106,1.0441128812573035,HIGH
validation,GRD,b1844cde847a3942v,b1844cde847a3942v_006.36085727000000034081_003.38975788700000002507,S1A_IW_GRDH_1SDV_20200126T052956_20200126T053025_030967_038E50_B43E,6.36085727,3.389757887,20775.0,11346.0,11352.0,20768.0,11340.0,20782.0,53.15976091,ais/manual,True,False,3.676287242482146,3.913203442688764,HIGH
validation,GRD,b1844cde847a3942v,b1844cde847a3942v_006.35577889999999978698_003.26714716999999987834,S1A_IW_GRDH_1SDV_20200126T052956_20200126T053025_030967_038E50_B43E,6.355778900000002,3.26714717,22093.0,11024.0,11028.0,22090.0,11021.0,22097.0,44.940839200000006,ais/manual,True,False,5.320308817990952,5.072093424814436,HIGH
validation,GRD,b1844cde847a3942v,b1844cde847a3942v_006.30930441100000027888_003.21884399400000020819,S1A_IW_GRDH_1SDV_20200126T052956_20200126T053025_030967_038E50_B43E,6.309304411,3.218843994,22515.0,10422.0,10430.0,22504.0,10413.0,22525.0,178.2235743,ais/manual,True,False,9999.99,9999.99,HIGH
validation,GRD,844545c005776fb1v,844545c005776fb1v_005.49562200300000025521_004.89906411000000030498,S1A_IW_GRDH_1SDV_20200126T175311_20200126T175336_030975_038E94_BAE3,5.495622002999999,4.89906411,5002.0,2509.0,2513.0,4999.0,2504.0,5006.0,56.06938899,ais/manual,True,False,9999.99,9999.99,HIGH
validation,GRD,844545c005776fb1v,844545c005776fb1v_004.82123664499999993183_005.32496623499999977014,S1A_IW_GRDH_1SDV_20200126T175311_20200126T175336_030975_038E94_BAE3,4.821236645,5.324966235,8121.0,10637.0,10643.0,8118.0,10630.0,8125.0,25.36494637,ais/manual,True,False,9999.99,9999.99,HIGH
validation,GRD,844545c005776fb1v,844545c005776fb1v_005.53913775499999960772_005.07975771500000039538,S1A_IW_GRDH_1SDV_20200126T175311_20200126T175336_030975_038E94_BAE3,5.539137755,5.079757715,7061.0,2445.0,2449.0,7056.0,2440.0,7065.0,32.46528711,ais/manual,True,False,8.59591771746133,9.135656217589553,HIGH
validation,GRD,844545c005776fb1v,844545c005776fb1v_005.43993702900000020151_005.11306276000000003989,S1A_IW_GRDH_1SDV_20200126T175311_20200126T175336_030975_038E94_BAE3,5.439937029,5.11306276,7201.0,3575.0,3584.0,7196.0,3567.0,7206.0,37.3480466,ais/manual,True,False,9.817694867050154,9999.99,HIGH
validation,GRD,844545c005776fb1v,844545c005776fb1v_004.98467132599999995790_004.83819673699999963645,S1A_IW_GRDH_1SDV_20200126T175311_20200126T175336_030975_038E94_BAE3,4.984671326,4.838196737,3199.0,7815.0,7817.0,3196.0,7812.0,3202.0,50.29913023,ais/manual,True,False,9999.99,9999.99,HIGH
validation,GRD,844545c005776fb1v,844545c005776fb1v_005.39931463300000036298_005.06953249000000027991,S1A_IW_GRDH_1SDV_20200126T175311_20200126T175336_030975_038E94_BAE3,5.399314633,5.06953249,6638.0,3912.0,3917.0,6633.0,3907.0,6643.0,157.6096996,ais/manual,True,False,9999.99,9999.99,HIGH
validation,GRD,844545c005776fb1v,844545c005776fb1v_004.67535458399999992452_005.37519834500000026623,S1A_IW_GRDH_1SDV_20200126T175311_20200126T175336_030975_038E94_BAE3,4.675354584,5.375198345,8341.0,12302.0,12309.0,8337.0,12297.0,8345.0,32.22815658,ais/manual,True,True,9999.99,9999.99,HIGH
validation,GRD,844545c005776fb1v,844545c005776fb1v_004.51539481699999978304_004.64728521899999957867,S1A_IW_GRDH_1SDV_20200126T175311_20200126T175336_030975_038E94_BAE3,4.515394817,4.647285219,72.0,12384.0,12387.0,70.0,12382.0,75.0,46.04910657,ais/manual,True,False,9999.99,9999.99,HIGH
validation,GRD,844545c005776fb1v,844545c005776fb1v_004.68715405499999970829_005.38740026199999988421,S1A_IW_GRDH_1SDV_20200126T175311_20200126T175336_030975_038E94_BAE3,4.687154055,5.387400262000001,8500.0,12204.0,12208.0,8496.0,12199.0,8504.0,25.02740308,ais/manual,True,True,9999.99,9999.99,HIGH
validation,GRD,844545c005776fb1v,844545c005776fb1v_004.81127173099999971839_005.35755161600000029409,S1A_IW_GRDH_1SDV_20200126T175311_20200126T175336_030975_038E94_BAE3,4.811271731000001,5.357551616,8453.0,10815.0,10821.0,8449.0,10811.0,8457.0,64.21698993,ais/manual,True,False,9999.99,9999.99,HIGH
validation,GRD,844545c005776fb1v,844545c005776fb1v_004.65517965599999961057_005.00347879999999989309,S1A_IW_GRDH_1SDV_20200126T175311_20200126T175336_030975_038E94_BAE3,4.6551796560000005,5.0034788,4257.0,11690.0,11695.0,4253.0,11686.0,4260.0,43.09011622,ais/manual,True,False,9999.99,9999.99,HIGH
validation,GRD,844545c005776fb1v,844545c005776fb1v_005.52082906800000028369_004.84770976799999964157,S1A_IW_GRDH_1SDV_20200126T175311_20200126T175336_030975_038E94_BAE3,5.520829067999999,4.8477097680000005,4501.0,2127.0,2129.0,4498.0,2124.0,4505.0,45.39788236,ais/manual,True,False,9999.99,9999.99,HIGH
validation,GRD,844545c005776fb1v,844545c005776fb1v_005.17015802500000010156_005.17012394999999980172,S1A_IW_GRDH_1SDV_20200126T175311_20200126T175336_030975_038E94_BAE3,5.170158025,5.17012395,7219.0,6576.0,6580.0,7214.0,6572.0,7223.0,33.36144488,ais/manual,True,False,9999.99,9999.99,HIGH
validation,GRD,844545c005776fb1v,844545c005776fb1v_005.52009064900000012699_005.12281797799999960574,S1A_IW_GRDH_1SDV_20200126T175311_20200126T175336_030975_038E94_BAE3,5.520090649,5.1228179780000005,7486.0,2743.0,2750.0,7478.0,2736.0,7493.0,36.1269783,ais/manual,True,False,4.326903797708124,4.548952198517993,HIGH
validation,GRD,844545c005776fb1v,844545c005776fb1v_005.50926132900000009585_004.95902088899999959892,S1A_IW_GRDH_1SDV_20200126T175311_20200126T175336_030975_038E94_BAE3,5.509261329,4.959020889,5684.0,2496.0,2503.0,5673.0,2490.0,5694.0,171.0262187,ais/manual,True,False,9999.99,9999.99,HIGH
validation,GRD,844545c005776fb1v,844545c005776fb1v_005.16561505700000012098_005.32951593599999995376,S1A_IW_GRDH_1SDV_20200126T175311_20200126T175336_030975_038E94_BAE3,5.165615057,5.329515936,8940.0,6977.0,6980.0,8934.0,6974.0,8945.0,34.76155104,ais/manual,True,False,3.074834527038018,1.626290640951403,HIGH
validation,GRD,844545c005776fb1v,844545c005776fb1v_005.31900144000000008049_005.15792154399999969172,S1A_IW_GRDH_1SDV_20200126T175311_20200126T175336_030975_038E94_BAE3,5.31900144,5.157921544,7418.0,4963.0,4967.0,7414.0,4960.0,7423.0,34.06399074,ais/manual,True,False,9999.99,9999.99,HIGH
validation,GRD,844545c005776fb1v,844545c005776fb1v_005.16431100600000014822_005.31535638099999996342,S1A_IW_GRDH_1SDV_20200126T175311_20200126T175336_030975_038E94_BAE3,5.164311006,5.315356381,8783.0,6960.0,6964.0,8777.0,6957.0,8788.0,47.69318269,ais/manual,True,False,4.629634263207571,2.7925604129257366,HIGH
validation,GRD,844545c005776fb1v,844545c005776fb1v_005.13018850400000037126_005.22615848900000035115,S1A_IW_GRDH_1SDV_20200126T175311_20200126T175336_030975_038E94_BAE3,5.130188504,5.226158489,7738.0,7126.0,7133.0,7731.0,7119.0,7745.0,60.86888921,ais/manual,True,False,9999.99,9999.99,HIGH
validation,GRD,a1a21a222e244555v,a1a21a222e244555v_003.98272071400000005070_007.78685992399999982183,S1A_IW_GRDH_1SDV_20200214T174431_20200214T174456_031252_03982E_1024,3.982720714,7.786859924,10642.0,2951.0,2954.0,10639.0,2947.0,10646.0,65.39520106,ais/manual,True,False,9999.99,9999.99,HIGH
validation,GRD,a1a21a222e244555v,a1a21a222e244555v_004.03944817100000008736_007.79776476700000031883,S1A_IW_GRDH_1SDV_20200214T174431_20200214T174456_031252_03982E_1024,4.039448171,7.797764767,10888.0,2371.0,2375.0,10884.0,2367.0,10892.0,40.92702151,ais/manual,True,False,9999.99,9999.99,HIGH
validation,GRD,a1a21a222e244555v,a1a21a222e244555v_004.23130886900000025008_008.33960281300000083604,S1A_IW_GRDH_1SDV_20200214T174431_20200214T174456_031252_03982E_1024,4.231308868999999,8.339602812999999,17209.0,1532.0,1534.0,17207.0,1530.0,17212.0,35.11825735,ais/manual,True,False,9999.99,9999.99,HIGH
validation,GRD,a1a21a222e244555v,a1a21a222e244555v_004.24175990200000008201_008.71183601000000074066,S1A_IW_GRDH_1SDV_20200214T174431_20200214T174456_031252_03982E_1024,4.241759902,8.71183601,21280.0,2247.0,2255.0,21275.0,2240.0,21286.0,26.37343508,ais/manual,True,True,9999.99,9999.99,HIGH
validation,GRD,a1a21a222e244555v,a1a21a222e244555v_004.28054447500000012639_008.65009226099999928294,S1A_IW_GRDH_1SDV_20200214T174431_20200214T174456_031252_03982E_1024,4.280544475,8.650092261000001,20695.0,1696.0,1701.0,20691.0,1692.0,20699.0,36.12647855,ais/manual,True,False,9999.99,9999.99,HIGH
validation,GRD,a1a21a222e244555v,a1a21a222e244555v_004.18915467099999982992_007.69385232099999960553,S1A_IW_GRDH_1SDV_20200214T174431_20200214T174456_031252_03982E_1024,4.189154671,7.693852321,10093.0,545.0,551.0,10087.0,539.0,10100.0,76.6360822,ais/manual,True,False,9999.99,9999.99,HIGH
validation,GRD,a1a21a222e244555v,a1a21a222e244555v_004.27595568400000036746_008.39903818400000012900,S1A_IW_GRDH_1SDV_20200214T174431_20200214T174456_031252_03982E_1024,4.275955684,8.399038184,17955.0,1188.0,1193.0,17952.0,1183.0,17958.0,27.15716603,ais/manual,True,False,9999.99,9999.99,HIGH
validation,GRD,a1a21a222e244555v,a1a21a222e244555v_003.87096298800000004903_006.96050345899999989285,S1A_IW_GRDH_1SDV_20200214T174431_20200214T174456_031252_03982E_1024,3.870962988,6.960503459,1404.0,2294.0,2297.0,1402.0,2291.0,1407.0,38.02153533,ais/manual,True,False,9999.99,9999.99,HIGH
validation,GRD,a1a21a222e244555v,a1a21a222e244555v_003.97359710000000010410_007.73454749999999968679,S1A_IW_GRDH_1SDV_20200214T174431_20200214T174456_031252_03982E_1024,3.9735971,7.7345475000000015,10053.0,2931.0,2935.0,10049.0,2928.0,10057.0,54.80829953,ais/manual,True,False,9999.99,9999.99,HIGH
validation,GRD,a1a21a222e244555v,a1a21a222e244555v_004.23126355700000011950_008.70607283500000050935,S1A_IW_GRDH_1SDV_20200214T174431_20200214T174456_031252_03982E_1024,4.231263557,8.706072835,21194.0,2346.0,2353.0,21189.0,2340.0,21199.0,20.22421104,ais/manual,True,True,9999.99,9999.99,HIGH
validation,GRD,a1a21a222e244555v,a1a21a222e244555v_003.87125130800000016862_007.89184277499999975447,S1A_IW_GRDH_1SDV_20200214T174431_20200214T174456_031252_03982E_1024,3.871251308,7.891842775,11534.0,4372.0,4375.0,11530.0,4370.0,11539.0,53.15976091,ais/manual,True,False,9999.99,9999.99,HIGH
validation,GRD,a1a21a222e244555v,a1a21a222e244555v_004.29840674200000005811_008.75317917399999956274,S1A_IW_GRDH_1SDV_20200214T174431_20200214T174456_031252_03982E_1024,4.298406742,8.753179174,21856.0,1735.0,1742.0,21851.0,1727.0,21861.0,34.73114993,ais/manual,True,False,9999.99,9999.99,HIGH
validation,GRD,a1a21a222e244555v,a1a21a222e244555v_004.01699201999999999657_007.23764377699999972293,S1A_IW_GRDH_1SDV_20200214T174431_20200214T174456_031252_03982E_1024,4.01699202,7.237643777000001,4747.0,1360.0,1363.0,4745.0,1357.0,4748.0,38.25227288,ais/manual,True,False,9999.99,9999.99,HIGH
validation,GRD,a1a21a222e244555v,a1a21a222e244555v_004.28330662499999981208_008.56745518199999978037,S1A_IW_GRDH_1SDV_20200214T174431_20200214T174456_031252_03982E_1024,4.283306625,8.567455182,19803.0,1484.0,1487.0,19797.0,1480.0,19808.0,59.97681188,ais/manual,True,False,9999.99,9999.99,HIGH
validation,GRD,a1a21a222e244555v,a1a21a222e244555v_004.21944883699999984117_008.82727432499999942195,S1A_IW_GRDH_1SDV_20200214T174431_20200214T174456_031252_03982E_1024,4.219448837,8.827274325,22486.0,2742.0,2746.0,22482.0,2737.0,22490.0,24.14885726,ais/manual,True,True,9999.99,9999.99,HIGH
validation,GRD,a1a21a222e244555v,a1a21a222e244555v_004.03469636799999964438_008.76118915099999995277,S1A_IW_GRDH_1SDV_20200214T174431_20200214T174456_031252_03982E_1024,4.0346963680000005,8.761189151,21355.0,4566.0,4569.0,21354.0,4564.0,21358.0,22.19329817,ais/manual,True,True,9999.99,9999.99,HIGH
validation,GRD,a1a21a222e244555v,a1a21a222e244555v_004.14285013900000009812_008.47842563000000026818,S1A_IW_GRDH_1SDV_20200214T174431_20200214T174456_031252_03982E_1024,4.142850139,8.47842563,18521.0,2784.0,2786.0,18519.0,2782.0,18524.0,31.95880346,ais/manual,True,False,9999.99,9999.99,HIGH
validation,GRD,a1a21a222e244555v,a1a21a222e244555v_003.99979461800000013483_007.77287477900000034481,S1A_IW_GRDH_1SDV_20200214T174431_20200214T174456_031252_03982E_1024,3.999794618,7.772874778999999,10529.0,2738.0,2741.0,10526.0,2734.0,10531.0,33.3415756,ais/manual,True,False,9999.99,9999.99,HIGH
validation,GRD,a1a21a222e244555v,a1a21a222e244555v_004.26956786700000012758_008.82681260799999911626,S1A_IW_GRDH_1SDV_20200214T174431_20200214T174456_031252_03982E_1024,4.269567867,8.826812608,22592.0,2206.0,2208.0,22590.0,2203.0,22595.0,25.53221667,ais/manual,True,True,9.953846420207311,9.96444846903496,HIGH
validation,GRD,a1a21a222e244555v,a1a21a222e244555v_003.78282374700000012524_008.07520452600000027132,S1A_IW_GRDH_1SDV_20200214T174431_20200214T174456_031252_03982E_1024,3.782823747,8.075204526,13331.0,5724.0,5732.0,13326.0,5715.0,13335.0,53.289024100000006,ais/manual,True,False,9999.99,9999.99,HIGH
validation,GRD,a1a21a222e244555v,a1a21a222e244555v_004.22893618099999990534_008.56631411300000067399,S1A_IW_GRDH_1SDV_20200214T174431_20200214T174456_031252_03982E_1024,4.228936181,8.566314112999999,19669.0,2061.0,2063.0,19667.0,2059.0,19672.0,62.15038184,ais/manual,True,False,9999.99,9999.99,HIGH
validation,GRD,a1a21a222e244555v,a1a21a222e244555v_004.23128053399999970452_008.05145500499999933197,S1A_IW_GRDH_1SDV_20200214T174431_20200214T174456_031252_03982E_1024,4.231280534,8.051455005,14076.0,892.0,896.0,14072.0,887.0,14080.0,53.32453722,ais/manual,True,False,9999.99,9999.99,HIGH
validation,GRD,a1a21a222e244555v,a1a21a222e244555v_004.10197427000000036657_008.17394664499999912266,S1A_IW_GRDH_1SDV_20200214T174431_20200214T174456_031252_03982E_1024,4.10197427,8.173946645,15119.0,2543.0,2557.0,15105.0,2530.0,15133.0,47.74835653,ais/manual,True,False,9999.99,9999.99,HIGH
validation,GRD,a1a21a222e244555v,a1a21a222e244555v_004.00306270200000025028_007.32177593599999987362,S1A_IW_GRDH_1SDV_20200214T174431_20200214T174456_031252_03982E_1024,4.003062702,7.321775936,5630.0,1696.0,1702.0,5625.0,1691.0,5635.0,61.68383787,ais/manual,True,False,9999.99,9999.99,HIGH
validation,GRD,a1a21a222e244555v,a1a21a222e244555v_003.89827317800000017201_007.07782496100000013683,S1A_IW_GRDH_1SDV_20200214T174431_20200214T174456_031252_03982E_1024,3.898273178,7.077824961,2742.0,2266.0,2272.0,2737.0,2260.0,2747.0,25.8658435,ais/manual,True,False,9999.99,9999.99,HIGH
validation,GRD,a1a21a222e244555v,a1a21a222e244555v_004.30762915399999979371_008.41361213399999918749,S1A_IW_GRDH_1SDV_20200214T174431_20200214T174456_031252_03982E_1024,4.307629154,8.413612134,18184.0,883.0,887.0,18181.0,878.0,18187.0,28.97941499,ais/manual,True,False,9999.99,9999.99,HIGH
validation,GRD,a1a21a222e244555v,a1a21a222e244555v_004.15555126900000004753_007.96560109799999960245,S1A_IW_GRDH_1SDV_20200214T174431_20200214T174456_031252_03982E_1024,4.155551269,7.965601098,12973.0,1508.0,1517.0,12968.0,1498.0,12978.0,53.23664531,ais/manual,True,False,9999.99,9999.99,HIGH
validation,GRD,a1a21a222e244555v,a1a21a222e244555v_004.22080180599999987834_007.99101255600000026647,S1A_IW_GRDH_1SDV_20200214T174431_20200214T174456_031252_03982E_1024,4.220801806,7.991012556,13395.0,869.0,875.0,13390.0,863.0,13400.0,73.11175222,ais/manual,True,False,9999.99,9999.99,HIGH
validation,GRD,a1a21a222e244555v,a1a21a222e244555v_003.56630455800000012445_007.38372899300000007372,S1A_IW_GRDH_1SDV_20200214T174431_20200214T174456_031252_03982E_1024,3.566304558,7.383728992999999,5322.0,6483.0,6487.0,5318.0,6480.0,5327.0,57.50895764,ais/manual,True,False,9999.99,9999.99,HIGH
validation,GRD,a1a21a222e244555v,a1a21a222e244555v_004.22793775099999979972_008.05479272700000059615,S1A_IW_GRDH_1SDV_20200214T174431_20200214T174456_031252_03982E_1024,4.227937751,8.054792727,14105.0,935.0,950.0,14090.0,920.0,14119.0,192.5508646,ais/manual,True,False,9999.99,9999.99,HIGH
validation,GRD,a1a21a222e244555v,a1a21a222e244555v_003.84476416700000012128_006.96911710799999983834,S1A_IW_GRDH_1SDV_20200214T174431_20200214T174456_031252_03982E_1024,3.844764167,6.969117108,1439.0,2592.0,2595.0,1436.0,2589.0,1442.0,44.19076193,ais/manual,True,False,9999.99,9999.99,HIGH
validation,GRD,a1a21a222e244555v,a1a21a222e244555v_004.15265376099999983239_008.03452278399999997305,S1A_IW_GRDH_1SDV_20200214T174431_20200214T174456_031252_03982E_1024,4.152653761,8.034522784,13716.0,1692.0,1700.0,13711.0,1685.0,13721.0,86.26672579999997,ais/manual,True,False,9999.99,9999.99,HIGH
validation,GRD,a1a21a222e244555v,a1a21a222e244555v_003.97306253600000003345_007.80038344400000038803,S1A_IW_GRDH_1SDV_20200214T174431_20200214T174456_031252_03982E_1024,3.973062536,7.800383443999999,10768.0,3084.0,3087.0,10765.0,3082.0,10770.0,28.82779072,ais/manual,True,False,9999.99,9999.99,HIGH
validation,GRD,a1a21a222e244555v,a1a21a222e244555v_004.25981559600000014854_008.16513126199999916821,S1A_IW_GRDH_1SDV_20200214T174431_20200214T174456_031252_03982E_1024,4.259815596,8.165131262000001,15376.0,840.0,843.0,15373.0,838.0,15378.0,47.62633751,ais/manual,True,False,9999.99,9999.99,HIGH
validation,GRD,a1a21a222e244555v,a1a21a222e244555v_003.78671362700000013746_008.72865692200000076184,S1A_IW_GRDH_1SDV_20200214T174431_20200214T174456_031252_03982E_1024,3.786713627,8.728656922,20448.0,7140.0,7141.0,20447.0,7138.0,20449.0,29.86707409,ais/manual,True,False,0.5432886140078517,0.6644375860751588,HIGH
validation,GRD,a1a21a222e244555v,a1a21a222e244555v_004.03220877700000013277_007.52190835100000043667,S1A_IW_GRDH_1SDV_20200214T174431_20200214T174456_031252_03982E_1024,4.032208777,7.521908351,7872.0,1833.0,1846.0,7850.0,1819.0,7894.0,130.9845535,ais/manual,True,False,9999.99,9999.99,HIGH
validation,GRD,a1a21a222e244555v,a1a21a222e244555v_004.17974574600000003954_008.24026743800000005535,S1A_IW_GRDH_1SDV_20200214T174431_20200214T174456_031252_03982E_1024,4.179745746,8.240267438,16014.0,1861.0,1863.0,16013.0,1859.0,16015.0,50.29913023,ais/manual,True,False,9999.99,9999.99,HIGH
validation,GRD,a1a21a222e244555v,a1a21a222e244555v_003.96113593900000005021_008.01511527100000087387,S1A_IW_GRDH_1SDV_20200214T174431_20200214T174456_031252_03982E_1024,3.961135939,8.015115271,13077.0,3690.0,3693.0,13072.0,3686.0,13081.0,43.34686628,ais/manual,True,False,9999.99,9999.99,HIGH
validation,GRD,a1a21a222e244555v,a1a21a222e244555v_004.25671835500000028674_008.81356873200000023871,S1A_IW_GRDH_1SDV_20200214T174431_20200214T174456_031252_03982E_1024,4.256718355,8.813568732,22420.0,2313.0,2317.0,22416.0,2310.0,22423.0,31.82624221,ais/manual,True,True,9999.99,9999.99,HIGH
validation,GRD,a1a21a222e244555v,a1a21a222e244555v_004.12171180799999969935_008.10653987000000064711,S1A_IW_GRDH_1SDV_20200214T174431_20200214T174456_031252_03982E_1024,4.121711808,8.10653987,14430.0,2182.0,2191.0,14425.0,2174.0,14436.0,66.12856052,ais/manual,True,False,9999.99,9999.99,HIGH
validation,GRD,a1a21a222e244555v,a1a21a222e244555v_004.23419716200000006978_008.83682286900000057983,S1A_IW_GRDH_1SDV_20200214T174431_20200214T174456_031252_03982E_1024,4.234197162,8.836822869,22622.0,2605.0,2610.0,22619.0,2601.0,22626.0,23.95771099,ais/manual,True,True,9999.99,9999.99,HIGH
validation,GRD,a1a21a222e244555v,a1a21a222e244555v_004.31580261000000042770_008.34205374599999949226,S1A_IW_GRDH_1SDV_20200214T174431_20200214T174456_031252_03982E_1024,4.31580261,8.342053746,17424.0,636.0,640.0,17422.0,633.0,17427.0,,ais/manual,True,False,9999.99,9999.99,HIGH
validation,GRD,a1a21a222e244555v,a1a21a222e244555v_004.13127619800000012162_008.48690226000000080830,S1A_IW_GRDH_1SDV_20200214T174431_20200214T174456_031252_03982E_1024,4.131276198,8.48690226,18588.0,2926.0,2930.0,18585.0,2923.0,18590.0,29.77032613,ais/manual,True,False,9999.99,9999.99,HIGH
validation,GRD,a1a21a222e244555v,a1a21a222e244555v_004.17473515200000022674_008.54498981699999937689,S1A_IW_GRDH_1SDV_20200214T174431_20200214T174456_031252_03982E_1024,4.174735152,8.544989817000001,19316.0,2592.0,2594.0,19315.0,2591.0,19318.0,31.54412368,ais/manual,True,False,9999.99,9999.99,HIGH
validation,GRD,a1a21a222e244555v,a1a21a222e244555v_004.22985167199999967380_007.99442456099999976260,S1A_IW_GRDH_1SDV_20200214T174431_20200214T174456_031252_03982E_1024,4.229851672,7.9944245610000015,13453.0,780.0,785.0,13446.0,775.0,13459.0,74.11370321,ais/manual,True,False,9999.99,9999.99,HIGH
validation,GRD,0157baf3866b2cf9v,0157baf3866b2cf9v_005.51758459900000008957_004.94798158800000020818,S1A_IW_GRDH_1SDV_20200226T052146_20200226T052215_031419_039DEC_689A,5.517584599,4.947981588,24339.0,4449.0,4453.0,24336.0,4446.0,24341.0,56.06938899,ais/manual,True,False,9999.99,9999.99,HIGH
validation,GRD,0157baf3866b2cf9v,0157baf3866b2cf9v_005.64855616400000037913_004.92672268200000029736,S1A_IW_GRDH_1SDV_20200226T052146_20200226T052215_031419_039DEC_689A,5.648556164,4.926722682,24858.0,5804.0,5805.0,24856.0,5802.0,24860.0,27.2739762,ais/manual,True,True,9999.99,9999.99,HIGH
validation,GRD,0157baf3866b2cf9v,0157baf3866b2cf9v_005.46674571199999981275_004.94310254600000043013,S1A_IW_GRDH_1SDV_20200226T052146_20200226T052215_031419_039DEC_689A,5.466745712000001,4.943102546,24280.0,3895.0,3898.0,24277.0,3891.0,24282.0,36.96818167,ais/manual,True,False,9999.99,9999.99,HIGH
validation,GRD,0157baf3866b2cf9v,0157baf3866b2cf9v_005.43019306999999962215_005.07878889399999966514,S1A_IW_GRDH_1SDV_20200226T052146_20200226T052215_031419_039DEC_689A,5.43019307,5.078788894,22725.0,3802.0,3806.0,22722.0,3798.0,22729.0,33.50768352,ais/manual,True,False,9999.99,9999.99,HIGH
validation,GRD,0157baf3866b2cf9v,0157baf3866b2cf9v_005.43503202299999976788_005.08731346099999992560,S1A_IW_GRDH_1SDV_20200226T052146_20200226T052215_031419_039DEC_689A,5.435032023,5.087313461,22644.0,3872.0,3879.0,22638.0,3866.0,22648.0,157.6096996,ais/manual,True,False,9999.99,9999.99,HIGH
validation,GRD,0157baf3866b2cf9v,0157baf3866b2cf9v_005.15289289000000039209_005.25258410699999966909,S1A_IW_GRDH_1SDV_20200226T052146_20200226T052215_031419_039DEC_689A,5.15289289,5.252584107,20225.0,1220.0,1226.0,20221.0,1215.0,20229.0,33.98027131,ais/manual,True,True,9999.99,9.358295767171787,HIGH
validation,GRD,0157baf3866b2cf9v,0157baf3866b2cf9v_005.56352251499999983508_005.04161321499999992568,S1A_IW_GRDH_1SDV_20200226T052146_20200226T052215_031419_039DEC_689A,5.563522515,5.041613215,23423.0,5146.0,5151.0,23418.0,5141.0,23429.0,81.08913685,ais/manual,True,False,9999.99,9999.99,HIGH
validation,GRD,0157baf3866b2cf9v,0157baf3866b2cf9v_005.62481291000000016567_004.93814780599999991750,S1A_IW_GRDH_1SDV_20200226T052146_20200226T052215_031419_039DEC_689A,5.62481291,4.938147806,24682.0,5575.0,5580.0,24678.0,5569.0,24686.0,38.61720056,ais/manual,True,True,9999.99,9999.99,HIGH
validation,GRD,0157baf3866b2cf9v,0157baf3866b2cf9v_005.44915475699999962700_005.08001689800000022501,S1A_IW_GRDH_1SDV_20200226T052146_20200226T052215_031419_039DEC_689A,5.4491547570000005,5.080016898,22754.0,4007.0,4011.0,22751.0,4004.0,22757.0,30.29911089,ais/manual,True,True,9999.99,9999.99,HIGH
validation,GRD,0157baf3866b2cf9v,0157baf3866b2cf9v_005.45767222200000023946_005.01655802400000006003,S1A_IW_GRDH_1SDV_20200226T052146_20200226T052215_031419_039DEC_689A,5.457672222,5.016558024,23462.0,3959.0,3965.0,23451.0,3953.0,23472.0,98.60709539,ais/manual,True,False,9999.99,9999.99,HIGH
validation,GRD,0157baf3866b2cf9v,0157baf3866b2cf9v_005.51926270099999971563_004.99579356699999976854,S1A_IW_GRDH_1SDV_20200226T052146_20200226T052215_031419_039DEC_689A,5.5192627010000015,4.995793567,23823.0,4572.0,4574.0,23822.0,4570.0,23825.0,49.34071211,ais/manual,True,False,9999.99,9999.99,HIGH
validation,GRD,0157baf3866b2cf9v,0157baf3866b2cf9v_005.31624315799999980214_005.15723026900000025563,S1A_IW_GRDH_1SDV_20200226T052146_20200226T052215_031419_039DEC_689A,5.316243158,5.157230268999999,21622.0,2756.0,2765.0,21609.0,2746.0,21635.0,108.8920248,ais/manual,True,False,9999.99,9999.99,HIGH
validation,GRD,0157baf3866b2cf9v,0157baf3866b2cf9v_005.43978130200000009609_005.06818954099999974261,S1A_IW_GRDH_1SDV_20200226T052146_20200226T052215_031419_039DEC_689A,5.439781302,5.068189541000001,22862.0,3881.0,3891.0,22848.0,3872.0,22875.0,203.0646699,ais/manual,True,False,9999.99,9999.99,HIGH
validation,GRD,0157baf3866b2cf9v,0157baf3866b2cf9v_005.57769947899999962715_004.97630324400000034757,S1A_IW_GRDH_1SDV_20200226T052146_20200226T052215_031419_039DEC_689A,5.577699479,4.976303244,24164.0,5154.0,5157.0,24161.0,5152.0,24166.0,25.82376094,ais/manual,True,True,9999.99,9999.99,HIGH
validation,GRD,0157baf3866b2cf9v,0157baf3866b2cf9v_005.05238541800000007242_005.21598864899999981048,S1A_IW_GRDH_1SDV_20200226T052146_20200226T052215_031419_039DEC_689A,5.052385418,5.215988649,20400.0,66.0,72.0,20395.0,59.0,20405.0,32.22815658,ais/manual,True,True,9999.99,9999.99,HIGH
validation,GRD,0157baf3866b2cf9v,0157baf3866b2cf9v_005.17129699200000025883_005.25058506299999994127,S1A_IW_GRDH_1SDV_20200226T052146_20200226T052215_031419_039DEC_689A,5.171296992,5.250585063,20287.0,1413.0,1417.0,20285.0,1409.0,20289.0,31.52240431,ais/manual,True,True,9999.99,9.866628486897191,HIGH
validation,GRD,0157baf3866b2cf9v,0157baf3866b2cf9v_005.47911329699999960496_004.93050169999999976511,S1A_IW_GRDH_1SDV_20200226T052146_20200226T052215_031419_039DEC_689A,5.4791132970000005,4.9305017,24444.0,3999.0,4005.0,24439.0,3994.0,24449.0,62.25506206,ais/manual,True,False,9999.99,9999.99,HIGH
validation,GRD,0157baf3866b2cf9v,0157baf3866b2cf9v_005.38012596599999959324_005.15340885999999986922,S1A_IW_GRDH_1SDV_20200226T052146_20200226T052215_031419_039DEC_689A,5.3801259660000005,5.15340886,21805.0,3431.0,3438.0,21800.0,3423.0,21809.0,29.66751134,ais/manual,True,True,9999.99,9999.99,HIGH
validation,GRD,0157baf3866b2cf9v,0157baf3866b2cf9v_005.52095773799999989251_004.87438253699999979318,S1A_IW_GRDH_1SDV_20200226T052146_20200226T052215_031419_039DEC_689A,5.520957738,4.874382537,25145.0,4324.0,4328.0,25142.0,4319.0,25149.0,37.3480466,ais/manual,True,False,9999.99,9999.99,HIGH
validation,GRD,0157baf3866b2cf9v,0157baf3866b2cf9v_005.09500806199999978219_005.28038153299999990509,S1A_IW_GRDH_1SDV_20200226T052146_20200226T052215_031419_039DEC_689A,5.095008062,5.280381533,19795.0,663.0,667.0,19791.0,660.0,19798.0,24.38426156,ais/manual,True,True,9999.99,8.516014738444873,HIGH
validation,GRD,758991708403f218v,758991708403f218v_004.05389638100000038179_007.52611313800000036878,S1A_IW_GRDH_1SDV_20200321T174431_20200321T174456_031777_03AA65_8AB1,4.053896381,7.526113137999999,7976.0,1610.0,1617.0,7970.0,1602.0,7981.0,77.48343419,ais/manual,True,False,9999.99,9999.99,HIGH
validation,GRD,758991708403f218v,758991708403f218v_004.34868589199999977524_008.76822487799999983338,S1A_IW_GRDH_1SDV_20200321T174431_20200321T174456_031777_03AA65_8AB1,4.348685892,8.768224878,22141.0,1230.0,1232.0,22137.0,1227.0,22144.0,24.14885726,ais/manual,True,True,9999.99,9999.99,HIGH
validation,GRD,758991708403f218v,758991708403f218v_003.97384637100000004395_007.79706117000000009654,S1A_IW_GRDH_1SDV_20200321T174431_20200321T174456_031777_03AA65_8AB1,3.973846371,7.79706117,10743.0,3067.0,3069.0,10740.0,3064.0,10745.0,34.88459362,ais/manual,True,False,9999.99,9999.99,HIGH
validation,GRD,758991708403f218v,758991708403f218v_004.26413070200000010601_008.62064379299999927753,S1A_IW_GRDH_1SDV_20200321T174431_20200321T174456_031777_03AA65_8AB1,4.264130702,8.620643793,20348.0,1805.0,1808.0,20345.0,1801.0,20350.0,31.54412368,ais/manual,True,False,9999.99,9999.99,HIGH
validation,GRD,758991708403f218v,758991708403f218v_004.08214496899999979007_008.01930506699999945397,S1A_IW_GRDH_1SDV_20200321T174431_20200321T174456_031777_03AA65_8AB1,4.082144969,8.019305067000001,13402.0,2408.0,2413.0,13399.0,2403.0,13405.0,84.20697969,ais/manual,True,False,9999.99,9999.99,HIGH
validation,GRD,758991708403f218v,758991708403f218v_004.25531110699999981506_008.40726536999999929378,S1A_IW_GRDH_1SDV_20200321T174431_20200321T174456_031777_03AA65_8AB1,4.255311107,8.40726537,18008.0,1425.0,1432.0,18004.0,1418.0,18012.0,33.03153856,ais/manual,True,False,9999.99,9999.99,HIGH
validation,GRD,758991708403f218v,758991708403f218v_003.85791688800000009962_006.99781174399999983393,S1A_IW_GRDH_1SDV_20200321T174431_20200321T174456_031777_03AA65_8AB1,3.857916888,6.997811744,1790.0,2515.0,2523.0,1786.0,2508.0,1794.0,80.37391206,ais/manual,True,False,9999.99,9999.99,HIGH
validation,GRD,758991708403f218v,758991708403f218v_004.25142264099999955818_008.40916063100000066299,S1A_IW_GRDH_1SDV_20200321T174431_20200321T174456_031777_03AA65_8AB1,4.251422641,8.409160631,18020.0,1471.0,1474.0,18017.0,1468.0,18022.0,33.84257402,ais/manual,True,False,9999.99,9999.99,HIGH
validation,GRD,758991708403f218v,758991708403f218v_003.93223832299999997986_008.07928727500000043449,S1A_IW_GRDH_1SDV_20200321T174431_20200321T174456_031777_03AA65_8AB1,3.932238323,8.079287275,13719.0,4139.0,4146.0,13713.0,4133.0,13725.0,61.7724198,ais/manual,True,False,9999.99,9999.99,HIGH
validation,GRD,758991708403f218v,758991708403f218v_004.15326071999999957285_008.03381251599999934854,S1A_IW_GRDH_1SDV_20200321T174431_20200321T174456_031777_03AA65_8AB1,4.15326072,8.033812516000001,13719.0,1683.0,1686.0,13717.0,1680.0,13721.0,38.17741089,ais/manual,True,False,9999.99,9999.99,HIGH
validation,GRD,758991708403f218v,758991708403f218v_004.32701895200000041797_008.27005253799999984210,S1A_IW_GRDH_1SDV_20200321T174431_20200321T174456_031777_03AA65_8AB1,4.327018952,8.270052538,16676.0,355.0,362.0,16668.0,349.0,16684.0,120.08,ais/manual,True,False,9999.99,9999.99,HIGH
validation,GRD,758991708403f218v,758991708403f218v_004.23056108699999988687_008.24230179099999915593,S1A_IW_GRDH_1SDV_20200321T174431_20200321T174456_031777_03AA65_8AB1,4.230561087,8.242301791000001,16159.0,1322.0,1326.0,16156.0,1319.0,16161.0,53.09308034,ais/manual,True,False,9999.99,9999.99,HIGH
validation,GRD,758991708403f218v,758991708403f218v_004.11626608100000002111_008.11286325800000085451,S1A_IW_GRDH_1SDV_20200321T174431_20200321T174456_031777_03AA65_8AB1,4.116266081,8.112863257999999,14496.0,2253.0,2260.0,14492.0,2245.0,14500.0,37.47632022,ais/manual,True,False,9999.99,9999.99,HIGH
validation,GRD,758991708403f218v,758991708403f218v_003.61143599999999986849_007.40085267999999985022,S1A_IW_GRDH_1SDV_20200321T174431_20200321T174456_031777_03AA65_8AB1,3.611436,7.40085268,5620.0,6040.0,6046.0,5616.0,6035.0,5625.0,48.48738400000001,ais/manual,True,False,9999.99,9999.99,HIGH
validation,GRD,758991708403f218v,758991708403f218v_004.36472329600000019667_008.34905204000000011888,S1A_IW_GRDH_1SDV_20200321T174431_20200321T174456_031777_03AA65_8AB1,4.364723296,8.34905204,17619.0,129.0,132.0,17616.0,125.0,17621.0,36.32420252,ais/manual,True,False,9999.99,9999.99,HIGH
validation,GRD,758991708403f218v,758991708403f218v_003.77899639699999978504_008.07260830699999942794,S1A_IW_GRDH_1SDV_20200321T174431_20200321T174456_031777_03AA65_8AB1,3.778996397,8.072608307000001,13303.0,5757.0,5762.0,13298.0,5753.0,13309.0,73.17978744,ais/manual,True,False,9999.99,9999.99,HIGH
validation,GRD,758991708403f218v,758991708403f218v_004.11089448999999973466_008.16448938899999987484,S1A_IW_GRDH_1SDV_20200321T174431_20200321T174456_031777_03AA65_8AB1,4.11089449,8.164489389,15045.0,2425.0,2426.0,15043.0,2424.0,15048.0,41.91374054,ais/manual,True,False,9999.99,9999.99,HIGH
validation,GRD,758991708403f218v,758991708403f218v_004.23409530099999997788_007.75775215599999956595,S1A_IW_GRDH_1SDV_20200321T174431_20200321T174456_031777_03AA65_8AB1,4.234095301,7.757752156,10898.0,207.0,214.0,10895.0,200.0,10901.0,51.24946674,ais/manual,True,False,9999.99,9999.99,HIGH
validation,GRD,758991708403f218v,758991708403f218v_004.26076843400000004891_008.59135879799999990780,S1A_IW_GRDH_1SDV_20200321T174431_20200321T174456_031777_03AA65_8AB1,4.260768434,8.591358798,20022.0,1775.0,1780.0,20019.0,1771.0,20025.0,34.73114993,ais/manual,True,False,9999.99,9999.99,HIGH
validation,GRD,758991708403f218v,758991708403f218v_004.10213002600000020692_008.17413784700000078942,S1A_IW_GRDH_1SDV_20200321T174431_20200321T174456_031777_03AA65_8AB1,4.102130026,8.174137847,15131.0,2540.0,2547.0,15123.0,2533.0,15139.0,47.74835653,ais/manual,True,False,9999.99,9999.99,HIGH
validation,GRD,758991708403f218v,758991708403f218v_004.13886487100000000083_008.09905440900000073157,S1A_IW_GRDH_1SDV_20200321T174431_20200321T174456_031777_03AA65_8AB1,4.138864871,8.099054408999999,14396.0,1981.0,1985.0,14392.0,1978.0,14401.0,47.94980113,ais/manual,True,False,9999.99,9999.99,HIGH
validation,GRD,758991708403f218v,758991708403f218v_004.22214268000000014780_008.33475612099999985105,S1A_IW_GRDH_1SDV_20200321T174431_20200321T174456_031777_03AA65_8AB1,4.22214268,8.334756121,17145.0,1618.0,1622.0,17142.0,1613.0,17149.0,32.00512505,ais/manual,True,False,9999.99,9999.99,HIGH
validation,GRD,758991708403f218v,758991708403f218v_004.03318006900000014525_007.52290843100000028443,S1A_IW_GRDH_1SDV_20200321T174431_20200321T174456_031777_03AA65_8AB1,4.033180069,7.522908431,7894.0,1823.0,1846.0,7882.0,1800.0,7907.0,130.9845535,ais/manual,True,False,9999.99,9999.99,HIGH
validation,GRD,758991708403f218v,758991708403f218v_004.08434972900000037299_007.61369275200000039661,S1A_IW_GRDH_1SDV_20200321T174431_20200321T174456_031777_03AA65_8AB1,4.084349729,7.613692752,8996.0,1481.0,1483.0,8994.0,1479.0,9000.0,56.43984141,ais/manual,True,False,9999.99,9999.99,HIGH
validation,GRD,758991708403f218v,758991708403f218v_004.30528616199999980552_008.16085796800000018436,S1A_IW_GRDH_1SDV_20200321T174431_20200321T174456_031777_03AA65_8AB1,4.305286162,8.160857968,15440.0,345.0,348.0,15438.0,341.0,15443.0,49.83322231,ais/manual,True,False,9999.99,9999.99,HIGH
validation,GRD,758991708403f218v,758991708403f218v_004.28412297499999983330_008.16457551999999964210,S1A_IW_GRDH_1SDV_20200321T174431_20200321T174456_031777_03AA65_8AB1,4.284122975,8.16457552,15433.0,579.0,583.0,15428.0,574.0,15439.0,110.673668,ais/manual,True,False,9999.99,9999.99,HIGH
validation,GRD,758991708403f218v,758991708403f218v_004.27032531399999992772_008.29704905100000011942,S1A_IW_GRDH_1SDV_20200321T174431_20200321T174456_031777_03AA65_8AB1,4.270325314,8.297049051,16843.0,1020.0,1022.0,16841.0,1018.0,16845.0,39.44467541,ais/manual,True,False,9999.99,9999.99,HIGH
validation,GRD,758991708403f218v,758991708403f218v_004.13667265499999992073_008.47762999000000050387,S1A_IW_GRDH_1SDV_20200321T174431_20200321T174456_031777_03AA65_8AB1,4.136672655,8.47762999,18508.0,2847.0,2855.0,18505.0,2838.0,18512.0,37.84694686,ais/manual,True,False,9999.99,9999.99,HIGH
validation,GRD,758991708403f218v,758991708403f218v_004.22827664600000030504_008.05678568099999914409,S1A_IW_GRDH_1SDV_20200321T174431_20200321T174456_031777_03AA65_8AB1,4.228276646,8.056785681000001,14137.0,934.0,941.0,14132.0,928.0,14141.0,45.04131591,ais/manual,True,False,9999.99,9999.99,HIGH
validation,GRD,758991708403f218v,758991708403f218v_004.04438718000000019259_007.51892550400000025945,S1A_IW_GRDH_1SDV_20200321T174431_20200321T174456_031777_03AA65_8AB1,4.04438718,7.5189255039999985,7876.0,1695.0,1698.0,7874.0,1692.0,7879.0,72.95952861,ais/manual,True,False,9999.99,9999.99,HIGH
validation,GRD,758991708403f218v,758991708403f218v_004.31241473600000002619_008.78950429400000032842,S1A_IW_GRDH_1SDV_20200321T174431_20200321T174456_031777_03AA65_8AB1,4.312414736,8.789504294,22291.0,1664.0,1666.0,22289.0,1662.0,22294.0,25.53221667,ais/manual,True,True,9999.99,9999.99,HIGH
validation,GRD,758991708403f218v,758991708403f218v_004.10095219200000027371_008.17233731099999971548,S1A_IW_GRDH_1SDV_20200321T174431_20200321T174456_031777_03AA65_8AB1,4.100952192,8.172337311,15109.0,2548.0,2557.0,15104.0,2541.0,15113.0,78.76061189,ais/manual,True,False,9999.99,9999.99,HIGH
validation,GRD,758991708403f218v,758991708403f218v_004.11209612900000021085_008.02782664399999923432,S1A_IW_GRDH_1SDV_20200321T174431_20200321T174456_031777_03AA65_8AB1,4.112096128999998,8.027826644,13562.0,2108.0,2114.0,13556.0,2102.0,13568.0,52.91882027,ais/manual,True,False,9999.99,9999.99,HIGH
validation,GRD,758991708403f218v,758991708403f218v_003.99031208499999978656_007.29029724399999956574,S1A_IW_GRDH_1SDV_20200321T174431_20200321T174456_031777_03AA65_8AB1,3.990312085,7.290297244,5268.0,1760.0,1781.0,5255.0,1740.0,5283.0,38.25984594,ais/manual,True,False,9999.99,9999.99,HIGH
validation,GRD,758991708403f218v,758991708403f218v_003.34358882999999984520_007.06218182900000002178,S1A_IW_GRDH_1SDV_20200321T174431_20200321T174456_031777_03AA65_8AB1,3.34358883,7.062181829,1332.0,8131.0,8139.0,1327.0,8122.0,1337.0,42.05927524,ais/manual,True,False,9999.99,9999.99,HIGH
validation,GRD,758991708403f218v,758991708403f218v_004.16674180199999977248_008.53302215199999913864,S1A_IW_GRDH_1SDV_20200321T174431_20200321T174456_031777_03AA65_8AB1,4.166741802,8.533022152000001,19178.0,2649.0,2652.0,19175.0,2646.0,19180.0,34.70242133,ais/manual,True,False,9999.99,9999.99,HIGH
validation,GRD,758991708403f218v,758991708403f218v_004.22079438499999959333_008.07805793100000002482,S1A_IW_GRDH_1SDV_20200321T174431_20200321T174456_031777_03AA65_8AB1,4.220794385,8.078057931,14351.0,1061.0,1069.0,14346.0,1054.0,14356.0,56.6263747,ais/manual,True,False,9999.99,9999.99,HIGH
validation,GRD,758991708403f218v,758991708403f218v_003.97864022999999988883_007.73680252399999979218,S1A_IW_GRDH_1SDV_20200321T174431_20200321T174456_031777_03AA65_8AB1,3.97864023,7.736802524,10098.0,2881.0,2885.0,10095.0,2878.0,10102.0,45.40728906,ais/manual,True,False,9999.99,9999.99,HIGH
validation,GRD,4a97701b4bd81bf7v,4a97701b4bd81bf7v_057.42223613000000170814_006.88539689400000032293,S1A_IW_GRDH_1SDV_20200403T054836_20200403T054901_031959_03B0CA_B9A4,57.42223613,6.885396893999999,17463.0,5089.0,5104.0,17456.0,5075.0,17469.0,101.0393915,ais/manual,True,False,9999.99,9999.99,HIGH
validation,GRD,4a97701b4bd81bf7v,4a97701b4bd81bf7v_057.54533916999999831887_008.17405951699999988591,S1A_IW_GRDH_1SDV_20200403T054836_20200403T054901_031959_03B0CA_B9A4,57.54533917,8.174059517,10109.0,7782.0,7794.0,10102.0,7771.0,10116.0,93.06841697,ais/manual,True,False,9999.99,9999.99,HIGH
validation,GRD,4a97701b4bd81bf7v,4a97701b4bd81bf7v_057.37342196000000171807_008.19123042100000020582,S1A_IW_GRDH_1SDV_20200403T054836_20200403T054901_031959_03B0CA_B9A4,57.37342196,8.191230421,9643.0,5947.0,5958.0,9630.0,5936.0,9656.0,130.8532364,ais/manual,True,False,9999.99,9999.99,HIGH
validation,GRD,4a97701b4bd81bf7v,4a97701b4bd81bf7v_057.38422496999999822265_006.19137941800000035641,S1A_IW_GRDH_1SDV_20200403T054836_20200403T054901_031959_03B0CA_B9A4,57.38422497,6.191379418,21505.0,3997.0,4003.0,21498.0,3992.0,21510.0,83.0,ais/manual,True,True,9999.99,9999.99,HIGH
validation,GRD,4a97701b4bd81bf7v,4a97701b4bd81bf7v_057.00903629999999822076_008.20343595099999944864,S1A_IW_GRDH_1SDV_20200403T054836_20200403T054901_031959_03B0CA_B9A4,57.0090363,8.203435951,8792.0,2031.0,2045.0,8785.0,2018.0,8798.0,57.34035285,ais/manual,True,False,9999.99,9999.99,HIGH
validation,GRD,4a97701b4bd81bf7v,4a97701b4bd81bf7v_057.68794790999999833048_007.82746857099999981955,S1A_IW_GRDH_1SDV_20200403T054836_20200403T054901_031959_03B0CA_B9A4,57.68794791,7.827468571,12442.0,8945.0,8951.0,12432.0,8940.0,12452.0,154.05882490000005,ais/manual,True,False,9999.99,9999.99,HIGH
validation,GRD,4a97701b4bd81bf7v,4a97701b4bd81bf7v_057.73662843999999694233_009.55444375000000079012,S1A_IW_GRDH_1SDV_20200403T054836_20200403T054901_031959_03B0CA_B9A4,57.73662844,9.55444375,2456.0,11438.0,11445.0,2450.0,11431.0,2463.0,139.8971735,ais/manual,True,False,9999.99,9999.99,HIGH
validation,GRD,4a97701b4bd81bf7v,4a97701b4bd81bf7v_058.29600041999999859854_008.74501756799999974135,S1A_IW_GRDH_1SDV_20200403T054836_20200403T054901_031959_03B0CA_B9A4,58.29600042,8.745017568,8404.0,16511.0,16514.0,8401.0,16507.0,8407.0,27.13,ais/manual,True,True,5.209488779889582,7.8254510415259375,HIGH
validation,GRD,4a97701b4bd81bf7v,4a97701b4bd81bf7v_057.62953260999999827163_005.84657224700000011097,S1A_IW_GRDH_1SDV_20200403T054836_20200403T054901_031959_03B0CA_B9A4,57.62953261,5.846572247,23982.0,6348.0,6366.0,23975.0,6330.0,23990.0,78.21275496,ais/manual,True,False,9999.99,9999.99,HIGH
validation,GRD,4a97701b4bd81bf7v,4a97701b4bd81bf7v_057.68996005999999709957_007.09816196299999990771,S1A_IW_GRDH_1SDV_20200403T054836_20200403T054901_031959_03B0CA_B9A4,57.68996006,7.098161963,16726.0,8208.0,8216.0,16714.0,8199.0,16737.0,180.9411697,ais/manual,True,False,9999.99,9999.99,HIGH
validation,GRD,4a97701b4bd81bf7v,4a97701b4bd81bf7v_057.95857236999999884119_007.76659672899999975471,S1A_IW_GRDH_1SDV_20200403T054836_20200403T054901_031959_03B0CA_B9A4,57.95857237,7.766596729,13353.0,11807.0,11815.0,13346.0,11799.0,13360.0,81.84341051,ais/manual,True,False,5.333744398882012,9.068446884325208,HIGH
validation,GRD,4a97701b4bd81bf7v,4a97701b4bd81bf7v_057.77842960000000260834_009.58719982600000086848,S1A_IW_GRDH_1SDV_20200403T054836_20200403T054901_031959_03B0CA_B9A4,57.7784296,9.587199826,2363.0,11926.0,11934.0,2353.0,11917.0,2373.0,129.58540449999998,ais/manual,True,False,9999.99,9999.99,HIGH
validation,GRD,4a97701b4bd81bf7v,4a97701b4bd81bf7v_057.74037245000000240225_009.67174308699999940586,S1A_IW_GRDH_1SDV_20200403T054836_20200403T054901_031959_03B0CA_B9A4,57.74037245,9.671743087,1782.0,11620.0,11627.0,1776.0,11614.0,1787.0,74.6,ais/manual,True,True,9999.99,9999.99,HIGH
validation,GRD,4a97701b4bd81bf7v,4a97701b4bd81bf7v_057.77736416999999846666_007.41006406500000025517,S1A_IW_GRDH_1SDV_20200403T054836_20200403T054901_031959_03B0CA_B9A4,57.77736417,7.410064065,15069.0,9474.0,9481.0,15054.0,9465.0,15084.0,249.99,ais/manual,True,False,9999.99,9999.99,HIGH
validation,GRD,4a97701b4bd81bf7v,4a97701b4bd81bf7v_057.73761446000000319145_009.35476161799999950119,S1A_IW_GRDH_1SDV_20200403T054836_20200403T054901_031959_03B0CA_B9A4,57.73761446,9.354761618,3622.0,11209.0,11216.0,3608.0,11201.0,3636.0,157.45130680000003,ais/manual,True,False,9999.99,9999.99,HIGH
validation,GRD,4a97701b4bd81bf7v,4a97701b4bd81bf7v_057.97510278000000027987_009.41560078400000044496,S1A_IW_GRDH_1SDV_20200403T054836_20200403T054901_031959_03B0CA_B9A4,57.97510278,9.415600784,3815.0,13831.0,13836.0,3811.0,13825.0,3819.0,22.0,ais/manual,True,True,9999.99,9999.99,HIGH
validation,GRD,4a97701b4bd81bf7v,4a97701b4bd81bf7v_057.82309793000000297525_009.87833821499999942262,S1A_IW_GRDH_1SDV_20200403T054836_20200403T054901_031959_03B0CA_B9A4,57.82309793,9.878338215,776.0,12760.0,12770.0,764.0,12748.0,788.0,149.08149719999997,ais/manual,True,False,9999.99,9999.99,HIGH
validation,GRD,4a97701b4bd81bf7v,4a97701b4bd81bf7v_057.83503335999999706019_008.49988256399999997370,S1A_IW_GRDH_1SDV_20200403T054836_20200403T054901_031959_03B0CA_B9A4,57.83503336,8.499882564,8822.0,11269.0,11278.0,8816.0,11258.0,8828.0,75.4,ais/manual,True,True,9999.99,9999.99,HIGH
validation,GRD,4a97701b4bd81bf7v,4a97701b4bd81bf7v_057.32671610999999955993_008.42061396399999928519,S1A_IW_GRDH_1SDV_20200403T054836_20200403T054901_031959_03B0CA_B9A4,57.32671611,8.420613964,8188.0,5702.0,5706.0,8181.0,5697.0,8194.0,76.65002122,ais/manual,True,False,9999.99,9999.99,HIGH
validation,GRD,4a97701b4bd81bf7v,4a97701b4bd81bf7v_057.95655947000000196567_007.67372012500000000301,S1A_IW_GRDH_1SDV_20200403T054836_20200403T054901_031959_03B0CA_B9A4,57.95655947,7.673720125,13889.0,11688.0,11700.0,13883.0,11675.0,13895.0,68.8921557,ais/manual,True,False,3.0164994674629035,6.71500652001967,HIGH
validation,GRD,4a97701b4bd81bf7v,4a97701b4bd81bf7v_057.79668046999999830859_005.67644370200000025761,S1A_IW_GRDH_1SDV_20200403T054836_20200403T054901_031959_03B0CA_B9A4,57.79668047,5.676443702,25274.0,8018.0,8032.0,25269.0,8003.0,25278.0,31.02801415,ais/manual,True,True,9999.99,9999.99,HIGH
validation,GRD,4a97701b4bd81bf7v,4a97701b4bd81bf7v_057.12608945000000204573_008.59685537300000035543,S1A_IW_GRDH_1SDV_20200403T054836_20200403T054901_031959_03B0CA_B9A4,57.12608945,8.596855373,6705.0,3744.0,3746.0,6703.0,3741.0,6708.0,26.15,ais/manual,True,True,0.1626213977571698,0.3547090668587055,HIGH
validation,GRD,377410f6ab9824dfv,377410f6ab9824dfv_006.35803002799999994465_003.37522872600000001242,S1A_IW_GRDH_1SDV_20200407T052956_20200407T053025_032017_03B2E2_D038,6.358030028,3.3752287260000005,20923.0,11285.0,11290.0,20916.0,11280.0,20929.0,77.59637143,ais/manual,True,False,4.186001208155735,4.34097066890745,HIGH
validation,GRD,377410f6ab9824dfv,377410f6ab9824dfv_005.45526910300000000831_004.97289445300000032546,S1A_IW_GRDH_1SDV_20200407T052956_20200407T053025_032017_03B2E2_D038,5.455269102999999,4.972894453,1588.0,5167.0,5170.0,1585.0,5163.0,1592.0,34.71338041,ais/manual,True,False,9999.99,9999.99,HIGH
validation,GRD,377410f6ab9824dfv,377410f6ab9824dfv_006.36177788400000032709_003.31700163200000019970,S1A_IW_GRDH_1SDV_20200407T052956_20200407T053025_032017_03B2E2_D038,6.361777883999999,3.317001632,21562.0,11199.0,11205.0,21548.0,11192.0,21577.0,109.9630834,ais/manual,True,False,4.3334143700267385,4.704659418173804,HIGH
validation,GRD,377410f6ab9824dfv,377410f6ab9824dfv_006.32374742399999956177_003.21182807799999991971,S1A_IW_GRDH_1SDV_20200407T052956_20200407T053025_032017_03B2E2_D038,6.323747424,3.211828078,22619.0,10562.0,10568.0,22606.0,10556.0,22633.0,194.3112671,ais/manual,True,False,8.806145179436745,8.468729489581957,HIGH
validation,GRD,377410f6ab9824dfv,377410f6ab9824dfv_006.35340120700000010601_003.39584047399999988670,S1A_IW_GRDH_1SDV_20200407T052956_20200407T053025_032017_03B2E2_D038,6.353401207,3.395840474,20689.0,11281.0,11287.0,20682.0,11275.0,20695.0,91.30999194,ais/manual,True,False,4.475437736995449,4.755646120838821,HIGH
validation,GRD,377410f6ab9824dfv,377410f6ab9824dfv_006.30112446600000009056_003.22971994400000017578,S1A_IW_GRDH_1SDV_20200407T052956_20200407T053025_032017_03B2E2_D038,6.301124466,3.229719944,22376.0,10359.0,10367.0,22361.0,10352.0,22390.0,229.6130438,ais/manual,True,False,9999.99,9999.99,HIGH
validation,GRD,377410f6ab9824dfv,377410f6ab9824dfv_005.70443138500000035407_004.49718909300000024842,S1A_IW_GRDH_1SDV_20200407T052956_20200407T053025_032017_03B2E2_D038,5.704431385,4.497189093,7307.0,6770.0,6774.0,7304.0,6765.0,7310.0,56.18864083,ais/manual,True,False,9999.99,9999.99,HIGH
validation,GRD,377410f6ab9824dfv,377410f6ab9824dfv_006.30765877999999968750_003.35367492899999986022,S1A_IW_GRDH_1SDV_20200407T052956_20200407T053025_032017_03B2E2_D038,6.30765878,3.353674929,21046.0,10700.0,10706.0,21037.0,10693.0,21054.0,102.897871,ais/manual,True,False,9.931540721863223,9999.99,HIGH
validation,GRD,377410f6ab9824dfv,377410f6ab9824dfv_005.45011597500000011252_004.97278740099999971847,S1A_IW_GRDH_1SDV_20200407T052956_20200407T053025_032017_03B2E2_D038,5.450115975,4.972787401000001,1578.0,5112.0,5115.0,1575.0,5109.0,1580.0,44.8945894,ais/manual,True,False,9999.99,9999.99,HIGH
validation,GRD,377410f6ab9824dfv,377410f6ab9824dfv_006.37801583600000032703_003.38320032800000003448,S1A_IW_GRDH_1SDV_20200407T052956_20200407T053025_032017_03B2E2_D038,6.378015836,3.383200328,20880.0,11517.0,11520.0,20876.0,11513.0,20884.0,48.27690829,ais/manual,True,False,1.90104698172587,2.097658035131052,HIGH
validation,GRD,377410f6ab9824dfv,377410f6ab9824dfv_006.33977017199999970387_003.35668044700000001157,S1A_IW_GRDH_1SDV_20200407T052956_20200407T053025_032017_03B2E2_D038,6.339770172000001,3.356680447,21084.0,11050.0,11054.0,21077.0,11046.0,21090.0,64.87461302,ais/manual,True,False,6.416937001527935,6.605863054230845,HIGH
validation,GRD,377410f6ab9824dfv,377410f6ab9824dfv_006.36544217700000025673_003.38282932300000016568,S1A_IW_GRDH_1SDV_20200407T052956_20200407T053025_032017_03B2E2_D038,6.365442177,3.382829323,20856.0,11381.0,11385.0,20853.0,11378.0,20860.0,26.74146001,ais/manual,True,True,3.27477915090706,3.477423600340987,HIGH
validation,GRD,377410f6ab9824dfv,377410f6ab9824dfv_006.33060717299999975438_003.39338193499999984937,S1A_IW_GRDH_1SDV_20200407T052956_20200407T053025_032017_03B2E2_D038,6.330607173,3.393381935,20665.0,11032.0,11037.0,20663.0,11027.0,20668.0,38.95772201,ais/manual,True,False,6.967915844093394,7.222684939370592,HIGH
validation,GRD,377410f6ab9824dfv,377410f6ab9824dfv_006.37956173799999959328_003.37217001999999999029,S1A_IW_GRDH_1SDV_20200407T052956_20200407T053025_032017_03B2E2_D038,6.379561738,3.37217002,21003.0,11509.0,11514.0,20996.0,11504.0,21010.0,24.39097295,ais/manual,True,False,1.869327705615223,2.015253310416351,HIGH
validation,GRD,377410f6ab9824dfv,377410f6ab9824dfv_005.24763584799999982522_004.95906118999999989683,S1A_IW_GRDH_1SDV_20200407T052956_20200407T053025_032017_03B2E2_D038,5.247635848,4.95906119,1274.0,2924.0,2929.0,1270.0,2919.0,1278.0,30.75310309,ais/manual,True,True,9999.99,9999.99,HIGH
validation,GRD,377410f6ab9824dfv,377410f6ab9824dfv_005.43915531000000029849_005.00649297000000004232,S1A_IW_GRDH_1SDV_20200407T052956_20200407T053025_032017_03B2E2_D038,5.43915531,5.00649297,1187.0,5070.0,5075.0,1184.0,5064.0,1191.0,190.0,ais/manual,True,False,9999.99,9999.99,HIGH
validation,GRD,377410f6ab9824dfv,377410f6ab9824dfv_006.29591264799999983381_003.33278283300000000011,S1A_IW_GRDH_1SDV_20200407T052956_20200407T053025_032017_03B2E2_D038,6.295912648,3.332782833,21246.0,10529.0,10535.0,21236.0,10522.0,21257.0,92.09711576,ais/manual,True,False,9999.99,9999.99,HIGH
validation,GRD,377410f6ab9824dfv,377410f6ab9824dfv_006.31479860900000034007_003.19419412799999991037,S1A_IW_GRDH_1SDV_20200407T052956_20200407T053025_032017_03B2E2_D038,6.314798609,3.194194128,22791.0,10428.0,10433.0,22779.0,10423.0,22802.0,219.0,ais/manual,True,False,9.7531795778997,9.581076551319912,HIGH
validation,GRD,377410f6ab9824dfv,377410f6ab9824dfv_005.53387166300000021835_005.04272106099999994910,S1A_IW_GRDH_1SDV_20200407T052956_20200407T053025_032017_03B2E2_D038,5.533871662999999,5.042721061,1006.0,6159.0,6162.0,1003.0,6157.0,1010.0,35.44674516,ais/manual,True,False,9999.99,9999.99,HIGH
validation,GRD,377410f6ab9824dfv,377410f6ab9824dfv_005.39180874000000009971_004.60052811400000027930,S1A_IW_GRDH_1SDV_20200407T052956_20200407T053025_032017_03B2E2_D038,5.39180874,4.600528113999999,5488.0,3665.0,3671.0,5483.0,3658.0,5494.0,25.59121825,ais/manual,True,False,9999.99,9999.99,HIGH
validation,GRD,377410f6ab9824dfv,377410f6ab9824dfv_006.30158312899999994983_003.21480258599999979552,S1A_IW_GRDH_1SDV_20200407T052956_20200407T053025_032017_03B2E2_D038,6.301583129,3.214802586,22538.0,10332.0,10338.0,22526.0,10326.0,22551.0,238.28244390000003,ais/manual,True,False,9999.99,9999.99,HIGH
validation,GRD,377410f6ab9824dfv,377410f6ab9824dfv_006.29788044899999999160_003.36614457200000005699,S1A_IW_GRDH_1SDV_20200407T052956_20200407T053025_032017_03B2E2_D038,6.297880449,3.366144572,20889.0,10622.0,10631.0,20877.0,10613.0,20901.0,179.084553,ais/manual,True,False,9999.99,9999.99,HIGH
validation,GRD,377410f6ab9824dfv,377410f6ab9824dfv_005.42880120399999999137_003.19975507400000003244,S1A_IW_GRDH_1SDV_20200407T052956_20200407T053025_032017_03B2E2_D038,5.428801204,3.199755074,20780.0,967.0,988.0,20769.0,947.0,20791.0,134.4780714,ais/manual,True,False,9999.99,9999.99,HIGH
validation,GRD,377410f6ab9824dfv,377410f6ab9824dfv_006.32480473700000001003_003.41019417100000010734,S1A_IW_GRDH_1SDV_20200407T052956_20200407T053025_032017_03B2E2_D038,6.324804737000001,3.410194171,20470.0,11006.0,11012.0,20463.0,11001.0,20478.0,64.8481918,ais/manual,True,False,7.746700132104882,8.132334214179307,HIGH
validation,GRD,377410f6ab9824dfv,377410f6ab9824dfv_006.22200692499999963303_003.11976383100000020931,S1A_IW_GRDH_1SDV_20200407T052956_20200407T053025_032017_03B2E2_D038,6.222006925,3.119763831,23395.0,9273.0,9278.0,23392.0,9269.0,23397.0,34.98949923,ais/manual,True,False,9999.99,9999.99,HIGH
validation,GRD,377410f6ab9824dfv,377410f6ab9824dfv_005.37909093299999963023_004.36381526799999974742,S1A_IW_GRDH_1SDV_20200407T052956_20200407T053025_032017_03B2E2_D038,5.379090933,4.363815268,8030.0,3005.0,3011.0,8022.0,2999.0,8038.0,81.51376363,ais/manual,True,False,9999.99,9999.99,HIGH
validation,GRD,377410f6ab9824dfv,377410f6ab9824dfv_006.31798700099999965829_003.32972292000000003043,S1A_IW_GRDH_1SDV_20200407T052956_20200407T053025_032017_03B2E2_D038,6.3179870010000005,3.32972292,21328.0,10758.0,10764.0,21317.0,10752.0,21338.0,136.7472183,ais/manual,True,False,9.04781745371681,8.9960958648808,HIGH
validation,GRD,377410f6ab9824dfv,377410f6ab9824dfv_006.30972828099999993867_003.20585525700000006921,S1A_IW_GRDH_1SDV_20200407T052956_20200407T053025_032017_03B2E2_D038,6.309728281,3.205855257,22653.0,10399.0,10405.0,22642.0,10393.0,22665.0,167.8452815,ais/manual,True,False,9999.99,9999.99,HIGH
validation,GRD,377410f6ab9824dfv,377410f6ab9824dfv_006.31020496899999994156_003.33351522199999994456,S1A_IW_GRDH_1SDV_20200407T052956_20200407T053025_032017_03B2E2_D038,6.310204969,3.333515222,21270.0,10683.0,10687.0,21258.0,10679.0,21282.0,108.9856779,ais/manual,True,False,9.898142031746158,9.818473822176273,HIGH
validation,GRD,377410f6ab9824dfv,377410f6ab9824dfv_006.28999598099999968071_003.23360257100000003661,S1A_IW_GRDH_1SDV_20200407T052956_20200407T053025_032017_03B2E2_D038,6.2899959810000015,3.233602571,22309.0,10249.0,10258.0,22294.0,10240.0,22323.0,234.0843139,ais/manual,True,False,9999.99,9999.99,HIGH
validation,GRD,377410f6ab9824dfv,377410f6ab9824dfv_005.35761363000000034873_004.34238201600000017777,S1A_IW_GRDH_1SDV_20200407T052956_20200407T053025_032017_03B2E2_D038,5.35761363,4.342382016,8215.0,2729.0,2748.0,8201.0,2708.0,8228.0,36.43585532,ais/manual,True,False,9999.99,9999.99,HIGH
validation,GRD,377410f6ab9824dfv,377410f6ab9824dfv_005.37025076000000023413_004.35350870400000022897,S1A_IW_GRDH_1SDV_20200407T052956_20200407T053025_032017_03B2E2_D038,5.37025076,4.353508703999999,8122.0,2888.0,2901.0,8114.0,2875.0,8130.0,63.71287667,ais/manual,True,False,9999.99,9999.99,HIGH
validation,GRD,377410f6ab9824dfv,377410f6ab9824dfv_006.29961069999999967450_003.16625199100000020991,S1A_IW_GRDH_1SDV_20200407T052956_20200407T053025_032017_03B2E2_D038,6.2996107000000015,3.166251991,23061.0,10205.0,10211.0,23050.0,10199.0,23071.0,198.0481567,ais/manual,True,False,9999.99,9999.99,HIGH
validation,GRD,377410f6ab9824dfv,377410f6ab9824dfv_006.25356202199999966496_003.17717596700000015630,S1A_IW_GRDH_1SDV_20200407T052956_20200407T053025_032017_03B2E2_D038,6.2535620220000006,3.177175967,22841.0,9736.0,9745.0,22829.0,9727.0,22853.0,135.5449366,ais/manual,True,False,9999.99,9999.99,HIGH
validation,GRD,377410f6ab9824dfv,377410f6ab9824dfv_006.27924036799999996106_003.21171962300000002344,S1A_IW_GRDH_1SDV_20200407T052956_20200407T053025_032017_03B2E2_D038,6.279240368,3.211719623,22523.0,10086.0,10094.0,22506.0,10078.0,22539.0,196.9880722,ais/manual,True,False,9999.99,9999.99,HIGH
validation,GRD,377410f6ab9824dfv,377410f6ab9824dfv_005.33669102100000003475_004.35641252100000020420,S1A_IW_GRDH_1SDV_20200407T052956_20200407T053025_032017_03B2E2_D038,5.336691021,4.356412521,8016.0,2536.0,2540.0,8012.0,2533.0,8019.0,55.23293206,ais/manual,True,False,9999.99,9999.99,HIGH
validation,GRD,377410f6ab9824dfv,377410f6ab9824dfv_006.32925590199999987817_003.38587664500000018464,S1A_IW_GRDH_1SDV_20200407T052956_20200407T053025_032017_03B2E2_D038,6.329255902000001,3.385876645,20744.0,11001.0,11007.0,20732.0,10995.0,20755.0,170.89497240000003,ais/manual,True,False,7.149689866107351,7.391264792153091,HIGH
validation,GRD,377410f6ab9824dfv,377410f6ab9824dfv_006.27095961699999993044_003.30971410499999985078,S1A_IW_GRDH_1SDV_20200407T052956_20200407T053025_032017_03B2E2_D038,6.270959617000001,3.309714105,21442.0,10211.0,10223.0,21437.0,10200.0,21447.0,28.1047814,ais/manual,True,False,9999.99,9999.99,HIGH
validation,GRD,377410f6ab9824dfv,377410f6ab9824dfv_005.86977840299999975571_004.61474999500000038211,S1A_IW_GRDH_1SDV_20200407T052956_20200407T053025_032017_03B2E2_D038,5.869778403,4.614749995,6399.0,8793.0,8794.0,6397.0,8791.0,6402.0,28.71676145,ais/manual,True,True,9999.99,9999.99,HIGH
validation,GRD,377410f6ab9824dfv,377410f6ab9824dfv_005.37228964200000014273_004.33113447100000037437,S1A_IW_GRDH_1SDV_20200407T052956_20200407T053025_032017_03B2E2_D038,5.372289642,4.331134471,8370.0,2860.0,2868.0,8363.0,2852.0,8376.0,85.50018359,ais/manual,True,False,9999.99,9999.99,HIGH
validation,GRD,377410f6ab9824dfv,377410f6ab9824dfv_005.52855010599999996401_004.93099680500000037142,S1A_IW_GRDH_1SDV_20200407T052956_20200407T053025_032017_03B2E2_D038,5.528550106,4.930996805,2207.0,5855.0,5864.0,2196.0,5845.0,2217.0,224.155381,ais/manual,True,False,9999.99,9999.99,HIGH
validation,GRD,377410f6ab9824dfv,377410f6ab9824dfv_006.32020875500000034464_003.38740692899999995547,S1A_IW_GRDH_1SDV_20200407T052956_20200407T053025_032017_03B2E2_D038,6.320208755,3.387406929,20707.0,10908.0,10912.0,20699.0,10903.0,20716.0,143.0317388,ais/manual,True,False,8.118035029052626,8.362504042983417,HIGH
validation,GRD,377410f6ab9824dfv,377410f6ab9824dfv_006.40981955300000016962_004.01057188700000022408,S1A_IW_GRDH_1SDV_20200407T052956_20200407T053025_032017_03B2E2_D038,6.409819552999999,4.010571887,14148.0,13227.0,13236.0,14138.0,13219.0,14158.0,134.4,ais/manual,True,False,1.4848904735654076,0.9035947353313192,HIGH
validation,GRD,377410f6ab9824dfv,377410f6ab9824dfv_005.52422219600000019568_004.75222151899999989411,S1A_IW_GRDH_1SDV_20200407T052956_20200407T053025_032017_03B2E2_D038,5.524222196,4.752221519,4137.0,5412.0,5423.0,4131.0,5402.0,4144.0,48.95971407,ais/manual,True,False,9999.99,9999.99,HIGH
validation,GRD,377410f6ab9824dfv,377410f6ab9824dfv_006.33403995399999963922_003.39953266000000020597,S1A_IW_GRDH_1SDV_20200407T052956_20200407T053025_032017_03B2E2_D038,6.334039954,3.39953266,20606.0,11082.0,11089.0,20602.0,11075.0,20611.0,97.77072877,ais/manual,True,False,6.597277698724097,6.9052785721279095,HIGH
validation,GRD,377410f6ab9824dfv,377410f6ab9824dfv_006.15241840399999961875_004.21990941199999980427,S1A_IW_GRDH_1SDV_20200407T052956_20200407T053025_032017_03B2E2_D038,6.152418404,4.219909412,11309.0,10938.0,10942.0,11306.0,10935.0,11313.0,28.12928594,ais/manual,True,True,9999.99,9999.99,HIGH
validation,GRD,377410f6ab9824dfv,377410f6ab9824dfv_006.37328911300000022777_003.41276430899999994040,S1A_IW_GRDH_1SDV_20200407T052956_20200407T053025_032017_03B2E2_D038,6.373289112999999,3.412764309,20549.0,11530.0,11539.0,20544.0,11522.0,20555.0,97.99,ais/manual,True,False,2.866177960952566,3.3580209246581645,HIGH
validation,GRD,377410f6ab9824dfv,377410f6ab9824dfv_005.54325356300000038345_005.07460424299999957043,S1A_IW_GRDH_1SDV_20200407T052956_20200407T053025_032017_03B2E2_D038,5.543253563,5.0746042430000005,681.0,6330.0,6333.0,678.0,6328.0,685.0,42.99682753,ais/manual,True,False,9.182005674857756,9999.99,HIGH
validation,GRD,377410f6ab9824dfv,377410f6ab9824dfv_006.28530972799999965162_003.36143468700000003224,S1A_IW_GRDH_1SDV_20200407T052956_20200407T053025_032017_03B2E2_D038,6.285309728,3.361434687,20912.0,10478.0,10484.0,20903.0,10471.0,20921.0,100.532141,ais/manual,True,False,9999.99,9999.99,HIGH
validation,GRD,377410f6ab9824dfv,377410f6ab9824dfv_006.25708026099999958802_003.20411693199999980664,S1A_IW_GRDH_1SDV_20200407T052956_20200407T053025_032017_03B2E2_D038,6.2570802610000005,3.204116932,22557.0,9833.0,9839.0,22545.0,9827.0,22568.0,172.1970694,ais/manual,True,False,9999.99,9999.99,HIGH
validation,GRD,377410f6ab9824dfv,377410f6ab9824dfv_005.44016929000000004635_004.97320605100000001642,S1A_IW_GRDH_1SDV_20200407T052956_20200407T053025_032017_03B2E2_D038,5.44016929,4.973206051,1551.0,5007.0,5012.0,1547.0,5000.0,1555.0,43.09011622,ais/manual,True,False,9999.99,9999.99,HIGH
validation,GRD,fc483682c621b54bv,fc483682c621b54bv_004.24151827399999969970_007.80709728300000005419,S1A_IW_GRDH_1SDV_20200414T174432_20200414T174457_032127_03B6BD_C3BA,4.241518274,7.807097282999999,11440.0,238.0,244.0,11432.0,232.0,11448.0,74.11370321,ais/manual,True,False,9999.99,9999.99,HIGH
validation,GRD,fc483682c621b54bv,fc483682c621b54bv_004.14986101800000017903_008.04920832200000013756,S1A_IW_GRDH_1SDV_20200414T174432_20200414T174457_032127_03B6BD_C3BA,4.149861018,8.049208322,13868.0,1753.0,1757.0,13865.0,1750.0,13870.0,56.6263747,ais/manual,True,False,9999.99,9999.99,HIGH
validation,GRD,fc483682c621b54bv,fc483682c621b54bv_003.59546801199999999099_008.38133557199999934539,S1A_IW_GRDH_1SDV_20200414T174432_20200414T174457_032127_03B6BD_C3BA,3.595468012,8.381335572000001,16240.0,8403.0,8411.0,16230.0,8394.0,16250.0,120.5102165,ais/manual,True,False,9999.99,9999.99,HIGH
validation,GRD,fc483682c621b54bv,fc483682c621b54bv_003.96534431800000009005_007.72438087400000039651,S1A_IW_GRDH_1SDV_20200414T174432_20200414T174457_032127_03B6BD_C3BA,3.965344318,7.724380873999999,9922.0,2995.0,2999.0,9920.0,2992.0,9925.0,40.92702151,ais/manual,True,False,9999.99,9999.99,HIGH
validation,GRD,fc483682c621b54bv,fc483682c621b54bv_004.09924505199999966720_007.80893323000000005862,S1A_IW_GRDH_1SDV_20200414T174432_20200414T174457_032127_03B6BD_C3BA,4.099245052,7.80893323,11142.0,1758.0,1764.0,11134.0,1751.0,11150.0,63.20197546,ais/manual,True,False,9999.99,9999.99,HIGH
validation,GRD,fc483682c621b54bv,fc483682c621b54bv_004.04394357800000037173_007.28485896699999990744,S1A_IW_GRDH_1SDV_20200414T174432_20200414T174457_032127_03B6BD_C3BA,4.043943578,7.284858967000001,5319.0,1177.0,1182.0,5315.0,1173.0,5323.0,33.25344781,ais/manual,True,False,9999.99,9999.99,HIGH
validation,GRD,fc483682c621b54bv,fc483682c621b54bv_004.03445455099999961135_007.51712869500000024914,S1A_IW_GRDH_1SDV_20200414T174432_20200414T174457_032127_03B6BD_C3BA,4.0344545510000005,7.517128695,7823.0,1797.0,1801.0,7820.0,1793.0,7827.0,38.17741089,ais/manual,True,False,9999.99,9999.99,HIGH
validation,GRD,fc483682c621b54bv,fc483682c621b54bv_004.01585864399999969976_007.81418925499999961204,S1A_IW_GRDH_1SDV_20200414T174432_20200414T174457_032127_03B6BD_C3BA,4.015858644,7.814189255,11012.0,2658.0,2663.0,11009.0,2652.0,11015.0,43.53374327,ais/manual,True,False,9999.99,9999.99,HIGH
validation,GRD,fc483682c621b54bv,fc483682c621b54bv_004.15779690699999981973_008.38957610299999956283,S1A_IW_GRDH_1SDV_20200414T174432_20200414T174457_032127_03B6BD_C3BA,4.157796907,8.389576103,17587.0,2426.0,2434.0,17581.0,2418.0,17593.0,51.51018346,ais/manual,True,False,9999.99,9999.99,HIGH
validation,GRD,fc483682c621b54bv,fc483682c621b54bv_004.02223041500000011439_007.50895558499999982160,S1A_IW_GRDH_1SDV_20200414T174432_20200414T174457_032127_03B6BD_C3BA,4.022230415,7.508955585,7707.0,1909.0,1913.0,7704.0,1905.0,7710.0,43.87020032,ais/manual,True,False,9999.99,9999.99,HIGH
validation,GRD,fc483682c621b54bv,fc483682c621b54bv_003.57436363199999984630_007.39334307399999968169,S1A_IW_GRDH_1SDV_20200414T174432_20200414T174457_032127_03B6BD_C3BA,3.574363632,7.393343074,5443.0,6418.0,6439.0,5429.0,6396.0,5458.0,48.54998529,ais/manual,True,False,9999.99,9999.99,HIGH
validation,GRD,fc483682c621b54bv,fc483682c621b54bv_003.65338385100000007100_008.08623149499999982481,S1A_IW_GRDH_1SDV_20200414T174432_20200414T174457_032127_03B6BD_C3BA,3.653383851,8.086231495,13159.0,7126.0,7137.0,13146.0,7116.0,13172.0,168.4392565,ais/manual,True,False,9999.99,9999.99,HIGH
validation,GRD,fc483682c621b54bv,fc483682c621b54bv_003.99042156099999978380_007.29037342400000021314,S1A_IW_GRDH_1SDV_20200414T174432_20200414T174457_032127_03B6BD_C3BA,3.990421561,7.290373423999998,5259.0,1759.0,1777.0,5247.0,1742.0,5271.0,38.25984594,ais/manual,True,False,9999.99,9999.99,HIGH
validation,GRD,fc483682c621b54bv,fc483682c621b54bv_003.80715140800000018118_008.72378463499999945441,S1A_IW_GRDH_1SDV_20200414T174432_20200414T174457_032127_03B6BD_C3BA,3.807151408,8.723784635,20439.0,6910.0,6914.0,20435.0,6905.0,20443.0,43.96668291,ais/manual,True,False,2.3210562499160186,2.304075156704446,HIGH
validation,GRD,fc483682c621b54bv,fc483682c621b54bv_003.79467559199999993069_008.75269872199999987572,S1A_IW_GRDH_1SDV_20200414T174432_20200414T174457_032127_03B6BD_C3BA,3.794675592,8.752698722,20726.0,7107.0,7118.0,20711.0,7096.0,20740.0,138.0421754,ais/manual,True,False,3.053589051250739,3.098781404627509,HIGH
validation,GRD,fc483682c621b54bv,fc483682c621b54bv_004.22152879300000005713_008.33528362300000047469,S1A_IW_GRDH_1SDV_20200414T174432_20200414T174457_032127_03B6BD_C3BA,4.221528793,8.335283622999999,17139.0,1626.0,1645.0,17118.0,1608.0,17159.0,26.88210407,ais/manual,True,False,9999.99,9999.99,HIGH
validation,GRD,fc483682c621b54bv,fc483682c621b54bv_003.57391604499999981925_007.39595403000000040095,S1A_IW_GRDH_1SDV_20200414T174432_20200414T174457_032127_03B6BD_C3BA,3.573916045,7.39595403,5471.0,6429.0,6438.0,5463.0,6419.0,5479.0,87.84646824,ais/manual,True,False,9999.99,9999.99,HIGH
validation,GRD,fc483682c621b54bv,fc483682c621b54bv_003.89470184000000019253_007.10060672499999956386,S1A_IW_GRDH_1SDV_20200414T174432_20200414T174457_032127_03B6BD_C3BA,3.89470184,7.100606725,2980.0,2354.0,2377.0,2967.0,2331.0,2992.0,102.897871,ais/manual,True,False,9999.99,9999.99,HIGH
validation,GRD,fc483682c621b54bv,fc483682c621b54bv_004.03220935499999999507_007.52577843799999968155,S1A_IW_GRDH_1SDV_20200414T174432_20200414T174457_032127_03B6BD_C3BA,4.032209355,7.525778438,7912.0,1840.0,1848.0,7899.0,1833.0,7926.0,146.4362067,ais/manual,True,False,9999.99,9999.99,HIGH
validation,GRD,fc483682c621b54bv,fc483682c621b54bv_003.58514406599999979619_007.40403516199999955916,S1A_IW_GRDH_1SDV_20200414T174432_20200414T174457_032127_03B6BD_C3BA,3.585144066,7.404035162,5584.0,6327.0,6332.0,5579.0,6323.0,5589.0,57.50895764,ais/manual,True,False,9999.99,9999.99,HIGH
validation,GRD,fc483682c621b54bv,fc483682c621b54bv_004.37132824600000002846_008.32902562599999995996,S1A_IW_GRDH_1SDV_20200414T174432_20200414T174457_032127_03B6BD_C3BA,4.371328246,8.329025626,17405.0,14.0,19.0,17401.0,10.0,17409.0,47.98623967,ais/manual,True,False,9999.99,9999.99,HIGH
validation,GRD,fc483682c621b54bv,fc483682c621b54bv_004.27908428599999979269_008.63666328999999954874,S1A_IW_GRDH_1SDV_20200414T174432_20200414T174457_032127_03B6BD_C3BA,4.279084286000002,8.63666329,20544.0,1681.0,1685.0,20541.0,1678.0,20548.0,31.1392924,ais/manual,True,False,9999.99,9999.99,HIGH
validation,GRD,fc483682c621b54bv,fc483682c621b54bv_004.30464230599999986282_008.42001015299999977515,S1A_IW_GRDH_1SDV_20200414T174432_20200414T174457_032127_03B6BD_C3BA,4.304642306,8.420010153,18245.0,927.0,930.0,18243.0,925.0,18248.0,28.97941499,ais/manual,True,False,9999.99,9999.99,HIGH
validation,GRD,fc483682c621b54bv,fc483682c621b54bv_004.02441135399999971867_007.28498998899999961054,S1A_IW_GRDH_1SDV_20200414T174432_20200414T174457_032127_03B6BD_C3BA,4.024411354,7.284989989,5276.0,1386.0,1392.0,5261.0,1379.0,5292.0,213.6825199,ais/manual,True,False,9999.99,9999.99,HIGH
validation,GRD,fc483682c621b54bv,fc483682c621b54bv_004.05208521800000021074_007.78486349499999974455,S1A_IW_GRDH_1SDV_20200414T174432_20200414T174457_032127_03B6BD_C3BA,4.052085218,7.784863495,10774.0,2206.0,2211.0,10771.0,2202.0,10778.0,52.96737892,ais/manual,True,False,9999.99,9999.99,HIGH
validation,GRD,fc483682c621b54bv,fc483682c621b54bv_004.20515367999999956083_008.06914312800000033121,S1A_IW_GRDH_1SDV_20200414T174432_20200414T174457_032127_03B6BD_C3BA,4.20515368,8.069143128,14208.0,1208.0,1218.0,14189.0,1199.0,14227.0,203.8948578,ais/manual,True,False,9999.99,9999.99,HIGH
validation,GRD,fc483682c621b54bv,fc483682c621b54bv_004.21315942000000021039_008.38836186800000049857,S1A_IW_GRDH_1SDV_20200414T174432_20200414T174457_032127_03B6BD_C3BA,4.21315942,8.388361867999999,17697.0,1833.0,1836.0,17694.0,1829.0,17701.0,46.74702824,ais/manual,True,False,9999.99,9999.99,HIGH
validation,GRD,fc483682c621b54bv,fc483682c621b54bv_003.97351067200000018786_007.80200147299999979822,S1A_IW_GRDH_1SDV_20200414T174432_20200414T174457_032127_03B6BD_C3BA,3.973510672,7.802001473,10785.0,3082.0,3086.0,10782.0,3077.0,10787.0,33.3415756,ais/manual,True,False,9999.99,9999.99,HIGH
validation,GRD,fc483682c621b54bv,fc483682c621b54bv_002.93460370099999989790_008.85711708000000008667,S1A_IW_GRDH_1SDV_20200414T174432_20200414T174457_032127_03B6BD_C3BA,2.9346037010000003,8.85711708,19936.0,16513.0,16524.0,19927.0,16503.0,19944.0,160.0317696,ais/manual,True,False,9999.99,9999.99,HIGH
validation,GRD,3808f5703f0920bfv,3808f5703f0920bfv_042.31927206999999668824_015.83341614000000063811,S1A_IW_GRDH_1SDV_20200421T050340_20200421T050405_032221_03BA14_CCA3,42.31927207,15.83341614,12228.0,14927.0,14929.0,12225.0,14924.0,12229.0,21.6,ais/manual,True,True,9999.99,9999.99,HIGH
validation,GRD,3808f5703f0920bfv,3808f5703f0920bfv_041.27066628000000036991_016.61495813999999882071,S1A_IW_GRDH_1SDV_20200421T050340_20200421T050405_032221_03BA14_CCA3,41.27066628,16.61495814,3724.0,4789.0,4790.0,3721.0,4788.0,3725.0,26.085,ais/manual,True,True,6.417525120414134,6.83780138226221,HIGH
validation,GRD,3808f5703f0920bfv,3808f5703f0920bfv_042.20546496000000047388_015.46075500999999974283,S1A_IW_GRDH_1SDV_20200421T050340_20200421T050405_032221_03BA14_CCA3,42.20546496,15.46075501,15036.0,13181.0,13185.0,15033.0,13177.0,15038.0,15.53,ais/manual,True,True,8.432850744166247,9.250745830628418,HIGH
validation,GRD,3808f5703f0920bfv,3808f5703f0920bfv_042.37009787000000216040_014.43822560999999993214,S1A_IW_GRDH_1SDV_20200421T050340_20200421T050405_032221_03BA14_CCA3,42.37009787,14.43822561,23657.0,13605.0,13617.0,23651.0,13593.0,23663.0,108.3,ais/manual,True,False,2.122142958874309,2.436976917416208,HIGH
validation,GRD,3808f5703f0920bfv,3808f5703f0920bfv_041.40061239999999997963_016.88337832999999932326,S1A_IW_GRDH_1SDV_20200421T050340_20200421T050405_032221_03BA14_CCA3,41.4006124,16.88337833,1789.0,6593.0,6595.0,1787.0,6590.0,1790.0,18.32,ais/manual,True,True,9999.99,9999.99,HIGH
validation,GRD,3808f5703f0920bfv,3808f5703f0920bfv_042.56582201999999881536_015.00469878000000001350,S1A_IW_GRDH_1SDV_20200421T050340_20200421T050405_032221_03BA14_CCA3,42.56582202,15.00469878,19414.0,16461.0,16477.0,19406.0,16446.0,19423.0,19.9,ais/manual,True,True,9999.99,9999.99,HIGH
validation,GRD,3808f5703f0920bfv,3808f5703f0920bfv_042.53698349999999805959_015.15886556999999967843,S1A_IW_GRDH_1SDV_20200421T050340_20200421T050405_032221_03BA14_CCA3,42.53698350000001,15.15886557,18112.0,16354.0,16360.0,18108.0,16348.0,18116.0,21.35993692,ais/manual,True,True,9999.99,9999.99,HIGH
validation,GRD,3808f5703f0920bfv,3808f5703f0920bfv_042.45945339000000018359_014.59091916000000033193,S1A_IW_GRDH_1SDV_20200421T050340_20200421T050405_032221_03BA14_CCA3,42.45945339,14.59091916,22576.0,14770.0,14785.0,22566.0,14754.0,22584.0,19.84,ais/manual,True,True,9999.99,9999.99,HIGH
validation,GRD,3808f5703f0920bfv,3808f5703f0920bfv_042.43563471000000220101_014.60432630000000031600,S1A_IW_GRDH_1SDV_20200421T050340_20200421T050405_032221_03BA14_CCA3,42.43563471,14.6043263,22424.0,14529.0,14543.0,22417.0,14514.0,22432.0,16.6,ais/manual,True,True,9999.99,9999.99,HIGH
validation,GRD,3808f5703f0920bfv,3808f5703f0920bfv_041.75645286000000311333_016.56657807999999931781,S1A_IW_GRDH_1SDV_20200421T050340_20200421T050405_032221_03BA14_CCA3,41.75645286,16.56657808,5124.0,9932.0,9935.0,5119.0,9928.0,5128.0,22.54333333,ais/manual,True,True,9999.99,9999.99,HIGH
validation,GRD,3808f5703f0920bfv,3808f5703f0920bfv_042.00345064999999777910_015.07288306000000055462,S1A_IW_GRDH_1SDV_20200421T050340_20200421T050405_032221_03BA14_CCA3,42.00345065,15.07288306,17812.0,10470.0,10471.0,17810.0,10468.0,17813.0,26.775,ais/manual,True,True,4.366399437492273,3.9592302923238334,HIGH
validation,GRD,3808f5703f0920bfv,3808f5703f0920bfv_042.40742225000000331647_015.24239080999999984556,S1A_IW_GRDH_1SDV_20200421T050340_20200421T050405_032221_03BA14_CCA3,42.40742225,15.24239081,17193.0,15065.0,15068.0,17189.0,15063.0,17196.0,22.7,ais/manual,True,True,9999.99,9999.99,HIGH
validation,GRD,3808f5703f0920bfv,3808f5703f0920bfv_042.56363814000000189708_015.07194780999999927928,S1A_IW_GRDH_1SDV_20200421T050340_20200421T050405_032221_03BA14_CCA3,42.56363814,15.07194781,18866.0,16527.0,16530.0,18863.0,16523.0,18868.0,22.57,ais/manual,True,True,9999.99,9999.99,HIGH
validation,GRD,3808f5703f0920bfv,3808f5703f0920bfv_041.76220864999999804468_016.56719928000000052748,S1A_IW_GRDH_1SDV_20200421T050340_20200421T050405_032221_03BA14_CCA3,41.76220865,16.56719928,5131.0,9994.0,9998.0,5128.0,9991.0,5132.0,27.82,ais/manual,True,True,9999.99,9999.99,HIGH
validation,GRD,3808f5703f0920bfv,3808f5703f0920bfv_042.55750539999999659813_015.16683566999999932534,S1A_IW_GRDH_1SDV_20200421T050340_20200421T050405_032221_03BA14_CCA3,42.5575054,15.16683567,18086.0,16586.0,16590.0,18083.0,16582.0,18088.0,22.63,ais/manual,True,True,9999.99,9999.99,HIGH
validation,GRD,3808f5703f0920bfv,3808f5703f0920bfv_042.19436692000000022063_015.65082643000000039990,S1A_IW_GRDH_1SDV_20200421T050340_20200421T050405_032221_03BA14_CCA3,42.19436692,15.65082643,13468.0,13324.0,13326.0,13466.0,13322.0,13470.0,20.9,ais/manual,True,True,8.335373741815554,9999.99,HIGH
validation,GRD,3808f5703f0920bfv,3808f5703f0920bfv_042.33146028000000171687_014.78219327999999954670,S1A_IW_GRDH_1SDV_20200421T050340_20200421T050405_032221_03BA14_CCA3,42.33146028,14.78219328,20790.0,13632.0,13642.0,20784.0,13621.0,20797.0,20.47,ais/manual,True,True,9999.99,9999.99,HIGH
validation,GRD,3808f5703f0920bfv,3808f5703f0920bfv_042.45331027000000290172_015.81682752999999941323,S1A_IW_GRDH_1SDV_20200421T050340_20200421T050405_032221_03BA14_CCA3,42.45331027,15.81682753,12623.0,16349.0,16361.0,12612.0,16336.0,12634.0,107.2529146,ais/manual,True,False,9999.99,9999.99,HIGH
validation,GRD,3808f5703f0920bfv,3808f5703f0920bfv_041.42807377999999829399_016.53220832999999956314,S1A_IW_GRDH_1SDV_20200421T050340_20200421T050405_032221_03BA14_CCA3,41.42807378,16.53220833,4730.0,6354.0,6358.0,4726.0,6349.0,4734.0,20.05069934,ais/manual,True,True,9999.99,9999.99,HIGH
validation,GRD,3808f5703f0920bfv,3808f5703f0920bfv_041.46701657999999923732_016.83177326999999934287,S1A_IW_GRDH_1SDV_20200421T050340_20200421T050405_032221_03BA14_CCA3,41.46701658,16.83177327,2352.0,7226.0,7233.0,2346.0,7218.0,2357.0,21.5,ais/manual,True,True,9999.99,9999.99,HIGH
validation,GRD,3808f5703f0920bfv,3808f5703f0920bfv_042.18835886000000101603_015.92276417000000066082,S1A_IW_GRDH_1SDV_20200421T050340_20200421T050405_032221_03BA14_CCA3,42.18835886,15.92276417,11245.0,13642.0,13643.0,11243.0,13640.0,11246.0,18.42,ais/manual,True,True,9999.99,9999.99,HIGH
validation,GRD,3808f5703f0920bfv,3808f5703f0920bfv_041.95178717000000290227_016.51416425000000032242,S1A_IW_GRDH_1SDV_20200421T050340_20200421T050405_032221_03BA14_CCA3,41.95178717,16.51416425,5955.0,11952.0,11961.0,5950.0,11944.0,5960.0,24.71,ais/manual,True,True,9999.99,9999.99,HIGH
validation,GRD,3808f5703f0920bfv,3808f5703f0920bfv_042.37887234000000091783_014.42782245999999979347,S1A_IW_GRDH_1SDV_20200421T050340_20200421T050405_032221_03BA14_CCA3,42.37887234,14.42782246,23757.0,13687.0,13702.0,23749.0,13672.0,23764.0,16.72,ais/manual,True,True,2.6173444514245663,2.252492987523441,HIGH
validation,GRD,3808f5703f0920bfv,3808f5703f0920bfv_041.34259422000000228081_016.30586312000000148714,S1A_IW_GRDH_1SDV_20200421T050340_20200421T050405_032221_03BA14_CCA3,41.34259422,16.30586312,6416.0,5097.0,5101.0,6412.0,5092.0,6418.0,17.2,ais/manual,True,True,1.313289923107758,2.1772264102555203,HIGH
validation,GRD,3808f5703f0920bfv,3808f5703f0920bfv_042.57896999999999820830_014.98898007000000021094,S1A_IW_GRDH_1SDV_20200421T050340_20200421T050405_032221_03BA14_CCA3,42.57897,14.98898007,19566.0,16583.0,16603.0,19555.0,16563.0,19576.0,18.0,ais/manual,True,True,9999.99,9999.99,HIGH
validation,GRD,3808f5703f0920bfv,3808f5703f0920bfv_041.63761116999999956079_016.56309574999999867373,S1A_IW_GRDH_1SDV_20200421T050340_20200421T050405_032221_03BA14_CCA3,41.63761117,16.56309575,4908.0,8650.0,8654.0,4906.0,8646.0,4911.0,18.0,ais/manual,True,True,9999.99,9999.99,HIGH
validation,GRD,3808f5703f0920bfv,3808f5703f0920bfv_042.43927320000000236178_015.21223838000000050386,S1A_IW_GRDH_1SDV_20200421T050340_20200421T050405_032221_03BA14_CCA3,42.4392732,15.21223838,17497.0,15369.0,15371.0,17494.0,15367.0,17499.0,19.46200731,ais/manual,True,True,9999.99,9999.99,HIGH
validation,GRD,3808f5703f0920bfv,3808f5703f0920bfv_042.52190402000000091220_015.11706809999999912009,S1A_IW_GRDH_1SDV_20200421T050340_20200421T050405_032221_03BA14_CCA3,42.52190402,15.117068099999996,18423.0,16135.0,16144.0,18416.0,16127.0,18428.0,19.27,ais/manual,True,True,9999.99,9999.99,HIGH
validation,GRD,3808f5703f0920bfv,3808f5703f0920bfv_042.17958224000000200249_015.34190081000000027700,S1A_IW_GRDH_1SDV_20200421T050340_20200421T050405_032221_03BA14_CCA3,42.17958224,15.34190081,15954.0,12738.0,12751.0,15947.0,12725.0,15960.0,18.33,ais/manual,True,True,9999.99,9999.99,HIGH
validation,GRD,3808f5703f0920bfv,3808f5703f0920bfv_042.54510504999999653819_015.02929924999999933277,S1A_IW_GRDH_1SDV_20200421T050340_20200421T050405_032221_03BA14_CCA3,42.54510505,15.02929925,19177.0,16270.0,16289.0,19167.0,16249.0,19186.0,21.3,ais/manual,True,True,9999.99,9999.99,HIGH
validation,GRD,3808f5703f0920bfv,3808f5703f0920bfv_041.56410749999999865167_016.77455112999999897738,S1A_IW_GRDH_1SDV_20200421T050340_20200421T050405_032221_03BA14_CCA3,41.5641075,16.77455113,3024.0,8180.0,8189.0,3018.0,8171.0,3031.0,23.69,ais/manual,True,True,9999.99,9999.99,HIGH
validation,GRD,f298dbd78ef977d5v,f298dbd78ef977d5v_057.96772872999999748345_009.76082405700000066417,S1A_IW_GRDH_1SDV_20200427T054836_20200427T054901_032309_03BD1A_2692,57.96772873,9.760824057,1807.0,14165.0,14170.0,1804.0,14160.0,1810.0,16.51279675,ais/manual,True,True,9999.99,9999.99,HIGH
validation,GRD,f298dbd78ef977d5v,f298dbd78ef977d5v_057.25013272999999713875_008.96389746200000026022,S1A_IW_GRDH_1SDV_20200427T054836_20200427T054901_032309_03BD1A_2692,57.25013273,8.963897462,4815.0,5507.0,5509.0,4812.0,5505.0,4817.0,15.31477614,ais/manual,True,True,9999.99,9.903539682819153,HIGH
validation,GRD,f298dbd78ef977d5v,f298dbd78ef977d5v_057.69970685999999915339_006.72170468100000029210,S1A_IW_GRDH_1SDV_20200427T054836_20200427T054901_032309_03BD1A_2692,57.69970686,6.721704681,18964.0,7938.0,7941.0,18959.0,7934.0,18967.0,39.36532072,ais/manual,True,False,9999.99,9999.99,HIGH
validation,GRD,f298dbd78ef977d5v,f298dbd78ef977d5v_057.59236422000000032995_007.53724813699999973693,S1A_IW_GRDH_1SDV_20200427T054836_20200427T054901_032309_03BD1A_2692,57.59236422,7.537248137000001,13959.0,7602.0,7609.0,13955.0,7596.0,13963.0,23.95,ais/manual,True,True,9999.99,9999.99,HIGH
validation,GRD,f298dbd78ef977d5v,f298dbd78ef977d5v_056.98167229999999960910_007.67153077800000016140,S1A_IW_GRDH_1SDV_20200427T054836_20200427T054901_032309_03BD1A_2692,56.9816723,7.671530777999999,11917.0,1143.0,1147.0,11913.0,1139.0,11920.0,21.79,ais/manual,True,True,9999.99,9999.99,HIGH
validation,GRD,f298dbd78ef977d5v,f298dbd78ef977d5v_057.63235791999999690916_006.28698815699999968842,S1A_IW_GRDH_1SDV_20200427T054836_20200427T054901_032309_03BD1A_2692,57.63235792,6.286988157000001,21398.0,6787.0,6793.0,21392.0,6780.0,21403.0,62.6675643,ais/manual,True,True,9999.99,9999.99,HIGH
validation,GRD,f298dbd78ef977d5v,f298dbd78ef977d5v_057.19985341000000289569_005.51712258600000016173,S1A_IW_GRDH_1SDV_20200427T054836_20200427T054901_032309_03BD1A_2692,57.19985341,5.517122586,25201.0,1363.0,1370.0,25197.0,1355.0,25205.0,20.47,ais/manual,True,True,9999.99,9999.99,HIGH
validation,GRD,f298dbd78ef977d5v,f298dbd78ef977d5v_057.66607241999999899917_009.24642947000000070545,S1A_IW_GRDH_1SDV_20200427T054836_20200427T054901_032309_03BD1A_2692,57.66607242,9.24642947,4098.0,10311.0,10320.0,4085.0,10301.0,4111.0,179.8454827,ais/manual,True,False,9999.99,9999.99,HIGH
validation,GRD,f298dbd78ef977d5v,f298dbd78ef977d5v_058.17048703999999759162_006.04881255799999983935,S1A_IW_GRDH_1SDV_20200427T054836_20200427T054901_032309_03BD1A_2692,58.17048704,6.048812558,23754.0,12427.0,12441.0,23749.0,12412.0,23760.0,163.88556210000004,ais/manual,True,False,9999.99,9999.99,HIGH
validation,GRD,f298dbd78ef977d5v,f298dbd78ef977d5v_056.95558596000000051163_007.09854351600000033073,S1A_IW_GRDH_1SDV_20200427T054836_20200427T054901_032309_03BD1A_2692,56.95558596,7.098543516,15292.0,248.0,258.0,15287.0,238.0,15296.0,23.48666667,ais/manual,True,True,9999.99,9999.99,HIGH
validation,GRD,f298dbd78ef977d5v,f298dbd78ef977d5v_057.20813301999999822556_008.51101844499999948823,S1A_IW_GRDH_1SDV_20200427T054836_20200427T054901_032309_03BD1A_2692,57.20813302,8.511018445,7402.0,4527.0,4534.0,7398.0,4519.0,7406.0,14.22,ais/manual,True,True,9999.99,9999.99,HIGH
validation,GRD,f298dbd78ef977d5v,f298dbd78ef977d5v_057.73663389000000023543_009.26672694900000060159,S1A_IW_GRDH_1SDV_20200427T054836_20200427T054901_032309_03BD1A_2692,57.73663389,9.266726949,4141.0,11092.0,11099.0,4129.0,11087.0,4152.0,219.5536295,ais/manual,True,False,9999.99,9999.99,HIGH
validation,GRD,f298dbd78ef977d5v,f298dbd78ef977d5v_057.64606557999999836284_009.09551783600000085528,S1A_IW_GRDH_1SDV_20200427T054836_20200427T054901_032309_03BD1A_2692,57.64606558,9.095517836,4935.0,9917.0,9924.0,4931.0,9911.0,4939.0,18.27327438,ais/manual,True,True,9999.99,9999.99,HIGH
validation,GRD,f298dbd78ef977d5v,f298dbd78ef977d5v_058.00121215000000063355_007.87305970700000035123,S1A_IW_GRDH_1SDV_20200427T054836_20200427T054901_032309_03BD1A_2692,58.00121215,7.873059707,12829.0,12379.0,12385.0,12822.0,12373.0,12834.0,49.72804946,ais/manual,True,False,3.963234722843888,7.535515351258634,HIGH
validation,GRD,f298dbd78ef977d5v,f298dbd78ef977d5v_057.90145162999999683962_008.30423816499999922769,S1A_IW_GRDH_1SDV_20200427T054836_20200427T054901_032309_03BD1A_2692,57.90145163,8.304238165,10112.0,11767.0,11776.0,10103.0,11759.0,10121.0,70.55645387,ais/manual,True,False,9999.99,9999.99,HIGH
validation,GRD,f298dbd78ef977d5v,f298dbd78ef977d5v_057.85096690999999680116_009.22713655899999984911,S1A_IW_GRDH_1SDV_20200427T054836_20200427T054901_032309_03BD1A_2692,57.85096691,9.227136559,4632.0,12274.0,12283.0,4627.0,12265.0,4637.0,49.975,ais/manual,True,True,9999.99,9999.99,HIGH
validation,GRD,f298dbd78ef977d5v,f298dbd78ef977d5v_057.22449854999999985239_007.50960231599999961105,S1A_IW_GRDH_1SDV_20200427T054836_20200427T054901_032309_03BD1A_2692,57.22449855,7.509602316,13378.0,3593.0,3599.0,13374.0,3588.0,13381.0,27.75,ais/manual,True,True,9999.99,9999.99,HIGH
validation,GRD,f298dbd78ef977d5v,f298dbd78ef977d5v_057.82115281000000095446_009.06466915999999933717,S1A_IW_GRDH_1SDV_20200427T054836_20200427T054901_032309_03BD1A_2692,57.82115281,9.06466916,5510.0,11763.0,11775.0,5503.0,11752.0,5517.0,26.2,ais/manual,True,True,9999.99,9999.99,HIGH
validation,GRD,f298dbd78ef977d5v,f298dbd78ef977d5v_057.22287234000000211154_008.56149961999999931095,S1A_IW_GRDH_1SDV_20200427T054836_20200427T054901_032309_03BD1A_2692,57.22287234,8.56149962,7135.0,4743.0,4747.0,7133.0,4740.0,7138.0,17.46993059,ais/manual,True,True,9999.99,9999.99,HIGH
validation,GRD,f298dbd78ef977d5v,f298dbd78ef977d5v_058.17495241000000305576_006.19490160299999992333,S1A_IW_GRDH_1SDV_20200427T054836_20200427T054901_032309_03BD1A_2692,58.17495241,6.194901603,22914.0,12608.0,12614.0,22908.0,12601.0,22918.0,44.1,ais/manual,True,True,9999.99,9999.99,HIGH
validation,GRD,f298dbd78ef977d5v,f298dbd78ef977d5v_057.22272896999999858281_008.59925977299999999559,S1A_IW_GRDH_1SDV_20200427T054836_20200427T054901_032309_03BD1A_2692,57.22272897,8.599259773,6911.0,4785.0,4789.0,6909.0,4782.0,6914.0,21.14357404,ais/manual,True,True,9999.99,9999.99,HIGH
validation,GRD,f298dbd78ef977d5v,f298dbd78ef977d5v_057.68571541000000024724_007.87163238700000000847,S1A_IW_GRDH_1SDV_20200427T054836_20200427T054901_032309_03BD1A_2692,57.68571541,7.871632387000001,12186.0,8967.0,8976.0,12178.0,8959.0,12195.0,97.38062727,ais/manual,True,False,9999.99,9999.99,HIGH
validation,GRD,f298dbd78ef977d5v,f298dbd78ef977d5v_057.80715935999999999240_009.85352946899999970753,S1A_IW_GRDH_1SDV_20200427T054836_20200427T054901_032309_03BD1A_2692,57.80715936,9.853529469,890.0,12557.0,12561.0,887.0,12554.0,893.0,88.73087859,ais/manual,True,False,9999.99,9999.99,HIGH
validation,GRD,f298dbd78ef977d5v,f298dbd78ef977d5v_057.10330807999999791491_008.42870637999999949841,S1A_IW_GRDH_1SDV_20200427T054836_20200427T054901_032309_03BD1A_2692,57.10330808,8.42870638,7662.0,3303.0,3306.0,7659.0,3301.0,7665.0,16.95,ais/manual,True,True,7.045037228002681,6.95720351298433,HIGH
validation,GRD,f298dbd78ef977d5v,f298dbd78ef977d5v_057.21232865000000344935_008.60566378400000075999,S1A_IW_GRDH_1SDV_20200427T054836_20200427T054901_032309_03BD1A_2692,57.21232865,8.605663783999999,6851.0,4681.0,4685.0,6847.0,4677.0,6853.0,16.99,ais/manual,True,True,9.493966026649362,9.336001395483766,HIGH
validation,GRD,f298dbd78ef977d5v,f298dbd78ef977d5v_057.35091451000000262184_007.33794179100000043547,S1A_IW_GRDH_1SDV_20200427T054836_20200427T054901_032309_03BD1A_2692,57.35091451,7.337941791,14651.0,4780.0,4785.0,14646.0,4775.0,14655.0,23.93,ais/manual,True,True,9999.99,9999.99,HIGH
validation,GRD,f298dbd78ef977d5v,f298dbd78ef977d5v_057.09652233999999992875_008.41824782499999990648,S1A_IW_GRDH_1SDV_20200427T054836_20200427T054901_032309_03BD1A_2692,57.09652234,8.418247825,7710.0,3218.0,3221.0,7706.0,3216.0,7712.0,23.955,ais/manual,True,True,6.691433729275586,6.637407627702556,HIGH
validation,GRD,f298dbd78ef977d5v,f298dbd78ef977d5v_057.94288079999999752090_007.20574219399999993385,S1A_IW_GRDH_1SDV_20200427T054836_20200427T054901_032309_03BD1A_2692,57.9428808,7.205742194,16597.0,11058.0,11060.0,16594.0,11056.0,16598.0,10.2,ais/manual,True,True,3.8618767768441886,8.942546898268372,HIGH
validation,GRD,f298dbd78ef977d5v,f298dbd78ef977d5v_057.82988971000000333333_006.54740744099999982808,S1A_IW_GRDH_1SDV_20200427T054836_20200427T054901_032309_03BD1A_2692,57.82988971,6.547407441,20230.0,9183.0,9196.0,20215.0,9170.0,20245.0,216.2569695,ais/manual,True,False,9999.99,9999.99,HIGH
validation,GRD,f298dbd78ef977d5v,f298dbd78ef977d5v_058.14855264999999917563_006.56307680499999968049,S1A_IW_GRDH_1SDV_20200427T054836_20200427T054901_032309_03BD1A_2692,58.14855265,6.563076805,20727.0,12663.0,12665.0,20726.0,12661.0,20728.0,12.13,ais/manual,True,True,2.457831373214676,2.558541405320653,HIGH
validation,GRD,f298dbd78ef977d5v,f298dbd78ef977d5v_057.16282750999999962005_008.63429843399999974451,S1A_IW_GRDH_1SDV_20200427T054836_20200427T054901_032309_03BD1A_2692,57.16282751,8.634298434,6572.0,4181.0,4184.0,6569.0,4178.0,6573.0,12.1826549,ais/manual,True,True,4.080978114494825,3.89564152200873,HIGH
validation,GRD,f298dbd78ef977d5v,f298dbd78ef977d5v_057.16615605999999871756_008.34753968300000082081,S1A_IW_GRDH_1SDV_20200427T054836_20200427T054901_032309_03BD1A_2692,57.16615606,8.347539682999999,8281.0,3887.0,3913.0,8265.0,3860.0,8294.0,14.95,ais/manual,True,True,9999.99,9999.99,HIGH
validation,GRD,f298dbd78ef977d5v,f298dbd78ef977d5v_057.30426672000000110074_007.49342914799999970654,S1A_IW_GRDH_1SDV_20200427T054836_20200427T054901_032309_03BD1A_2692,57.30426672,7.493429148,13636.0,4439.0,4446.0,13632.0,4432.0,13640.0,27.4,ais/manual,True,True,9999.99,9999.99,HIGH
validation,GRD,f298dbd78ef977d5v,f298dbd78ef977d5v_057.10100174000000095020_006.12034885699999975373,S1A_IW_GRDH_1SDV_20200427T054836_20200427T054901_032309_03BD1A_2692,57.10100174,6.120348857000001,21422.0,847.0,854.0,21415.0,840.0,21428.0,77.5,ais/manual,True,True,9999.99,9999.99,HIGH
validation,GRD,f298dbd78ef977d5v,f298dbd78ef977d5v_058.06795003999999948974_008.19184100899999911860,S1A_IW_GRDH_1SDV_20200427T054836_20200427T054901_032309_03BD1A_2692,58.06795004,8.191841009,11117.0,13442.0,13444.0,11115.0,13440.0,11118.0,11.99,ais/manual,True,True,2.986042669616652,5.022649333296299,HIGH
validation,GRD,f298dbd78ef977d5v,f298dbd78ef977d5v_057.25249290000000002010_008.12656831500000009783,S1A_IW_GRDH_1SDV_20200427T054836_20200427T054901_032309_03BD1A_2692,57.2524929,8.126568315,9776.0,4569.0,4576.0,9772.0,4562.0,9780.0,17.24,ais/manual,True,True,9999.99,9999.99,HIGH
validation,GRD,f298dbd78ef977d5v,f298dbd78ef977d5v_057.21687754999999953043_008.47414362199999970926,S1A_IW_GRDH_1SDV_20200427T054836_20200427T054901_032309_03BD1A_2692,57.21687755,8.474143622,7640.0,4578.0,4587.0,7635.0,4570.0,7643.0,20.79,ais/manual,True,True,9999.99,9999.99,HIGH
validation,GRD,f298dbd78ef977d5v,f298dbd78ef977d5v_057.08287948000000255888_007.69266444600000021126,S1A_IW_GRDH_1SDV_20200427T054836_20200427T054901_032309_03BD1A_2692,57.08287948,7.692664446,12000.0,2260.0,2264.0,11996.0,2254.0,12003.0,48.8,ais/manual,True,True,9999.99,9999.99,HIGH
validation,GRD,f298dbd78ef977d5v,f298dbd78ef977d5v_057.26774320999999901005_009.02008893400000033580,S1A_IW_GRDH_1SDV_20200427T054836_20200427T054901_032309_03BD1A_2692,57.26774321,9.020088934,4522.0,5763.0,5769.0,4518.0,5757.0,4526.0,18.858865,ais/manual,True,True,9999.99,9999.99,HIGH
validation,GRD,f298dbd78ef977d5v,f298dbd78ef977d5v_057.58528739999999856991_007.39819243999999986983,S1A_IW_GRDH_1SDV_20200427T054836_20200427T054901_032309_03BD1A_2692,57.5852874,7.39819244,14763.0,7380.0,7388.0,14759.0,7373.0,14767.0,27.43,ais/manual,True,True,9999.99,9999.99,HIGH
validation,GRD,f298dbd78ef977d5v,f298dbd78ef977d5v_057.22165997999999831336_008.45801204300000009084,S1A_IW_GRDH_1SDV_20200427T054836_20200427T054901_032309_03BD1A_2692,57.22165998,8.458012043,7746.0,4611.0,4617.0,7743.0,4606.0,7749.0,16.815,ais/manual,True,True,9999.99,9999.99,HIGH
validation,GRD,f298dbd78ef977d5v,f298dbd78ef977d5v_058.28570447999999970534_006.23374734500000027282,S1A_IW_GRDH_1SDV_20200427T054836_20200427T054901_032309_03BD1A_2692,58.28570448,6.233747345,22886.0,13850.0,13856.0,22882.0,13844.0,22888.0,14.09,ais/manual,True,True,3.8029484008983423,4.517540671023854,HIGH
validation,GRD,f298dbd78ef977d5v,f298dbd78ef977d5v_057.66485690999999746964_009.30910963600000052054,S1A_IW_GRDH_1SDV_20200427T054836_20200427T054901_032309_03BD1A_2692,57.66485691,9.309109636,3729.0,10372.0,10379.0,3726.0,10365.0,3733.0,16.65,ais/manual,True,True,9999.99,9999.99,HIGH
validation,GRD,f298dbd78ef977d5v,f298dbd78ef977d5v_058.40702836999999902901_005.86740207099999988571,S1A_IW_GRDH_1SDV_20200427T054836_20200427T054901_032309_03BD1A_2692,58.40702837,5.867402071,25217.0,14845.0,14846.0,25215.0,14843.0,25219.0,26.14,ais/manual,True,True,1.886516618226822,2.493966790279142,HIGH
validation,GRD,f298dbd78ef977d5v,f298dbd78ef977d5v_057.99036562999999944168_007.44121333300000031841,S1A_IW_GRDH_1SDV_20200427T054836_20200427T054901_032309_03BD1A_2692,57.99036563,7.441213332999999,15318.0,11812.0,11820.0,15312.0,11804.0,15323.0,18.2256282,ais/manual,True,False,0.0032444103530371,2.7996170005956875,HIGH
validation,GRD,f298dbd78ef977d5v,f298dbd78ef977d5v_057.06218202000000161433_008.43280099799999938170,S1A_IW_GRDH_1SDV_20200427T054836_20200427T054901_032309_03BD1A_2692,57.06218202,8.432800998,7548.0,2865.0,2869.0,7546.0,2861.0,7551.0,15.48,ais/manual,True,True,3.2026214973026645,3.201228438931341,HIGH
validation,GRD,f298dbd78ef977d5v,f298dbd78ef977d5v_057.92292060999999847581_007.74314939799999990555,S1A_IW_GRDH_1SDV_20200427T054836_20200427T054901_032309_03BD1A_2692,57.92292061,7.743149398,13424.0,11395.0,11400.0,13422.0,11391.0,13427.0,18.6,ais/manual,True,True,8.571558460903272,9999.99,HIGH
validation,GRD,f298dbd78ef977d5v,f298dbd78ef977d5v_057.65965446999999954869_009.26632939699999980121,S1A_IW_GRDH_1SDV_20200427T054836_20200427T054901_032309_03BD1A_2692,57.65965447,9.266329397,3967.0,10265.0,10271.0,3963.0,10260.0,3971.0,24.07,ais/manual,True,True,9999.99,9999.99,HIGH
validation,GRD,f298dbd78ef977d5v,f298dbd78ef977d5v_056.86533579000000315773_008.21467481400000032465,S1A_IW_GRDH_1SDV_20200427T054836_20200427T054901_032309_03BD1A_2692,56.86533579,8.214674814,8424.0,494.0,498.0,8421.0,491.0,8426.0,21.915,ais/manual,True,True,3.497073390701204,3.240210536790402,HIGH
validation,GRD,f298dbd78ef977d5v,f298dbd78ef977d5v_057.02863409999999788624_007.99673035400000031814,S1A_IW_GRDH_1SDV_20200427T054836_20200427T054901_032309_03BD1A_2692,57.02863410000001,7.9967303539999985,10074.0,2009.0,2024.0,10067.0,1994.0,10080.0,31.65,ais/manual,True,True,9999.99,9999.99,HIGH
validation,GRD,f298dbd78ef977d5v,f298dbd78ef977d5v_057.47092974000000253909_008.35945770999999915318,S1A_IW_GRDH_1SDV_20200427T054836_20200427T054901_032309_03BD1A_2692,57.47092974,8.35945771,8867.0,7186.0,7194.0,8863.0,7177.0,8872.0,23.81,ais/manual,True,True,9999.99,9999.99,HIGH
validation,GRD,f298dbd78ef977d5v,f298dbd78ef977d5v_057.49497007000000081689_008.81684032499999936761,S1A_IW_GRDH_1SDV_20200427T054836_20200427T054901_032309_03BD1A_2692,57.49497007,8.816840325,6230.0,7967.0,7977.0,6217.0,7957.0,6241.0,151.7104654,ais/manual,True,False,9999.99,9999.99,HIGH
validation,GRD,f298dbd78ef977d5v,f298dbd78ef977d5v_057.59206797000000221942_007.51952583300000032551,S1A_IW_GRDH_1SDV_20200427T054836_20200427T054901_032309_03BD1A_2692,57.59206797,7.519525832999999,14063.0,7581.0,7586.0,14059.0,7575.0,14067.0,26.5,ais/manual,True,True,9999.99,9999.99,HIGH
validation,GRD,f298dbd78ef977d5v,f298dbd78ef977d5v_057.99183835000000186710_008.06906287199999994186,S1A_IW_GRDH_1SDV_20200427T054836_20200427T054901_032309_03BD1A_2692,57.99183835,8.069062872,11670.0,12487.0,12497.0,11664.0,12478.0,11675.0,21.3,ais/manual,True,True,7.9201587950042995,9.03836506171236,HIGH
validation,GRD,f298dbd78ef977d5v,f298dbd78ef977d5v_057.59010316999999901100_007.20190206100000018807,S1A_IW_GRDH_1SDV_20200427T054836_20200427T054901_032309_03BD1A_2692,57.59010317,7.201902061,15928.0,7230.0,7235.0,15924.0,7225.0,15931.0,28.0,ais/manual,True,True,9999.99,9999.99,HIGH
validation,GRD,f298dbd78ef977d5v,f298dbd78ef977d5v_057.12306988999999646239_008.49083392100000011737,S1A_IW_GRDH_1SDV_20200427T054836_20200427T054901_032309_03BD1A_2692,57.12306989,8.490833921,7336.0,3587.0,3594.0,7331.0,3581.0,7340.0,22.5,ais/manual,True,True,5.42317560504768,5.183394277970507,HIGH
validation,GRD,f298dbd78ef977d5v,f298dbd78ef977d5v_057.20360070000000263235_009.21503658199999975409,S1A_IW_GRDH_1SDV_20200427T054836_20200427T054901_032309_03BD1A_2692,57.2036007,9.215036582,3224.0,5308.0,5310.0,3221.0,5305.0,3225.0,13.79805311,ais/manual,True,True,6.923176869231932,6.536800368813855,HIGH
validation,GRD,f298dbd78ef977d5v,f298dbd78ef977d5v_057.60605346999999909485_008.57798197700000031318,S1A_IW_GRDH_1SDV_20200427T054836_20200427T054901_032309_03BD1A_2692,57.60605347,8.577981977,7876.0,8889.0,8894.0,7869.0,8883.0,7883.0,64.44261156,ais/manual,True,False,9999.99,9999.99,HIGH
validation,GRD,f298dbd78ef977d5v,f298dbd78ef977d5v_057.45653030999999799633_007.17262567299999975745,S1A_IW_GRDH_1SDV_20200427T054836_20200427T054901_032309_03BD1A_2692,57.45653031,7.172625673,15838.0,5752.0,5761.0,15834.0,5744.0,15843.0,25.91,ais/manual,True,True,9999.99,9999.99,HIGH
validation,GRD,f298dbd78ef977d5v,f298dbd78ef977d5v_057.19075760999999857859_008.98033617099999936784,S1A_IW_GRDH_1SDV_20200427T054836_20200427T054901_032309_03BD1A_2692,57.19075761,8.980336171,4583.0,4888.0,4898.0,4578.0,4879.0,4588.0,14.73393647,ais/manual,True,True,3.606753506899894,3.3619800039760466,HIGH
validation,GRD,f298dbd78ef977d5v,f298dbd78ef977d5v_057.07642005000000295922_007.65115395299999967449,S1A_IW_GRDH_1SDV_20200427T054836_20200427T054901_032309_03BD1A_2692,57.07642005,7.651153953,12234.0,2145.0,2154.0,12228.0,2135.0,12240.0,37.83,ais/manual,True,True,9999.99,9999.99,HIGH
validation,GRD,f298dbd78ef977d5v,f298dbd78ef977d5v_057.06917992000000339203_006.99590470900000038768,S1A_IW_GRDH_1SDV_20200427T054836_20200427T054901_032309_03BD1A_2692,57.06917992,6.995904709,16129.0,1373.0,1375.0,16127.0,1370.0,16130.0,49.84,ais/manual,True,True,9999.99,9999.99,HIGH
validation,GRD,f298dbd78ef977d5v,f298dbd78ef977d5v_057.98614411999999873615_009.84594371999999928846,S1A_IW_GRDH_1SDV_20200427T054836_20200427T054901_032309_03BD1A_2692,57.98614412,9.84594372,1359.0,14466.0,14468.0,1355.0,14463.0,1362.0,25.91,ais/manual,True,True,9999.99,9999.99,HIGH
validation,GRD,f298dbd78ef977d5v,f298dbd78ef977d5v_057.27066333999999869775_006.70348887699999984591,S1A_IW_GRDH_1SDV_20200427T054836_20200427T054901_032309_03BD1A_2692,57.27066334,6.703488877000001,18260.0,3261.0,3265.0,18256.0,3258.0,18263.0,23.23458692,ais/manual,True,True,9999.99,9999.99,HIGH
validation,GRD,f298dbd78ef977d5v,f298dbd78ef977d5v_057.12641125999999758278_008.62292990799999969909,S1A_IW_GRDH_1SDV_20200427T054836_20200427T054901_032309_03BD1A_2692,57.12641126,8.622929908,6559.0,3776.0,3780.0,6555.0,3773.0,6562.0,14.56425546,ais/manual,True,True,0.1328653784647853,0.1347878253774247,HIGH
validation,GRD,f298dbd78ef977d5v,f298dbd78ef977d5v_057.18414955000000077234_009.18861970400000060977,S1A_IW_GRDH_1SDV_20200427T054836_20200427T054901_032309_03BD1A_2692,57.18414955,9.188619704,3335.0,5067.0,5069.0,3333.0,5065.0,3338.0,11.55,ais/manual,True,True,5.01289045875017,4.667289470803383,HIGH
validation,GRD,f298dbd78ef977d5v,f298dbd78ef977d5v_057.03913080000000235259_008.00617053600000083691,S1A_IW_GRDH_1SDV_20200427T054836_20200427T054901_032309_03BD1A_2692,57.0391308,8.006170536,10040.0,2133.0,2146.0,10033.0,2119.0,10045.0,39.55,ais/manual,True,True,9999.99,9999.99,HIGH
validation,GRD,f298dbd78ef977d5v,f298dbd78ef977d5v_057.18757696000000123604_009.34978437999999911767,S1A_IW_GRDH_1SDV_20200427T054836_20200427T054901_032309_03BD1A_2692,57.18757696,9.34978438,2390.0,5299.0,5306.0,2385.0,5293.0,2394.0,17.8792951,ais/manual,True,True,3.5177260723039527,3.087582351241909,HIGH
validation,GRD,f298dbd78ef977d5v,f298dbd78ef977d5v_057.54949606999999645041_009.23678639499999931672,S1A_IW_GRDH_1SDV_20200427T054836_20200427T054901_032309_03BD1A_2692,57.54949607,9.236786395,3888.0,9047.0,9053.0,3884.0,9042.0,3891.0,19.36208593,ais/manual,True,True,9999.99,9999.99,HIGH
validation,GRD,cd36e75010a021f7v,cd36e75010a021f7v_056.52746505999999726555_006.96232925400000013383,S1A_IW_GRDH_1SDV_20200427T054901_20200427T054926_032309_03BD1A_006F,56.52746506,6.962329254,15269.0,12133.0,12138.0,15265.0,12129.0,15272.0,18.9,ais/manual,True,True,9999.99,9999.99,HIGH
validation,GRD,cd36e75010a021f7v,cd36e75010a021f7v_056.56880282000000192966_007.90331217399999985673,S1A_IW_GRDH_1SDV_20200427T054901_20200427T054926_032309_03BD1A_006F,56.56880282,7.903312174,9663.0,13608.0,13614.0,9660.0,13602.0,9667.0,16.7,ais/manual,True,True,9999.99,9999.99,HIGH
validation,GRD,cd36e75010a021f7v,cd36e75010a021f7v_056.65024443000000076154_005.95574897599999975029,S1A_IW_GRDH_1SDV_20200427T054901_20200427T054926_032309_03BD1A_006F,56.65024443,5.9557489760000015,21596.0,12450.0,12455.0,21591.0,12444.0,21601.0,149.4481939,ais/manual,True,False,9999.99,9999.99,HIGH
validation,GRD,cd36e75010a021f7v,cd36e75010a021f7v_055.63473221000000279446_006.61981362800000017188,S1A_IW_GRDH_1SDV_20200427T054901_20200427T054926_032309_03BD1A_006F,55.63473221,6.619813627999999,15623.0,2100.0,2107.0,15617.0,2092.0,15628.0,156.73710359999995,ais/manual,True,False,9999.99,9999.99,HIGH
validation,GRD,cd36e75010a021f7v,cd36e75010a021f7v_056.45912235000000123364_007.89592680600000029756,S1A_IW_GRDH_1SDV_20200427T054901_20200427T054926_032309_03BD1A_006F,56.45912235,7.895926806,9476.0,12417.0,12420.0,9474.0,12413.0,9478.0,19.20514171,ais/manual,True,True,9999.99,9999.99,HIGH
validation,GRD,cd36e75010a021f7v,cd36e75010a021f7v_056.00565521000000046570_005.50330855200000002014,S1A_IW_GRDH_1SDV_20200427T054901_20200427T054926_032309_03BD1A_006F,56.00565521,5.503308552000001,23211.0,4999.0,5006.0,23207.0,4991.0,23214.0,22.19610496,ais/manual,True,True,9999.99,9999.99,HIGH
validation,GRD,cd36e75010a021f7v,cd36e75010a021f7v_055.94876825000000053478_008.04789139200000036567,S1A_IW_GRDH_1SDV_20200427T054901_20200427T054926_032309_03BD1A_006F,55.94876825,8.047891392,7461.0,7091.0,7096.0,7458.0,7087.0,7464.0,25.34391415,ais/manual,True,False,5.660368186886867,5.589919221889376,HIGH
validation,GRD,cd36e75010a021f7v,cd36e75010a021f7v_056.54835153999999874941_008.02606126699999933294,S1A_IW_GRDH_1SDV_20200427T054901_20200427T054926_032309_03BD1A_006F,56.54835154,8.026061267000001,8879.0,13527.0,13535.0,8871.0,13519.0,8886.0,65.71482138,ais/manual,True,False,5.82264473934685,5.914706922396195,HIGH
validation,GRD,cd36e75010a021f7v,cd36e75010a021f7v_056.52729455000000058362_007.94499182399999970272,S1A_IW_GRDH_1SDV_20200427T054901_20200427T054926_032309_03BD1A_006F,56.52729455,7.944991824,9324.0,13207.0,13212.0,9321.0,13203.0,9327.0,22.5,ais/manual,True,True,9999.99,9999.99,HIGH
validation,GRD,cd36e75010a021f7v,cd36e75010a021f7v_056.72403558999999972912_008.10274193599999925652,S1A_IW_GRDH_1SDV_20200427T054901_20200427T054926_032309_03BD1A_006F,56.72403559,8.102741936000001,8792.0,15508.0,15514.0,8789.0,15502.0,8795.0,20.05,ais/manual,True,True,6.495211488950937,6.974036441618346,HIGH
validation,GRD,cd36e75010a021f7v,cd36e75010a021f7v_056.46525726000000133808_007.66105051699999961556,S1A_IW_GRDH_1SDV_20200427T054901_20200427T054926_032309_03BD1A_006F,56.46525726,7.661050517,10911.0,12218.0,12223.0,10906.0,12214.0,10915.0,22.5,ais/manual,True,True,9999.99,9999.99,HIGH
validation,GRD,cd36e75010a021f7v,cd36e75010a021f7v_056.46999732999999821459_007.96946925099999958775,S1A_IW_GRDH_1SDV_20200427T054901_20200427T054926_032309_03BD1A_006F,56.46999733,7.969469251,9054.0,12617.0,12622.0,9051.0,12612.0,9057.0,21.2,ais/manual,True,True,9.368500253246928,9.29972857969054,HIGH
validation,GRD,cd36e75010a021f7v,cd36e75010a021f7v_056.54340361999999942100_007.04833709600000002382,S1A_IW_GRDH_1SDV_20200427T054901_20200427T054926_032309_03BD1A_006F,56.54340362,7.048337096,14780.0,12397.0,12403.0,14777.0,12390.0,14783.0,22.0,ais/manual,True,True,9999.99,9999.99,HIGH
validation,GRD,cd36e75010a021f7v,cd36e75010a021f7v_056.43235495999999784544_007.66788325899999989588,S1A_IW_GRDH_1SDV_20200427T054901_20200427T054926_032309_03BD1A_006F,56.43235496,7.667883259,10801.0,11871.0,11878.0,10798.0,11863.0,10805.0,16.13,ais/manual,True,True,9999.99,9999.99,HIGH
validation,GRD,cd36e75010a021f7v,cd36e75010a021f7v_055.53733718000000152415_007.60116563900000041798,S1A_IW_GRDH_1SDV_20200427T054901_20200427T054926_032309_03BD1A_006F,55.53733718,7.601165638999999,9340.0,2138.0,2142.0,9337.0,2133.0,9343.0,16.03,ais/manual,True,True,9999.99,9999.99,HIGH
validation,GRD,cd36e75010a021f7v,cd36e75010a021f7v_056.27744324999999747661_007.06206933400000025358,S1A_IW_GRDH_1SDV_20200427T054901_20200427T054926_032309_03BD1A_006F,56.27744325,7.062069333999999,14168.0,9532.0,9542.0,14161.0,9523.0,14174.0,148.7208865,ais/manual,True,False,9999.99,9999.99,HIGH
validation,GRD,cd36e75010a021f7v,cd36e75010a021f7v_055.54492325999999735586_007.51277024499999956930,S1A_IW_GRDH_1SDV_20200427T054901_20200427T054926_032309_03BD1A_006F,55.54492326,7.512770245,9904.0,2118.0,2123.0,9900.0,2113.0,9907.0,19.96,ais/manual,True,True,9999.99,9999.99,HIGH
validation,GRD,cd36e75010a021f7v,cd36e75010a021f7v_056.66971522000000049957_006.89198090200000024197,S1A_IW_GRDH_1SDV_20200427T054901_20200427T054926_032309_03BD1A_006F,56.66971522,6.891980902,15973.0,13600.0,13607.0,15970.0,13594.0,15976.0,20.3415132,ais/manual,True,True,9999.99,9999.99,HIGH
validation,GRD,cd36e75010a021f7v,cd36e75010a021f7v_056.10712615999999997030_006.77809941499999979442,S1A_IW_GRDH_1SDV_20200427T054901_20200427T054926_032309_03BD1A_006F,56.10712616,6.778099415,15568.0,7385.0,7397.0,15562.0,7374.0,15573.0,168.3870031,ais/manual,True,False,9999.99,9999.99,HIGH
validation,GRD,cd36e75010a021f7v,cd36e75010a021f7v_055.74514590999999796850_006.53517356199999976951,S1A_IW_GRDH_1SDV_20200427T054901_20200427T054926_032309_03BD1A_006F,55.74514591,6.535173562000001,16361.0,3207.0,3218.0,16353.0,3194.0,16369.0,176.19404330000003,ais/manual,True,False,9999.99,9999.99,HIGH
validation,GRD,cd36e75010a021f7v,cd36e75010a021f7v_055.45315784999999664251_008.30953548799999985874,S1A_IW_GRDH_1SDV_20200427T054901_20200427T054926_032309_03BD1A_006F,55.45315785,8.309535488,4766.0,2072.0,2077.0,4764.0,2067.0,4768.0,18.0,ais/manual,True,True,1.130791962567919,2.6343557064677823,HIGH
validation,GRD,cd36e75010a021f7v,cd36e75010a021f7v_056.78027890999999982569_006.35602326099999981324,S1A_IW_GRDH_1SDV_20200427T054901_20200427T054926_032309_03BD1A_006F,56.78027891,6.356023261,19417.0,14255.0,14261.0,19413.0,14248.0,19420.0,17.24,ais/manual,True,True,9999.99,9999.99,HIGH
validation,GRD,cd36e75010a021f7v,cd36e75010a021f7v_056.10214641000000312943_007.15208971599999987490,S1A_IW_GRDH_1SDV_20200427T054901_20200427T054926_032309_03BD1A_006F,56.10214641,7.152089716,13268.0,7733.0,7757.0,13257.0,7709.0,13278.0,106.3976638,ais/manual,True,False,9999.99,9999.99,HIGH
validation,GRD,cd36e75010a021f7v,cd36e75010a021f7v_056.73806601999999799091_008.13019852799999931392,S1A_IW_GRDH_1SDV_20200427T054901_20200427T054926_032309_03BD1A_006F,56.73806602,8.130198528,8657.0,15691.0,15694.0,8654.0,15687.0,8661.0,40.2,ais/manual,True,True,5.351230476551721,5.96085927359805,HIGH
validation,GRD,cd36e75010a021f7v,cd36e75010a021f7v_056.52849745000000325490_005.74528644000000010550,S1A_IW_GRDH_1SDV_20200427T054901_20200427T054926_032309_03BD1A_006F,56.52849745,5.74528644,22654.0,10923.0,10930.0,22647.0,10916.0,22660.0,80.50298547,ais/manual,True,False,9999.99,9999.99,HIGH
validation,GRD,cd36e75010a021f7v,cd36e75010a021f7v_056.38521544000000318420_007.75764068600000022968,S1A_IW_GRDH_1SDV_20200427T054901_20200427T054926_032309_03BD1A_006F,56.38521544,7.757640686,10158.0,11463.0,11468.0,10155.0,11458.0,10161.0,14.02,ais/manual,True,True,9999.99,9999.99,HIGH
validation,GRD,cd36e75010a021f7v,cd36e75010a021f7v_057.00275792000000052440_005.70971370599999961115,S1A_IW_GRDH_1SDV_20200427T054901_20200427T054926_032309_03BD1A_006F,57.00275792,5.7097137060000005,23706.0,16055.0,16061.0,23701.0,16049.0,23712.0,67.0,ais/manual,True,True,9999.99,9999.99,HIGH
validation,GRD,cd36e75010a021f7v,cd36e75010a021f7v_055.50777573999999958687_007.93173195999999958161,S1A_IW_GRDH_1SDV_20200427T054901_20200427T054926_032309_03BD1A_006F,55.50777574,7.93173196,7228.0,2206.0,2209.0,7225.0,2203.0,7229.0,22.2,ais/manual,True,True,9999.99,9999.99,HIGH
validation,GRD,cd36e75010a021f7v,cd36e75010a021f7v_055.44671059000000212791_008.09274369599999943148,S1A_IW_GRDH_1SDV_20200427T054901_20200427T054926_032309_03BD1A_006F,55.44671059,8.092743696,6096.0,1740.0,1745.0,6093.0,1735.0,6099.0,19.99,ais/manual,True,True,9999.99,9999.99,HIGH
validation,GRD,cd36e75010a021f7v,cd36e75010a021f7v_056.50136076999999801274_006.12047913999999959600,S1A_IW_GRDH_1SDV_20200427T054901_20200427T054926_032309_03BD1A_006F,56.50136077,6.12047914,20326.0,10991.0,11001.0,20318.0,10980.0,20334.0,78.70709909,ais/manual,True,False,9999.99,9999.99,HIGH
validation,GRD,cd36e75010a021f7v,cd36e75010a021f7v_055.49283154999999823076_008.10798668800000044143,S1A_IW_GRDH_1SDV_20200427T054901_20200427T054926_032309_03BD1A_006F,55.49283155,8.107986687999999,6102.0,2255.0,2258.0,6100.0,2252.0,6104.0,15.97,ais/manual,True,True,5.531089591390769,5.382988766033612,HIGH
validation,GRD,cd36e75010a021f7v,cd36e75010a021f7v_055.70305962999999849217_005.75729800099999966534,S1A_IW_GRDH_1SDV_20200427T054901_20200427T054926_032309_03BD1A_006F,55.70305963,5.7572980010000006,21101.0,1953.0,1971.0,21094.0,1936.0,21108.0,74.59785282,ais/manual,True,False,9999.99,9999.99,HIGH
validation,GRD,cd36e75010a021f7v,cd36e75010a021f7v_056.48292041999999923974_007.96765759500000037008,S1A_IW_GRDH_1SDV_20200427T054901_20200427T054926_032309_03BD1A_006F,56.48292042,7.967657595,9093.0,12755.0,12759.0,9090.0,12750.0,9095.0,22.75,ais/manual,True,True,9.368790758279255,9.2932055355486,HIGH
validation,GRD,cd36e75010a021f7v,cd36e75010a021f7v_055.45691962000000074795_006.52360933100000028873,S1A_IW_GRDH_1SDV_20200427T054901_20200427T054926_032309_03BD1A_006F,55.45691962,6.523609331,15876.0,71.0,77.0,15870.0,65.0,15882.0,143.38704230000005,ais/manual,True,False,9999.99,9999.99,HIGH
validation,GRD,cd36e75010a021f7v,cd36e75010a021f7v_056.72136623000000099637_008.18499714999999916643,S1A_IW_GRDH_1SDV_20200427T054901_20200427T054926_032309_03BD1A_006F,56.72136623,8.18499715,8292.0,15573.0,15579.0,8288.0,15568.0,8295.0,28.3646525,ais/manual,True,False,1.674524144778756,2.821728442874313,HIGH
validation,GRD,cd36e75010a021f7v,cd36e75010a021f7v_056.87780493999999720245_006.87420632899999972665,S1A_IW_GRDH_1SDV_20200427T054901_20200427T054926_032309_03BD1A_006F,56.87780494,6.874206329,16485.0,15837.0,15842.0,16483.0,15833.0,16488.0,37.45,ais/manual,True,True,9999.99,9999.99,HIGH
validation,GRD,cd36e75010a021f7v,cd36e75010a021f7v_055.76653875000000226692_007.93805576499999965279,S1A_IW_GRDH_1SDV_20200427T054901_20200427T054926_032309_03BD1A_006F,55.76653875,7.938055765,7744.0,5000.0,5004.0,7740.0,4996.0,7748.0,49.94071269,ais/manual,True,False,9999.99,9999.99,HIGH
validation,GRD,264ed833a13b7f2av,264ed833a13b7f2av_044.17083253999999925554_013.11653787999999920544,S1A_IW_GRDH_1SDV_20200501T051927_20200501T051952_032367_03BF2F_4157,44.17083254,13.11653788,4846.0,9986.0,9992.0,4839.0,9980.0,4853.0,42.08637938,ais/manual,True,False,9999.99,9999.99,HIGH
validation,GRD,264ed833a13b7f2av,264ed833a13b7f2av_044.50678451999999651889_012.43547266999999934001,S1A_IW_GRDH_1SDV_20200501T051927_20200501T051952_032367_03BF2F_4157,44.50678452,12.43547267,10868.0,12641.0,12645.0,10859.0,12637.0,10875.0,95.64981496,ais/manual,True,False,9999.99,9999.99,HIGH
validation,GRD,264ed833a13b7f2av,264ed833a13b7f2av_044.50957812000000046737_012.47598608999999925118,S1A_IW_GRDH_1SDV_20200501T051927_20200501T051952_032367_03BF2F_4157,44.50957812,12.47598609,10556.0,12727.0,12738.0,10546.0,12716.0,10565.0,142.5047621,ais/manual,True,False,9999.99,9999.99,HIGH
validation,GRD,264ed833a13b7f2av,264ed833a13b7f2av_044.24948990000000037526_013.18705100999999935141,S1A_IW_GRDH_1SDV_20200501T051927_20200501T051952_032367_03BF2F_4157,44.2494899,13.18705101,4456.0,10932.0,10941.0,4450.0,10922.0,4461.0,158.3912322,ais/manual,True,False,9999.99,9999.99,HIGH
validation,GRD,264ed833a13b7f2av,264ed833a13b7f2av_044.08605352000000010548_012.59974564999999913084,S1A_IW_GRDH_1SDV_20200501T051927_20200501T051952_032367_03BF2F_4157,44.08605352,12.59974565,8739.0,8339.0,8343.0,8735.0,8336.0,8742.0,24.0,ais/manual,True,True,1.8996188746373848,1.6394772069155927,HIGH
validation,GRD,264ed833a13b7f2av,264ed833a13b7f2av_044.50569915999999892620_012.46344780999999990456,S1A_IW_GRDH_1SDV_20200501T051927_20200501T051952_032367_03BF2F_4157,44.50569916,12.46344781,10647.0,12668.0,12673.0,10641.0,12662.0,10653.0,87.05990279,ais/manual,True,False,9999.99,9999.99,HIGH
validation,GRD,264ed833a13b7f2av,264ed833a13b7f2av_044.09372538000000218972_013.02879330999999929475,S1A_IW_GRDH_1SDV_20200501T051927_20200501T051952_032367_03BF2F_4157,44.09372538,13.02879331,5376.0,9031.0,9038.0,5372.0,9024.0,5381.0,23.85003985,ais/manual,True,False,9999.99,9999.99,HIGH
validation,GRD,264ed833a13b7f2av,264ed833a13b7f2av_044.65388910000000066702_013.08759558999999939033,S1A_IW_GRDH_1SDV_20200501T051927_20200501T051952_032367_03BF2F_4157,44.6538891,13.08759559,6070.0,15133.0,15144.0,6062.0,15122.0,6077.0,135.11448769999998,ais/manual,True,False,9999.99,9999.99,HIGH
validation,GRD,264ed833a13b7f2av,264ed833a13b7f2av_044.51619766000000311124_012.44978077999999932501,S1A_IW_GRDH_1SDV_20200501T051927_20200501T051952_032367_03BF2F_4157,44.51619766,12.44978078,10774.0,12762.0,12766.0,10767.0,12757.0,10781.0,103.2544945,ais/manual,True,False,9999.99,9999.99,HIGH
validation,GRD,3ceef682fbe4930av,3ceef682fbe4930av_004.36343211700000033204_007.98624200700000042019,S1A_IW_GRDH_1SDV_20200503T051344_20200503T051413_032396_03C03F_AC94,4.363432116999999,7.986242007,11117.0,521.0,527.0,11112.0,514.0,11122.0,77.48343419,ais/manual,True,False,9999.99,9999.99,HIGH
validation,GRD,3ceef682fbe4930av,3ceef682fbe4930av_004.22270587700000010756_008.87738736100000025431,S1A_IW_GRDH_1SDV_20200503T051344_20200503T051413_032396_03C03F_AC94,4.222705877,8.877387361,1114.0,1009.0,1012.0,1111.0,1006.0,1116.0,24.00666883,ais/manual,True,True,7.247835360317736,6.772701680888102,HIGH
validation,GRD,3ceef682fbe4930av,3ceef682fbe4930av_004.29757936399999973531_008.41489393200000002082,S1A_IW_GRDH_1SDV_20200503T051344_20200503T051413_032396_03C03F_AC94,4.297579364,8.414893932,6310.0,774.0,779.0,6305.0,768.0,6315.0,28.97941499,ais/manual,True,False,9999.99,9999.99,HIGH
validation,GRD,3ceef682fbe4930av,3ceef682fbe4930av_004.21583282300000039555_008.89450924199999981568,S1A_IW_GRDH_1SDV_20200503T051344_20200503T051413_032396_03C03F_AC94,4.215832823,8.894509242,912.0,974.0,977.0,910.0,971.0,914.0,25.81763203,ais/manual,True,True,6.234791057036069,5.446309381044904,HIGH
validation,GRD,3ceef682fbe4930av,3ceef682fbe4930av_004.28114047099999961432_008.15241555000000062137,S1A_IW_GRDH_1SDV_20200503T051344_20200503T051413_032396_03C03F_AC94,4.2811404710000005,8.15241555,9126.0,13.0,18.0,9120.0,8.0,9133.0,71.68980781,ais/manual,True,False,9999.99,9999.99,HIGH
validation,GRD,3ceef682fbe4930av,3ceef682fbe4930av_004.35239144099999997195_008.40385713000000045270,S1A_IW_GRDH_1SDV_20200503T051344_20200503T051413_032396_03C03F_AC94,4.352391441,8.40385713,6552.0,1333.0,1337.0,6549.0,1330.0,6556.0,59.00918998,ais/manual,True,False,9999.99,9999.99,HIGH
validation,GRD,3ceef682fbe4930av,3ceef682fbe4930av_004.18884855000000033698_008.77674408300000052918,S1A_IW_GRDH_1SDV_20200503T051344_20200503T051413_032396_03C03F_AC94,4.18884855,8.776744082999999,2132.0,423.0,426.0,2129.0,421.0,2134.0,20.22421104,ais/manual,True,True,9999.99,9999.99,HIGH
validation,GRD,fe6a8d80fb5ebb8ev,fe6a8d80fb5ebb8ev_043.11349157000000076323_015.38790441999999991651,S1A_IW_GRDH_1SDV_20200520T051117_20200520T051142_032644_03C7E8_CA25,43.11349157,15.38790442,907.0,316.0,318.0,905.0,314.0,909.0,24.94,ais/manual,True,True,6.29958773384433,9999.99,HIGH
validation,GRD,fe6a8d80fb5ebb8ev,fe6a8d80fb5ebb8ev_044.80804346000000037975_013.37514076999999979023,S1A_IW_GRDH_1SDV_20200520T051117_20200520T051142_032644_03C7E8_CA25,44.80804346,13.37514077,20124.0,15782.0,15788.0,20119.0,15777.0,20128.0,92.35999231,ais/manual,True,False,9999.99,9999.99,HIGH
validation,GRD,fe6a8d80fb5ebb8ev,fe6a8d80fb5ebb8ev_043.90186532999999968752_013.67157847000000003845,S1A_IW_GRDH_1SDV_20200520T051117_20200520T051142_032644_03C7E8_CA25,43.90186533,13.67157847,16145.0,6365.0,6368.0,16142.0,6363.0,16147.0,25.5,ais/manual,True,True,9999.99,9999.99,HIGH
validation,GRD,fe6a8d80fb5ebb8ev,fe6a8d80fb5ebb8ev_044.00248323999999655598_013.73132704000000003930,S1A_IW_GRDH_1SDV_20200520T051117_20200520T051142_032644_03C7E8_CA25,44.00248324,13.73132704,15862.0,7531.0,7533.0,15860.0,7529.0,15864.0,20.15,ais/manual,True,True,9999.99,9999.99,HIGH
validation,GRD,fe6a8d80fb5ebb8ev,fe6a8d80fb5ebb8ev_043.68287422000000219668_014.10445750000000053603,S1A_IW_GRDH_1SDV_20200520T051117_20200520T051142_032644_03C7E8_CA25,43.68287422,14.1044575,12292.0,4586.0,4588.0,12290.0,4583.0,12294.0,18.98094979,ais/manual,True,True,9999.99,9999.99,HIGH
validation,GRD,fe6a8d80fb5ebb8ev,fe6a8d80fb5ebb8ev_043.76106596999999709396_013.26933887999999939211,S1A_IW_GRDH_1SDV_20200520T051117_20200520T051142_032644_03C7E8_CA25,43.76106597,13.26933888,19071.0,4317.0,4320.0,19069.0,4315.0,19074.0,29.35,ais/manual,True,True,5.55186545060877,5.770020417424169,HIGH
validation,GRD,fe6a8d80fb5ebb8ev,fe6a8d80fb5ebb8ev_043.67921599000000298929_014.10872999999999954923,S1A_IW_GRDH_1SDV_20200520T051117_20200520T051142_032644_03C7E8_CA25,43.67921599,14.10873,12251.0,4552.0,4556.0,12246.0,4549.0,12255.0,14.87,ais/manual,True,True,9999.99,9999.99,HIGH
validation,GRD,fe6a8d80fb5ebb8ev,fe6a8d80fb5ebb8ev_043.95365541000000320082_013.24593591000000003532,S1A_IW_GRDH_1SDV_20200520T051117_20200520T051142_032644_03C7E8_CA25,43.95365541,13.24593591,19611.0,6371.0,6375.0,19607.0,6366.0,19615.0,24.62,ais/manual,True,True,9999.99,9999.99,HIGH
validation,GRD,fe6a8d80fb5ebb8ev,fe6a8d80fb5ebb8ev_043.86395811999999949649_013.58879493000000060476,S1A_IW_GRDH_1SDV_20200520T051117_20200520T051142_032644_03C7E8_CA25,43.86395812,13.58879493,16729.0,5847.0,5849.0,16726.0,5845.0,16730.0,23.9,ais/manual,True,True,9999.99,9999.99,HIGH
validation,GRD,fe6a8d80fb5ebb8ev,fe6a8d80fb5ebb8ev_043.71898178000000001475_013.42883171000000075423,S1A_IW_GRDH_1SDV_20200520T051117_20200520T051142_032644_03C7E8_CA25,43.71898178,13.42883171,17726.0,4070.0,4074.0,17723.0,4066.0,17729.0,27.38,ais/manual,True,True,9.24746339205603,9.171737602895517,HIGH
validation,GRD,fe6a8d80fb5ebb8ev,fe6a8d80fb5ebb8ev_043.94622362999999864996_013.66136934999999930085,S1A_IW_GRDH_1SDV_20200520T051117_20200520T051142_032644_03C7E8_CA25,43.94622363,13.66136935,16309.0,6831.0,6833.0,16307.0,6829.0,16311.0,19.44,ais/manual,True,True,9999.99,9999.99,HIGH
validation,GRD,fe6a8d80fb5ebb8ev,fe6a8d80fb5ebb8ev_043.91880361999999848877_013.64952861000000083891,S1A_IW_GRDH_1SDV_20200520T051117_20200520T051142_032644_03C7E8_CA25,43.91880362,13.64952861,16351.0,6519.0,6521.0,16349.0,6517.0,16353.0,28.1,ais/manual,True,True,9999.99,9999.99,HIGH
validation,GRD,fe6a8d80fb5ebb8ev,fe6a8d80fb5ebb8ev_043.89662871000000166077_013.60981287000000072851,S1A_IW_GRDH_1SDV_20200520T051117_20200520T051142_032644_03C7E8_CA25,43.89662871,13.60981287,16624.0,6227.0,6231.0,16621.0,6223.0,16625.0,27.375,ais/manual,True,True,9999.99,9999.99,HIGH
validation,GRD,fe6a8d80fb5ebb8ev,fe6a8d80fb5ebb8ev_043.90134694999999709353_013.67345781999999942968,S1A_IW_GRDH_1SDV_20200520T051117_20200520T051142_032644_03C7E8_CA25,43.90134695,13.67345782,16129.0,6362.0,6368.0,16126.0,6356.0,16132.0,25.8,ais/manual,True,True,9999.99,9999.99,HIGH
validation,GRD,fe6a8d80fb5ebb8ev,fe6a8d80fb5ebb8ev_043.69472315000000151031_013.85795635999999930732,S1A_IW_GRDH_1SDV_20200520T051117_20200520T051142_032644_03C7E8_CA25,43.69472315,13.85795636,14272.0,4378.0,4381.0,14270.0,4376.0,14273.0,22.9,ais/manual,True,True,9999.99,9999.99,HIGH
validation,GRD,fe6a8d80fb5ebb8ev,fe6a8d80fb5ebb8ev_043.71878743999999983316_014.08021143999999935659,S1A_IW_GRDH_1SDV_20200520T051117_20200520T051142_032644_03C7E8_CA25,43.71878744,14.08021144,12554.0,4940.0,4942.0,12552.0,4937.0,12557.0,24.16,ais/manual,True,True,9999.99,9999.99,HIGH
validation,GRD,fe6a8d80fb5ebb8ev,fe6a8d80fb5ebb8ev_044.07313366000000343092_013.18284189999999966858,S1A_IW_GRDH_1SDV_20200520T051117_20200520T051142_032644_03C7E8_CA25,44.07313366,13.1828419,20329.0,7583.0,7588.0,20325.0,7579.0,20332.0,23.04,ais/manual,True,True,9999.99,9999.99,HIGH
validation,GRD,fe6a8d80fb5ebb8ev,fe6a8d80fb5ebb8ev_043.99956388999999745693_013.95914020999999927142,S1A_IW_GRDH_1SDV_20200520T051117_20200520T051142_032644_03C7E8_CA25,43.99956389,13.95914021,14056.0,7803.0,7807.0,14053.0,7800.0,14060.0,23.93,ais/manual,True,True,9999.99,9999.99,HIGH
validation,GRD,fe6a8d80fb5ebb8ev,fe6a8d80fb5ebb8ev_043.91897333000000003267_013.64865286999999938189,S1A_IW_GRDH_1SDV_20200520T051117_20200520T051142_032644_03C7E8_CA25,43.91897333,13.64865287,16358.0,6520.0,6522.0,16356.0,6518.0,16360.0,20.15,ais/manual,True,True,9999.99,9999.99,HIGH
validation,GRD,fe6a8d80fb5ebb8ev,fe6a8d80fb5ebb8ev_043.82429737999999730391_014.14798659999999941306,S1A_IW_GRDH_1SDV_20200520T051117_20200520T051142_032644_03C7E8_CA25,43.82429738,14.1479866,12223.0,6170.0,6176.0,12216.0,6163.0,12230.0,136.0840457,ais/manual,True,False,9999.99,9999.99,HIGH
validation,GRD,fe6a8d80fb5ebb8ev,fe6a8d80fb5ebb8ev_043.90726314999999857491_013.66348827000000021314,S1A_IW_GRDH_1SDV_20200520T051117_20200520T051142_032644_03C7E8_CA25,43.90726315,13.66348827,16219.0,6413.0,6419.0,16214.0,6407.0,16223.0,27.275,ais/manual,True,True,9999.99,9999.99,HIGH
validation,GRD,fe6a8d80fb5ebb8ev,fe6a8d80fb5ebb8ev_044.13853596999999950867_012.74565132000000033941,S1A_IW_GRDH_1SDV_20200520T051117_20200520T051142_032644_03C7E8_CA25,44.13853597,12.74565132,23901.0,7745.0,7747.0,23898.0,7743.0,23902.0,21.6,ais/manual,True,True,9999.99,9999.99,HIGH
validation,GRD,fe6a8d80fb5ebb8ev,fe6a8d80fb5ebb8ev_043.93499907000000348489_013.81922937000000040086,S1A_IW_GRDH_1SDV_20200520T051117_20200520T051142_032644_03C7E8_CA25,43.93499907,13.81922937,15039.0,6919.0,6925.0,15035.0,6914.0,15042.0,26.2,ais/manual,True,True,9999.99,9999.99,HIGH
validation,GRD,fe6a8d80fb5ebb8ev,fe6a8d80fb5ebb8ev_043.96201758000000126003_013.15382518999999916787,S1A_IW_GRDH_1SDV_20200520T051117_20200520T051142_032644_03C7E8_CA25,43.96201758,13.15382519,20356.0,6343.0,6347.0,20353.0,6340.0,20357.0,22.32,ais/manual,True,True,9999.99,9999.99,HIGH
validation,GRD,fe6a8d80fb5ebb8ev,fe6a8d80fb5ebb8ev_043.98266375000000039108_013.59197065999999942676,S1A_IW_GRDH_1SDV_20200520T051117_20200520T051142_032644_03C7E8_CA25,43.98266375,13.59197066,16927.0,7133.0,7139.0,16923.0,7128.0,16930.0,25.3,ais/manual,True,True,9999.99,9999.99,HIGH
validation,GRD,fe6a8d80fb5ebb8ev,fe6a8d80fb5ebb8ev_043.86560467999999701760_013.89352610999999981800,S1A_IW_GRDH_1SDV_20200520T051117_20200520T051142_032644_03C7E8_CA25,43.86560468,13.89352611,14318.0,6270.0,6276.0,14314.0,6264.0,14321.0,21.06,ais/manual,True,True,9999.99,9999.99,HIGH
validation,GRD,fe6a8d80fb5ebb8ev,fe6a8d80fb5ebb8ev_043.17849744000000100641_015.33368439000000016392,S1A_IW_GRDH_1SDV_20200520T051117_20200520T051142_032644_03C7E8_CA25,43.17849744,15.33368439,1478.0,931.0,934.0,1476.0,928.0,1481.0,24.02,ais/manual,True,True,9999.99,9999.99,HIGH
validation,GRD,fe6a8d80fb5ebb8ev,fe6a8d80fb5ebb8ev_044.13658257000000162407_012.75160127000000009900,S1A_IW_GRDH_1SDV_20200520T051117_20200520T051142_032644_03C7E8_CA25,44.13658257,12.75160127,23850.0,7731.0,7734.0,23848.0,7728.0,23852.0,23.06,ais/manual,True,True,9999.99,9999.99,HIGH
validation,GRD,fe6a8d80fb5ebb8ev,fe6a8d80fb5ebb8ev_043.91702101999999996451_013.88485133000000004699,S1A_IW_GRDH_1SDV_20200520T051117_20200520T051142_032644_03C7E8_CA25,43.91702102,13.88485133,14485.0,6813.0,6816.0,14483.0,6810.0,14488.0,26.8,ais/manual,True,True,9999.99,9999.99,HIGH
validation,GRD,fe6a8d80fb5ebb8ev,fe6a8d80fb5ebb8ev_044.04416082000000187691_014.22322890999999955852,S1A_IW_GRDH_1SDV_20200520T051117_20200520T051142_032644_03C7E8_CA25,44.04416082,14.22322891,12058.0,8642.0,8649.0,12051.0,8635.0,12064.0,132.563367,ais/manual,True,False,9999.99,9999.99,HIGH
validation,GRD,fe6a8d80fb5ebb8ev,fe6a8d80fb5ebb8ev_043.85931755000000009659_013.65186770999999943399,S1A_IW_GRDH_1SDV_20200520T051117_20200520T051142_032644_03C7E8_CA25,43.85931755,13.65186771,16220.0,5880.0,5882.0,16218.0,5878.0,16222.0,22.4,ais/manual,True,True,9999.99,9999.99,HIGH
validation,GRD,fe6a8d80fb5ebb8ev,fe6a8d80fb5ebb8ev_043.60690247000000141497_013.66396252999999916256,S1A_IW_GRDH_1SDV_20200520T051117_20200520T051142_032644_03C7E8_CA25,43.60690247,13.66396253,15646.0,3170.0,3173.0,15644.0,3168.0,15648.0,27.01,ais/manual,True,True,6.765071818224079,6.245367843025357,HIGH
validation,GRD,fe6a8d80fb5ebb8ev,fe6a8d80fb5ebb8ev_044.49676997000000255866_013.66971370999999990659,S1A_IW_GRDH_1SDV_20200520T051117_20200520T051142_032644_03C7E8_CA25,44.49676997,13.66971371,17269.0,12790.0,12802.0,17258.0,12779.0,17279.0,157.28467680000003,ais/manual,True,False,9999.99,9999.99,HIGH
validation,GRD,fe6a8d80fb5ebb8ev,fe6a8d80fb5ebb8ev_044.21652214000000213900_012.60084563999999929251,S1A_IW_GRDH_1SDV_20200520T051117_20200520T051142_032644_03C7E8_CA25,44.21652214,12.60084564,25181.0,8414.0,8416.0,25178.0,8411.0,25183.0,21.7,ais/manual,True,True,9999.99,9999.99,HIGH
validation,GRD,fe6a8d80fb5ebb8ev,fe6a8d80fb5ebb8ev_043.74390702000000175076_013.33863640999999944370,S1A_IW_GRDH_1SDV_20200520T051117_20200520T051142_032644_03C7E8_CA25,43.74390702,13.33863641,18489.0,4222.0,4225.0,18486.0,4218.0,18493.0,23.28,ais/manual,True,True,8.151256738268597,7.836443059235996,HIGH
validation,GRD,fe6a8d80fb5ebb8ev,fe6a8d80fb5ebb8ev_044.14578621999999796799_013.17136140000000033012,S1A_IW_GRDH_1SDV_20200520T051117_20200520T051142_032644_03C7E8_CA25,44.14578622,13.1713614,20551.0,8355.0,8358.0,20548.0,8352.0,20555.0,24.00614543,ais/manual,True,True,9999.99,9999.99,HIGH
validation,GRD,fe6a8d80fb5ebb8ev,fe6a8d80fb5ebb8ev_044.16197120000000353457_013.49028415000000080681,S1A_IW_GRDH_1SDV_20200520T051117_20200520T051142_032644_03C7E8_CA25,44.1619712,13.49028415,18064.0,8939.0,8945.0,18057.0,8933.0,18071.0,120.3334693,ais/manual,True,False,9999.99,9999.99,HIGH
validation,GRD,fe6a8d80fb5ebb8ev,fe6a8d80fb5ebb8ev_044.51093438000000190868_012.96849163000000082491,S1A_IW_GRDH_1SDV_20200520T051117_20200520T051142_032644_03C7E8_CA25,44.51093438,12.96849163,22801.0,12057.0,12063.0,22799.0,12051.0,22803.0,22.56,ais/manual,True,True,9999.99,9999.99,HIGH
validation,GRD,fe6a8d80fb5ebb8ev,fe6a8d80fb5ebb8ev_043.89690934000000055448_013.61067792000000054031,S1A_IW_GRDH_1SDV_20200520T051117_20200520T051142_032644_03C7E8_CA25,43.89690934,13.61067792,16617.0,6231.0,6235.0,16615.0,6228.0,16620.0,24.27,ais/manual,True,True,9999.99,9999.99,HIGH
validation,GRD,fe6a8d80fb5ebb8ev,fe6a8d80fb5ebb8ev_043.51598942999999763970_015.56282466999999947177,S1A_IW_GRDH_1SDV_20200520T051117_20200520T051142_032644_03C7E8_CA25,43.51598943,15.56282467,375.0,4891.0,4893.0,372.0,4889.0,376.0,21.44146857,ais/manual,True,True,9999.99,9999.99,HIGH
validation,GRD,fe6a8d80fb5ebb8ev,fe6a8d80fb5ebb8ev_043.28133921999999955688_015.08084269999999982304,S1A_IW_GRDH_1SDV_20200520T051117_20200520T051142_032644_03C7E8_CA25,43.28133922,15.0808427,3712.0,1657.0,1664.0,3708.0,1651.0,3715.0,19.05,ais/manual,True,True,9999.99,9999.99,HIGH
validation,GRD,fe6a8d80fb5ebb8ev,fe6a8d80fb5ebb8ev_043.98834657999999819822_013.62987065000000086457,S1A_IW_GRDH_1SDV_20200520T051117_20200520T051142_032644_03C7E8_CA25,43.98834658,13.62987065,16638.0,7244.0,7249.0,16634.0,7239.0,16641.0,20.5,ais/manual,True,True,9999.99,9999.99,HIGH
validation,GRD,fe6a8d80fb5ebb8ev,fe6a8d80fb5ebb8ev_044.11868546000000179674_014.04228559999999959018,S1A_IW_GRDH_1SDV_20200520T051117_20200520T051142_032644_03C7E8_CA25,44.11868546,14.0422856,13629.0,9200.0,9210.0,13622.0,9191.0,13636.0,140.88,ais/manual,True,False,9999.99,9999.99,HIGH
validation,GRD,fe6a8d80fb5ebb8ev,fe6a8d80fb5ebb8ev_044.40097418999999945299_012.60009694000000024516,S1A_IW_GRDH_1SDV_20200520T051117_20200520T051142_032644_03C7E8_CA25,44.40097419,12.60009694,25503.0,10415.0,10420.0,25501.0,10411.0,25506.0,21.7,ais/manual,True,True,9999.99,9999.99,HIGH
validation,GRD,fe6a8d80fb5ebb8ev,fe6a8d80fb5ebb8ev_044.10289496000000042386_012.57908575999999989392,S1A_IW_GRDH_1SDV_20200520T051117_20200520T051142_032644_03C7E8_CA25,44.10289496,12.57908576,25155.0,7155.0,7165.0,25151.0,7144.0,25159.0,24.81,ais/manual,True,True,2.330810871807914,2.9878911013719742,HIGH
validation,GRD,fe6a8d80fb5ebb8ev,fe6a8d80fb5ebb8ev_043.72210885999999874230_013.45345550000000045543,S1A_IW_GRDH_1SDV_20200520T051117_20200520T051142_032644_03C7E8_CA25,43.72210886,13.4534555,17537.0,4136.0,4141.0,17534.0,4131.0,17540.0,26.275,ais/manual,True,True,9999.99,9999.99,HIGH
validation,GRD,fe6a8d80fb5ebb8ev,fe6a8d80fb5ebb8ev_043.51675460999999955902_014.37639809000000035155,S1A_IW_GRDH_1SDV_20200520T051117_20200520T051142_032644_03C7E8_CA25,43.51675461,14.37639809,9803.0,3174.0,3184.0,9792.0,3163.0,9814.0,177.6186049,ais/manual,True,False,9999.99,9999.99,HIGH
validation,GRD,fe6a8d80fb5ebb8ev,fe6a8d80fb5ebb8ev_044.12930807000000044127_012.94862351999999994234,S1A_IW_GRDH_1SDV_20200520T051117_20200520T051142_032644_03C7E8_CA25,44.12930807,12.94862352,22281.0,7896.0,7903.0,22278.0,7890.0,22284.0,19.94,ais/manual,True,True,9999.99,9999.99,HIGH
validation,GRD,fe6a8d80fb5ebb8ev,fe6a8d80fb5ebb8ev_043.80631202000000001817_013.26654083999999933496,S1A_IW_GRDH_1SDV_20200520T051117_20200520T051142_032644_03C7E8_CA25,43.80631202,13.26654084,19177.0,4803.0,4806.0,19175.0,4801.0,19178.0,21.85,ais/manual,True,True,9.492325999230216,9.40633292762027,HIGH
validation,GRD,fe6a8d80fb5ebb8ev,fe6a8d80fb5ebb8ev_044.17090613999999959560_013.11604759000000086644,S1A_IW_GRDH_1SDV_20200520T051117_20200520T051142_032644_03C7E8_CA25,44.17090614,13.11604759,21034.0,8557.0,8563.0,21026.0,8551.0,21040.0,42.08637938,ais/manual,True,False,9999.99,9999.99,HIGH
validation,GRD,fe6a8d80fb5ebb8ev,fe6a8d80fb5ebb8ev_044.21307963999999657290_012.60411483999999937566,S1A_IW_GRDH_1SDV_20200520T051117_20200520T051142_032644_03C7E8_CA25,44.21307964,12.60411484,25149.0,8381.0,8385.0,25146.0,8376.0,25152.0,21.7,ais/manual,True,True,9999.99,9999.99,HIGH
validation,GRD,fe6a8d80fb5ebb8ev,fe6a8d80fb5ebb8ev_044.11195364999999668498_012.76278248000000026252,S1A_IW_GRDH_1SDV_20200520T051117_20200520T051142_032644_03C7E8_CA25,44.11195365,12.76278248,23718.0,7478.0,7482.0,23716.0,7473.0,23720.0,26.425,ais/manual,True,True,9999.99,9999.99,HIGH
validation,GRD,fe6a8d80fb5ebb8ev,fe6a8d80fb5ebb8ev_043.93570907000000147491_013.29754636999999917180,S1A_IW_GRDH_1SDV_20200520T051117_20200520T051142_032644_03C7E8_CA25,43.93570907,13.29754637,19169.0,6243.0,6246.0,19167.0,6240.0,19171.0,21.45,ais/manual,True,True,9999.99,9999.99,HIGH
validation,GRD,fe6a8d80fb5ebb8ev,fe6a8d80fb5ebb8ev_044.23718577999999723716_013.69824305999999936034,S1A_IW_GRDH_1SDV_20200520T051117_20200520T051142_032644_03C7E8_CA25,44.23718578,13.69824306,16564.0,10022.0,10026.0,16562.0,10019.0,16567.0,21.18,ais/manual,True,True,9999.99,9999.99,HIGH
validation,GRD,fe6a8d80fb5ebb8ev,fe6a8d80fb5ebb8ev_043.88089036000000220383_013.67963787000000053240,S1A_IW_GRDH_1SDV_20200520T051117_20200520T051142_032644_03C7E8_CA25,43.88089036,13.67963787,16041.0,6149.0,6156.0,16037.0,6143.0,16044.0,24.8,ais/manual,True,True,9999.99,9999.99,HIGH
validation,GRD,fe6a8d80fb5ebb8ev,fe6a8d80fb5ebb8ev_043.96378605000000305836_013.02799841000000036217,S1A_IW_GRDH_1SDV_20200520T051117_20200520T051142_032644_03C7E8_CA25,43.96378605,13.02799841,21355.0,6203.0,6208.0,21351.0,6198.0,21359.0,26.26,ais/manual,True,True,9.9459885655404,9.261398990853866,HIGH
validation,GRD,75c03770095c6d9ev,75c03770095c6d9ev_003.78172134300000006846_008.73658075700000047448,S1A_IW_GRDH_1SDV_20200522T050605_20200522T050630_032673_03C8C7_2055,3.781721343,8.736580757,24021.0,11427.0,11432.0,24018.0,11423.0,24025.0,38.98293969,ais/manual,True,False,0.776107256150407,0.8198681491830702,HIGH
validation,GRD,75c03770095c6d9ev,75c03770095c6d9ev_003.87542376400000021519_009.51008335200000054499,S1A_IW_GRDH_1SDV_20200522T050605_20200522T050630_032673_03C8C7_2055,3.875423764,9.510083352,15820.0,14154.0,14161.0,15812.0,14148.0,15828.0,125.5017504,ais/manual,True,False,5.326309588300941,4.69436675862476,HIGH
validation,GRD,75c03770095c6d9ev,75c03770095c6d9ev_004.00302564500000013226_009.19333570999999949436,S1A_IW_GRDH_1SDV_20200522T050605_20200522T050630_032673_03C8C7_2055,4.003025645,9.19333571,19549.0,14811.0,14815.0,19543.0,14807.0,19554.0,35.63233543,ais/manual,True,False,0.8250868121133842,0.595359492792375,HIGH
validation,GRD,75c03770095c6d9ev,75c03770095c6d9ev_003.88510535399999978878_009.50711686400000033359,S1A_IW_GRDH_1SDV_20200522T050605_20200522T050630_032673_03C8C7_2055,3.885105354,9.507116864,15874.0,14251.0,14259.0,15866.0,14243.0,15881.0,126.8669291,ais/manual,True,False,4.382963561280945,3.889492254764124,HIGH
validation,GRD,75c03770095c6d9ev,75c03770095c6d9ev_003.76167720499999980177_009.01280052499999939641,S1A_IW_GRDH_1SDV_20200522T050605_20200522T050630_032673_03C8C7_2055,3.761677205,9.012800525,20972.0,11829.0,11833.0,20967.0,11826.0,20976.0,57.8833015,ais/manual,True,False,9999.99,9.913339444546278,HIGH
validation,GRD,75c03770095c6d9ev,75c03770095c6d9ev_003.82477531400000003714_009.29083623700000060808,S1A_IW_GRDH_1SDV_20200522T050605_20200522T050630_032673_03C8C7_2055,3.824775314,9.290836237,18092.0,13124.0,13130.0,18088.0,13119.0,18095.0,22.57329143,ais/manual,True,True,9999.99,9.985165924117556,HIGH
validation,GRD,75c03770095c6d9ev,75c03770095c6d9ev_003.02761080500000012705_009.87560241399999938494,S1A_IW_GRDH_1SDV_20200522T050605_20200522T050630_032673_03C8C7_2055,3.027610805,9.875602414,9942.0,5927.0,5934.0,9936.0,5919.0,9947.0,39.10558995,ais/manual,True,False,6.724369527421746,6.503145626051862,HIGH
validation,GRD,75c03770095c6d9ev,75c03770095c6d9ev_003.88689622500000009353_009.53684088500000015642,S1A_IW_GRDH_1SDV_20200522T050605_20200522T050630_032673_03C8C7_2055,3.886896225,9.536840885,15554.0,14337.0,14347.0,15546.0,14327.0,15563.0,147.1777029,ais/manual,True,False,7.229353573639906,6.246813732706251,HIGH
validation,GRD,75c03770095c6d9ev,75c03770095c6d9ev_003.96278094499999999911_009.12171187200000055384,S1A_IW_GRDH_1SDV_20200522T050605_20200522T050630_032673_03C8C7_2055,3.962780945,9.121711872,20238.0,14221.0,14226.0,20230.0,14217.0,20247.0,128.6,ais/manual,True,False,4.753936584377208,4.317514786174206,HIGH
validation,GRD,75c03770095c6d9ev,75c03770095c6d9ev_003.84487607699999989208_009.45800718699999976025,S1A_IW_GRDH_1SDV_20200522T050605_20200522T050630_032673_03C8C7_2055,3.844876077,9.458007187,16319.0,13712.0,13720.0,16311.0,13704.0,16326.0,144.0,ais/manual,True,False,5.521138439153668,4.260941129059034,HIGH
validation,GRD,75c03770095c6d9ev,75c03770095c6d9ev_004.00475646299999965549_009.13378953099999968401,S1A_IW_GRDH_1SDV_20200522T050605_20200522T050630_032673_03C8C7_2055,4.0047564630000005,9.133789531,20200.0,14697.0,14703.0,20191.0,14690.0,20209.0,31.63978468,ais/manual,True,False,0.5697903893704303,0.1464672061549944,HIGH
validation,GRD,75c03770095c6d9ev,75c03770095c6d9ev_003.70504066499999984430_009.40588394100000080300,S1A_IW_GRDH_1SDV_20200522T050605_20200522T050630_032673_03C8C7_2055,3.705040665,9.405883941,16570.0,12102.0,12112.0,16559.0,12093.0,16580.0,188.3482726,ais/manual,True,False,9999.99,9999.99,HIGH
validation,GRD,75c03770095c6d9ev,75c03770095c6d9ev_003.75506910500000001818_008.91715723599999954274,S1A_IW_GRDH_1SDV_20200522T050605_20200522T050630_032673_03C8C7_2055,3.755069105,8.917157236,21998.0,11545.0,11549.0,21994.0,11542.0,22001.0,61.72827927,ais/manual,True,False,0.5643843416583023,0.4356306129389273,HIGH
validation,GRD,75c03770095c6d9ev,75c03770095c6d9ev_003.89503308299999995157_009.54459206800000004023,S1A_IW_GRDH_1SDV_20200522T050605_20200522T050630_032673_03C8C7_2055,3.895033083,9.544592068,15488.0,14441.0,14447.0,15480.0,14435.0,15496.0,130.6225419,ais/manual,True,False,7.538212680751362,5.72782666955464,HIGH
validation,GRD,75c03770095c6d9ev,75c03770095c6d9ev_003.83863391100000006517_009.23580983499999952357,S1A_IW_GRDH_1SDV_20200522T050605_20200522T050630_032673_03C8C7_2055,3.838633911,9.235809835,18721.0,13149.0,13159.0,18715.0,13140.0,18727.0,25.99163079,ais/manual,True,True,9999.99,9999.99,HIGH
validation,GRD,75c03770095c6d9ev,75c03770095c6d9ev_003.98060579300000005887_009.10315735000000003652,S1A_IW_GRDH_1SDV_20200522T050605_20200522T050630_032673_03C8C7_2055,3.980605793,9.10315735,20480.0,14370.0,14375.0,20474.0,14365.0,20485.0,138.1771992,ais/manual,True,False,3.437703371280008,3.100579062315398,HIGH
validation,GRD,75c03770095c6d9ev,75c03770095c6d9ev_002.82020881999999994960_009.84431352100000012229,S1A_IW_GRDH_1SDV_20200522T050605_20200522T050630_032673_03C8C7_2055,2.82020882,9.844313521,9815.0,3645.0,3649.0,9812.0,3640.0,9818.0,40.33571638,ais/manual,True,False,4.722691568315298,3.701934332334505,HIGH
validation,GRD,75c03770095c6d9ev,75c03770095c6d9ev_003.89567178599999985877_009.53612587900000008290,S1A_IW_GRDH_1SDV_20200522T050605_20200522T050630_032673_03C8C7_2055,3.895671786,9.536125879,15582.0,14429.0,14438.0,15571.0,14419.0,15592.0,141.0123582,ais/manual,True,False,6.861915951669859,5.305146485179732,HIGH
validation,GRD,75c03770095c6d9ev,75c03770095c6d9ev_002.80437682800000009919_009.84610142999999915503,S1A_IW_GRDH_1SDV_20200522T050605_20200522T050630_032673_03C8C7_2055,2.804376828,9.84610143,9760.0,3480.0,3482.0,9758.0,3478.0,9763.0,31.54412368,ais/manual,True,False,4.765478302092263,4.067610561430104,HIGH
validation,GRD,75c03770095c6d9ev,75c03770095c6d9ev_003.87289483999999983865_009.50323664799999967556,S1A_IW_GRDH_1SDV_20200522T050605_20200522T050630_032673_03C8C7_2055,3.87289484,9.503236648,15889.0,14112.0,14118.0,15885.0,14107.0,15893.0,149.9401965,ais/manual,True,False,5.021025296897674,4.227002394578416,HIGH
validation,GRD,75c03770095c6d9ev,75c03770095c6d9ev_003.95916546900000021481_009.09702918900000057079,S1A_IW_GRDH_1SDV_20200522T050605_20200522T050630_032673_03C8C7_2055,3.959165469,9.097029189,20499.0,14128.0,14133.0,20488.0,14122.0,20510.0,186.4773285,ais/manual,True,False,5.862608896062616,5.517726679059406,HIGH
validation,GRD,75c03770095c6d9ev,75c03770095c6d9ev_003.88545880099999996204_009.52089770999999984724,S1A_IW_GRDH_1SDV_20200522T050605_20200522T050630_032673_03C8C7_2055,3.885458801,9.52089771,15725.0,14286.0,14292.0,15716.0,14279.0,15733.0,118.7719148,ais/manual,True,False,5.659549558899385,5.311132034356146,HIGH
validation,GRD,75c03770095c6d9ev,75c03770095c6d9ev_003.65418505299999996083_009.43377547200000066141,S1A_IW_GRDH_1SDV_20200522T050605_20200522T050630_032673_03C8C7_2055,3.654185053,9.433775472,16153.0,11622.0,11628.0,16142.0,11616.0,16164.0,207.5572535,ais/manual,True,False,9999.99,9999.99,HIGH
validation,GRD,36076e547370064ev,36076e547370064ev_044.12816233000000210041_014.50977527999999949770,S1A_IW_GRDH_1SDV_20200613T051118_20200613T051143_032994_03D25F_C80A,44.12816233,14.50977528,9970.0,9942.0,9944.0,9967.0,9939.0,9971.0,40.16658854,ais/manual,True,False,9999.99,9999.99,HIGH
validation,GRD,36076e547370064ev,36076e547370064ev_044.50256539000000088890_014.08133517999999995141,S1A_IW_GRDH_1SDV_20200613T051118_20200613T051143_032994_03D25F_C80A,44.50256539,14.08133518,14055.0,13395.0,13397.0,14053.0,13392.0,14057.0,17.25,ais/manual,True,True,9999.99,9999.99,HIGH
validation,GRD,36076e547370064ev,36076e547370064ev_043.31534406000000103631_015.02653038999999957070,S1A_IW_GRDH_1SDV_20200613T051118_20200613T051143_032994_03D25F_C80A,43.31534406,15.02653039,4222.0,1943.0,1952.0,4213.0,1934.0,4231.0,141.1221757,ais/manual,True,False,9999.99,9999.99,HIGH
validation,GRD,36076e547370064ev,36076e547370064ev_043.99648255999999690857_012.73123572000000081061,S1A_IW_GRDH_1SDV_20200613T051118_20200613T051143_032994_03D25F_C80A,43.99648256,12.73123572,23770.0,6187.0,6194.0,23765.0,6180.0,23774.0,19.56769732,ais/manual,True,False,2.700395537531032,2.6106350874066537,HIGH
validation,GRD,36076e547370064ev,36076e547370064ev_043.99740256999999843401_014.25442299000000012654,S1A_IW_GRDH_1SDV_20200613T051118_20200613T051143_032994_03D25F_C80A,43.99740257,14.25442299,11727.0,8181.0,8189.0,11719.0,8173.0,11734.0,123.18,ais/manual,True,False,9999.99,9999.99,HIGH
validation,GRD,36076e547370064ev,36076e547370064ev_044.08663812999999720432_012.61362581999999932236,S1A_IW_GRDH_1SDV_20200613T051118_20200613T051143_032994_03D25F_C80A,44.08663813,12.61362582,24860.0,7021.0,7023.0,24857.0,7019.0,24861.0,17.22,ais/manual,True,True,2.9825692022450445,2.8185634625202827,HIGH
validation,GRD,36076e547370064ev,36076e547370064ev_043.54605555999999921823_015.31530640000000076384,S1A_IW_GRDH_1SDV_20200613T051118_20200613T051143_032994_03D25F_C80A,43.54605556,15.3153064,2409.0,4844.0,4846.0,2407.0,4842.0,2411.0,26.0,ais/manual,True,True,9999.99,9999.99,HIGH
validation,GRD,36076e547370064ev,36076e547370064ev_044.49311680000000279733_013.78327218999999992377,S1A_IW_GRDH_1SDV_20200613T051118_20200613T051143_032994_03D25F_C80A,44.4931168,13.78327219,16377.0,12899.0,12909.0,16370.0,12890.0,16384.0,138.7094305,ais/manual,True,False,9999.99,9999.99,HIGH
validation,GRD,36076e547370064ev,36076e547370064ev_044.10319464999999894417_012.57897537999999926228,S1A_IW_GRDH_1SDV_20200613T051118_20200613T051143_032994_03D25F_C80A,44.10319465,12.57897538,25163.0,7158.0,7166.0,25158.0,7149.0,25166.0,23.02,ais/manual,True,True,2.3561867844406303,2.9876321218590154,HIGH
validation,GRD,36076e547370064ev,36076e547370064ev_044.01372648000000253887_013.76854095000000022253,S1A_IW_GRDH_1SDV_20200613T051118_20200613T051143_032994_03D25F_C80A,44.01372648,13.76854095,15596.0,7702.0,7705.0,15592.0,7699.0,15598.0,26.15301247,ais/manual,True,False,9999.99,9999.99,HIGH
validation,GRD,36076e547370064ev,36076e547370064ev_044.75430182000000201015_013.03012563999999962050,S1A_IW_GRDH_1SDV_20200613T051118_20200613T051143_032994_03D25F_C80A,44.75430182,13.03012564,22735.0,14772.0,14776.0,22731.0,14767.0,22738.0,87.49962599,ais/manual,True,False,9999.99,9999.99,HIGH
validation,GRD,36076e547370064ev,36076e547370064ev_043.71100948000000130378_013.67855948999999959881,S1A_IW_GRDH_1SDV_20200613T051118_20200613T051143_032994_03D25F_C80A,43.71100948,13.67855949,15734.0,4314.0,4320.0,15729.0,4309.0,15739.0,103.4408767,ais/manual,True,False,9999.99,9999.99,HIGH
validation,GRD,36076e547370064ev,36076e547370064ev_043.64392986000000007607_015.51407668999999955872,S1A_IW_GRDH_1SDV_20200613T051118_20200613T051143_032994_03D25F_C80A,43.64392986,15.51407669,1041.0,6189.0,6191.0,1039.0,6187.0,1043.0,23.705,ais/manual,True,True,3.496057127513672,5.202363040590587,HIGH
validation,GRD,36076e547370064ev,36076e547370064ev_043.48833982000000020207_014.29979411000000055765,S1A_IW_GRDH_1SDV_20200613T051118_20200613T051143_032994_03D25F_C80A,43.48833982,14.29979411,10363.0,2761.0,2770.0,10355.0,2753.0,10369.0,158.3912322,ais/manual,True,False,9999.99,9999.99,HIGH
validation,GRD,36076e547370064ev,36076e547370064ev_043.70860811000000012427_015.61727836999999929901,S1A_IW_GRDH_1SDV_20200613T051118_20200613T051143_032994_03D25F_C80A,43.70860811,15.61727837,362.0,7037.0,7039.0,359.0,7034.0,365.0,27.4,ais/manual,True,False,1.2779271898095992,1.6809955220306387,HIGH
validation,GRD,36076e547370064ev,36076e547370064ev_043.67937058999999777598_015.29503713999999980899,S1A_IW_GRDH_1SDV_20200613T051118_20200613T051143_032994_03D25F_C80A,43.67937059,15.29503714,2851.0,6243.0,6246.0,2848.0,6241.0,2853.0,30.9,ais/manual,True,False,9.189719874216632,9.318641240634031,HIGH
validation,GRD,36076e547370064ev,36076e547370064ev_043.79837521999999694344_015.46555142000000060420,S1A_IW_GRDH_1SDV_20200613T051118_20200613T051143_032994_03D25F_C80A,43.79837522,15.46555142,1754.0,7772.0,7777.0,1750.0,7766.0,1757.0,25.625,ais/manual,True,True,4.178457934413811,5.700291976870337,HIGH
validation,GRD,36076e547370064ev,36076e547370064ev_043.76227195999999963760_015.46502289000000018859,S1A_IW_GRDH_1SDV_20200613T051118_20200613T051143_032994_03D25F_C80A,43.76227196,15.46502289,1681.0,7384.0,7387.0,1678.0,7381.0,1684.0,25.625,ais/manual,True,True,2.260558610231162,2.6803416087994667,HIGH
validation,GRD,36076e547370064ev,36076e547370064ev_044.46035091000000250006_013.80067161999999925115,S1A_IW_GRDH_1SDV_20200613T051118_20200613T051143_032994_03D25F_C80A,44.46035091,13.80067162,16183.0,12568.0,12570.0,16180.0,12566.0,16184.0,18.13689109,ais/manual,True,True,9999.99,9999.99,HIGH
validation,GRD,36076e547370064ev,36076e547370064ev_043.63724947000000042863_015.20445272999999986041,S1A_IW_GRDH_1SDV_20200613T051118_20200613T051143_032994_03D25F_C80A,43.63724947,15.20445273,3480.0,5658.0,5660.0,3478.0,5656.0,3481.0,14.51342204,ais/manual,True,True,9999.99,9999.99,HIGH
validation,GRD,36076e547370064ev,36076e547370064ev_043.72921191999999734890_015.58595204999999950246,S1A_IW_GRDH_1SDV_20200613T051118_20200613T051143_032994_03D25F_C80A,43.72921192,15.58595205,654.0,7210.0,7212.0,652.0,7209.0,656.0,23.19,ais/manual,True,True,0.4952010820337362,4.944424408780032,HIGH
validation,GRD,36076e547370064ev,36076e547370064ev_043.58572233999999667731_015.46031711000000008482,S1A_IW_GRDH_1SDV_20200613T051118_20200613T051143_032994_03D25F_C80A,43.58572234,15.46031711,1343.0,5485.0,5487.0,1340.0,5483.0,1345.0,27.22,ais/manual,True,False,9999.99,9999.99,HIGH
validation,GRD,36076e547370064ev,36076e547370064ev_043.51175666999999691598_015.44800131000000043002,S1A_IW_GRDH_1SDV_20200613T051118_20200613T051143_032994_03D25F_C80A,43.51175667,15.44800131,1283.0,4674.0,4680.0,1278.0,4668.0,1288.0,30.3,ais/manual,True,False,9999.99,9999.99,HIGH
validation,GRD,36076e547370064ev,36076e547370064ev_044.66598129999999855499_014.09503081000000079825,S1A_IW_GRDH_1SDV_20200613T051118_20200613T051143_032994_03D25F_C80A,44.6659813,14.09503081,14254.0,15176.0,15193.0,14247.0,15159.0,14260.0,222.0747866,ais/manual,True,False,9.193167337414598,9999.99,HIGH
validation,GRD,36076e547370064ev,36076e547370064ev_043.58026379999999733172_015.31808589000000075941,S1A_IW_GRDH_1SDV_20200613T051118_20200613T051143_032994_03D25F_C80A,43.5802638,15.31808589,2459.0,5215.0,5218.0,2457.0,5211.0,2462.0,25.285,ais/manual,True,False,9999.99,9999.99,HIGH
validation,GRD,36076e547370064ev,36076e547370064ev_044.08791167999999771610_013.02965020000000073708,S1A_IW_GRDH_1SDV_20200613T051118_20200613T051143_032994_03D25F_C80A,44.08791168,13.0296502,21572.0,7550.0,7554.0,21569.0,7546.0,21576.0,23.85003985,ais/manual,True,False,9999.99,9999.99,HIGH
validation,GRD,36076e547370064ev,36076e547370064ev_044.15509017000000113740_015.11044030999999954190,S1A_IW_GRDH_1SDV_20200613T051118_20200613T051143_032994_03D25F_C80A,44.15509017,15.11044031,5298.0,11080.0,11086.0,5295.0,11074.0,5301.0,15.668421900000002,ais/manual,True,False,1.9112828130101989,2.3745279464019955,HIGH
validation,GRD,36076e547370064ev,36076e547370064ev_043.85131008999999835396_014.02059844999999960180,S1A_IW_GRDH_1SDV_20200613T051118_20200613T051143_032994_03D25F_C80A,43.85131009,14.02059845,13291.0,6288.0,6293.0,13284.0,6282.0,13296.0,97.0,ais/manual,True,False,9999.99,9999.99,HIGH
validation,GRD,36076e547370064ev,36076e547370064ev_044.04137380000000234759_013.76085392000000062751,S1A_IW_GRDH_1SDV_20200613T051118_20200613T051143_032994_03D25F_C80A,44.0413738,13.76085392,15709.0,7991.0,7999.0,15704.0,7982.0,15714.0,31.35296513,ais/manual,True,False,9999.99,9999.99,HIGH
validation,GRD,36076e547370064ev,36076e547370064ev_043.59950328000000041584_015.35845409999999944262,S1A_IW_GRDH_1SDV_20200613T051118_20200613T051143_032994_03D25F_C80A,43.59950328,15.3584541,2180.0,5481.0,5484.0,2176.0,5478.0,2182.0,25.42333333,ais/manual,True,False,9999.99,9999.99,HIGH
validation,GRD,36076e547370064ev,36076e547370064ev_043.80674546000000191270_015.46636237999999963222,S1A_IW_GRDH_1SDV_20200613T051118_20200613T051143_032994_03D25F_C80A,43.80674546,15.46636238,1765.0,7863.0,7869.0,1761.0,7856.0,1769.0,34.4,ais/manual,True,True,3.502692982553268,4.846700007023012,HIGH
validation,GRD,36076e547370064ev,36076e547370064ev_044.77089569999999696392_014.14659823999999943567,S1A_IW_GRDH_1SDV_20200613T051118_20200613T051143_032994_03D25F_C80A,44.7708957,14.14659824,14047.0,16377.0,16384.0,14042.0,16370.0,14052.0,118.80527859999998,ais/manual,True,False,5.098152083618108,9999.99,HIGH
validation,GRD,36076e547370064ev,36076e547370064ev_043.62205579999999827123_015.19101522999999964725,S1A_IW_GRDH_1SDV_20200613T051118_20200613T051143_032994_03D25F_C80A,43.6220558,15.19101523,3555.0,5475.0,5478.0,3551.0,5473.0,3557.0,28.2,ais/manual,True,True,9999.99,9999.99,HIGH
validation,GRD,36076e547370064ev,36076e547370064ev_044.06960466999999681548_012.66063787000000040450,S1A_IW_GRDH_1SDV_20200613T051118_20200613T051143_032994_03D25F_C80A,44.06960467,12.66063787,24458.0,6893.0,6898.0,24453.0,6888.0,24462.0,26.425,ais/manual,True,True,4.836812910524762,4.713875902250167,HIGH
validation,GRD,36076e547370064ev,36076e547370064ev_043.59553978999999657162_015.50239058000000014204,S1A_IW_GRDH_1SDV_20200613T051118_20200613T051143_032994_03D25F_C80A,43.59553979,15.50239058,1030.0,5653.0,5657.0,1027.0,5650.0,1033.0,27.26110051,ais/manual,True,True,6.590035085052722,9999.99,HIGH
validation,GRD,36076e547370064ev,36076e547370064ev_044.00474355000000059590_012.73466278999999978794,S1A_IW_GRDH_1SDV_20200613T051118_20200613T051143_032994_03D25F_C80A,44.00474355,12.73466279,23758.0,6281.0,6285.0,23754.0,6276.0,23761.0,23.86210998,ais/manual,True,False,3.646322509316757,3.506090012339598,HIGH
validation,GRD,13dd786ee6c95e06v,13dd786ee6c95e06v_044.18587549000000080923_012.47071165999999919904,S1A_IW_GRDH_1SDV_20200618T051930_20200618T051955_033067_03D4A2_4569,44.18587549,12.47071166,9942.0,9237.0,9240.0,9939.0,9234.0,9944.0,15.6,ais/manual,True,True,2.794248679860878,2.3087582100484507,HIGH
validation,GRD,13dd786ee6c95e06v,13dd786ee6c95e06v_044.49461010000000271702_012.47613570999999943467,S1A_IW_GRDH_1SDV_20200618T051930_20200618T051955_033067_03D4A2_4569,44.4946101,12.47613571,10512.0,12569.0,12576.0,10501.0,12561.0,10523.0,147.4447183,ais/manual,True,False,9999.99,9999.99,HIGH
validation,GRD,13dd786ee6c95e06v,13dd786ee6c95e06v_044.68508681000000137828_012.27203006999999956861,S1A_IW_GRDH_1SDV_20200618T051930_20200618T051955_033067_03D4A2_4569,44.68508681,12.27203007,12482.0,14344.0,14347.0,12480.0,14342.0,12485.0,18.39,ais/manual,True,True,1.7906926152539469,2.0141726720083595,HIGH
validation,GRD,13dd786ee6c95e06v,13dd786ee6c95e06v_043.99723261999999834870_012.73529027999999918563,S1A_IW_GRDH_1SDV_20200618T051930_20200618T051955_033067_03D4A2_4569,43.99723262,12.73529028,7477.0,7579.0,7581.0,7474.0,7575.0,7480.0,18.0,ais/manual,True,True,2.89586491102759,2.5910538178815514,HIGH
validation,GRD,13dd786ee6c95e06v,13dd786ee6c95e06v_044.08565063999999722455_013.02157376999999982559,S1A_IW_GRDH_1SDV_20200618T051930_20200618T051955_033067_03D4A2_4569,44.08565064,13.02157377,5403.0,8938.0,8941.0,5400.0,8934.0,5406.0,23.85003985,ais/manual,True,False,9999.99,9999.99,HIGH
validation,GRD,13dd786ee6c95e06v,13dd786ee6c95e06v_044.65788904000000059114_012.37521863000000088562,S1A_IW_GRDH_1SDV_20200618T051930_20200618T051955_033067_03D4A2_4569,44.65788904,12.37521863,11623.0,14191.0,14196.0,11620.0,14185.0,11627.0,14.96,ais/manual,True,True,8.993022722641916,8.963988549806022,HIGH
validation,GRD,13dd786ee6c95e06v,13dd786ee6c95e06v_044.46706384000000156220_013.17027661999999921250,S1A_IW_GRDH_1SDV_20200618T051930_20200618T051955_033067_03D4A2_4569,44.46706384,13.17027662,5026.0,13247.0,13259.0,5018.0,13236.0,5034.0,158.16985490000005,ais/manual,True,False,9999.99,9999.99,HIGH
validation,GRD,13dd786ee6c95e06v,13dd786ee6c95e06v_043.74571705999999693404_013.45619521000000062827,S1A_IW_GRDH_1SDV_20200618T051930_20200618T051955_033067_03D4A2_4569,43.74571706,13.45619521,1261.0,5928.0,5931.0,1257.0,5925.0,1263.0,25.3,ais/manual,True,True,9999.99,9999.99,HIGH
validation,GRD,13dd786ee6c95e06v,13dd786ee6c95e06v_044.61768375999999847181_012.35724326999999966858,S1A_IW_GRDH_1SDV_20200618T051930_20200618T051955_033067_03D4A2_4569,44.61768376,12.35724327,11685.0,13733.0,13738.0,11683.0,13728.0,11687.0,13.72,ais/manual,True,True,6.411358037295016,6.349737170219329,HIGH
validation,GRD,13dd786ee6c95e06v,13dd786ee6c95e06v_044.26286289000000095939_012.50812690999999965413,S1A_IW_GRDH_1SDV_20200618T051930_20200618T051955_033067_03D4A2_4569,44.26286289,12.50812691,9801.0,10118.0,10119.0,9799.0,10116.0,9802.0,17.9,ais/manual,True,True,9999.99,9999.99,HIGH
validation,GRD,13dd786ee6c95e06v,13dd786ee6c95e06v_044.02335355000000305381_012.96550251000000031354,S1A_IW_GRDH_1SDV_20200618T051930_20200618T051955_033067_03D4A2_4569,44.02335355,12.96550251,5716.0,8188.0,8191.0,5714.0,8185.0,5719.0,27.38,ais/manual,True,True,9999.99,9999.99,HIGH
validation,GRD,13dd786ee6c95e06v,13dd786ee6c95e06v_044.67486547000000030039_012.30026645000000051766,S1A_IW_GRDH_1SDV_20200618T051930_20200618T051955_033067_03D4A2_4569,44.67486547,12.30026645,12242.0,14272.0,14275.0,12240.0,14270.0,12243.0,16.12,ais/manual,True,True,3.766210395284177,3.875482691904842,HIGH
validation,GRD,13dd786ee6c95e06v,13dd786ee6c95e06v_044.22423889000000229998_012.67890017999999940912,S1A_IW_GRDH_1SDV_20200618T051930_20200618T051955_033067_03D4A2_4569,44.22423889,12.67890018,8382.0,9940.0,9945.0,8379.0,9936.0,8384.0,21.7,ais/manual,True,True,9999.99,9999.99,HIGH
validation,GRD,13dd786ee6c95e06v,13dd786ee6c95e06v_044.66083520000000106620_012.49428351000000070314,S1A_IW_GRDH_1SDV_20200618T051930_20200618T051955_033067_03D4A2_4569,44.6608352,12.49428351,10700.0,14385.0,14387.0,10697.0,14382.0,10701.0,25.64,ais/manual,True,True,9999.99,9999.99,HIGH
validation,GRD,13dd786ee6c95e06v,13dd786ee6c95e06v_044.07659882000000095559_012.58814560999999976332,S1A_IW_GRDH_1SDV_20200618T051930_20200618T051955_033067_03D4A2_4569,44.07659882,12.58814561,8798.0,8225.0,8228.0,8794.0,8222.0,8802.0,24.00784339,ais/manual,True,False,0.6829678478989886,0.4651373857433119,HIGH
validation,GRD,13dd786ee6c95e06v,13dd786ee6c95e06v_044.05839278999999919506_012.91648570999999989795,S1A_IW_GRDH_1SDV_20200618T051930_20200618T051955_033067_03D4A2_4569,44.05839279,12.91648571,6175.0,8494.0,8499.0,6171.0,8489.0,6178.0,26.275,ais/manual,True,True,9999.99,9999.99,HIGH
validation,GRD,13dd786ee6c95e06v,13dd786ee6c95e06v_043.82240294999999719039_013.20774656000000035760,S1A_IW_GRDH_1SDV_20200618T051930_20200618T051955_033067_03D4A2_4569,43.82240295,13.20774656,3386.0,6382.0,6385.0,3383.0,6380.0,3387.0,16.8,ais/manual,True,True,7.795047434656365,7.39542935732051,HIGH
validation,GRD,13dd786ee6c95e06v,13dd786ee6c95e06v_044.16016564000000244050_012.51345655999999983976,S1A_IW_GRDH_1SDV_20200618T051930_20200618T051955_033067_03D4A2_4569,44.16016564,12.51345656,9554.0,9020.0,9022.0,9552.0,9018.0,9555.0,22.32,ais/manual,True,True,3.580051466393766,3.228477363796121,HIGH
validation,GRD,13dd786ee6c95e06v,13dd786ee6c95e06v_044.12580161000000344984_012.79062648999999929345,S1A_IW_GRDH_1SDV_20200618T051930_20200618T051955_033067_03D4A2_4569,44.12580161,12.79062649,7303.0,9039.0,9042.0,7300.0,9037.0,7307.0,21.7,ais/manual,True,True,9999.99,9999.99,HIGH
validation,GRD,13dd786ee6c95e06v,13dd786ee6c95e06v_044.65119903000000078919_012.38182632000000005235,S1A_IW_GRDH_1SDV_20200618T051930_20200618T051955_033067_03D4A2_4569,44.65119903,12.38182632,11559.0,14128.0,14132.0,11555.0,14122.0,11563.0,15.72,ais/manual,True,True,9.199648555196024,9.134909016596696,HIGH
validation,GRD,13dd786ee6c95e06v,13dd786ee6c95e06v_044.67827565000000333839_012.34199745999999997537,S1A_IW_GRDH_1SDV_20200618T051930_20200618T051955_033067_03D4A2_4569,44.67827565,12.34199746,11923.0,14365.0,14368.0,11919.0,14363.0,11925.0,20.17,ais/manual,True,True,7.066961730326949,7.197626011952378,HIGH
validation,GRD,13dd786ee6c95e06v,13dd786ee6c95e06v_044.03608249999999912916_012.91252549000000016122,S1A_IW_GRDH_1SDV_20200618T051930_20200618T051955_033067_03D4A2_4569,44.0360825,12.91252549,6160.0,8249.0,8252.0,6156.0,8245.0,6163.0,23.28,ais/manual,True,True,9999.99,9999.99,HIGH
validation,GRD,13dd786ee6c95e06v,13dd786ee6c95e06v_044.49286843000000146731_012.35546977999999995745,S1A_IW_GRDH_1SDV_20200618T051930_20200618T051955_033067_03D4A2_4569,44.49286843,12.35546978,11454.0,12385.0,12388.0,11450.0,12383.0,11456.0,26.44417917,ais/manual,True,False,4.807081635347406,5.402026970885975,HIGH
validation,GRD,13dd786ee6c95e06v,13dd786ee6c95e06v_044.16777773999999823218_012.63008465999999963003,S1A_IW_GRDH_1SDV_20200618T051930_20200618T051955_033067_03D4A2_4569,44.16777774,12.63008466,8652.0,9265.0,9268.0,8649.0,9261.0,8654.0,15.74,ais/manual,True,True,9999.99,9999.99,HIGH
validation,GRD,13dd786ee6c95e06v,13dd786ee6c95e06v_044.14972548000000074353_012.54690571000000076651,S1A_IW_GRDH_1SDV_20200618T051930_20200618T051955_033067_03D4A2_4569,44.14972548,12.54690571,9270.0,8954.0,8956.0,9267.0,8952.0,9272.0,21.8,ais/manual,True,True,4.970496787380147,4.743129758048974,HIGH
validation,GRD,13dd786ee6c95e06v,13dd786ee6c95e06v_044.16081896000000028835_013.25881182000000002574,S1A_IW_GRDH_1SDV_20200618T051930_20200618T051955_033067_03D4A2_4569,44.16081896,13.25881182,3694.0,10088.0,10091.0,3691.0,10086.0,3697.0,24.00614543,ais/manual,True,True,9999.99,9999.99,HIGH
validation,GRD,13dd786ee6c95e06v,13dd786ee6c95e06v_044.14907500999999712121_012.55856125000000034220,S1A_IW_GRDH_1SDV_20200618T051930_20200618T051955_033067_03D4A2_4569,44.14907501,12.55856125,9177.0,8963.0,8967.0,9173.0,8960.0,9179.0,18.72,ais/manual,True,True,5.617908443994053,5.497742679507896,HIGH
validation,GRD,13dd786ee6c95e06v,13dd786ee6c95e06v_044.67658937000000207718_012.27432162000000026580,S1A_IW_GRDH_1SDV_20200618T051930_20200618T051955_033067_03D4A2_4569,44.67658937,12.27432162,12448.0,14256.0,14259.0,12445.0,14253.0,12449.0,21.98,ais/manual,True,True,1.705285084534674,1.86430012366765,HIGH
validation,GRD,13dd786ee6c95e06v,13dd786ee6c95e06v_044.20696444000000013830_013.35946035999999992328,S1A_IW_GRDH_1SDV_20200618T051930_20200618T051955_033067_03D4A2_4569,44.20696444,13.35946036,3001.0,10730.0,10731.0,2998.0,10729.0,3003.0,22.56,ais/manual,True,True,9999.99,9999.99,HIGH
validation,GRD,13dd786ee6c95e06v,13dd786ee6c95e06v_044.74670128999999718644_012.44484575999999975693,S1A_IW_GRDH_1SDV_20200618T051930_20200618T051955_033067_03D4A2_4569,44.74670129,12.44484576,11255.0,15242.0,15245.0,11253.0,15240.0,11256.0,17.15,ais/manual,True,True,6.089497375157002,5.899116467098263,HIGH
validation,GRD,9b89b9dcce7dc85ev,9b89b9dcce7dc85ev_006.36585359600000000313_003.35363325199999984250,S1A_IW_GRDH_1SDV_20200630T053000_20200630T053029_033242_03D9F7_2A78,6.365853596,3.353633252,21189.0,11319.0,11327.0,21181.0,11311.0,21196.0,64.87461302,ais/manual,True,False,3.672547856016605,3.7954747998919904,HIGH
validation,GRD,9b89b9dcce7dc85ev,9b89b9dcce7dc85ev_006.26987133500000037856_003.18469412199999979407,S1A_IW_GRDH_1SDV_20200630T053000_20200630T053029_033242_03D9F7_2A78,6.269871335,3.184694122,22810.0,9924.0,9949.0,22792.0,9898.0,22829.0,185.6870662,ais/manual,True,False,9999.99,9999.99,HIGH
validation,GRD,9b89b9dcce7dc85ev,9b89b9dcce7dc85ev_006.28081550200000027218_003.18948949699999984020,S1A_IW_GRDH_1SDV_20200630T053000_20200630T053029_033242_03D9F7_2A78,6.280815502,3.189489497,22782.0,10052.0,10059.0,22772.0,10044.0,22792.0,164.11293480000003,ais/manual,True,False,9999.99,9999.99,HIGH
validation,GRD,9b89b9dcce7dc85ev,9b89b9dcce7dc85ev_006.32310476500000007150_003.42267872899999980874,S1A_IW_GRDH_1SDV_20200630T053000_20200630T053029_033242_03D9F7_2A78,6.323104765,3.422678729,20346.0,11013.0,11027.0,20333.0,10998.0,20360.0,173.79037730000005,ais/manual,True,False,8.280849926527418,8.710318772508993,HIGH
validation,GRD,9b89b9dcce7dc85ev,9b89b9dcce7dc85ev_006.34881044000000027694_003.40371228400000003234,S1A_IW_GRDH_1SDV_20200630T053000_20200630T053029_033242_03D9F7_2A78,6.34881044,3.403712284,20608.0,11246.0,11252.0,20602.0,11240.0,20615.0,99.22919051,ais/manual,True,False,5.038450860544666,5.383522241298641,HIGH
validation,GRD,9b89b9dcce7dc85ev,9b89b9dcce7dc85ev_006.32932396599999957942_003.32874466499999988045,S1A_IW_GRDH_1SDV_20200630T053000_20200630T053029_033242_03D9F7_2A78,6.3293239660000005,3.328744665,21379.0,10874.0,10885.0,21369.0,10863.0,21387.0,73.55552393,ais/manual,True,False,7.810329983926906,7.774300600848014,HIGH
validation,GRD,9b89b9dcce7dc85ev,9b89b9dcce7dc85ev_005.46248666899999957280_004.98627992199999958700,S1A_IW_GRDH_1SDV_20200630T053000_20200630T053029_033242_03D9F7_2A78,5.462486669,4.986279922,1474.0,5271.0,5276.0,1470.0,5266.0,1478.0,34.12560461,ais/manual,True,True,9999.99,9999.99,HIGH
validation,GRD,9b89b9dcce7dc85ev,9b89b9dcce7dc85ev_005.53686612200000016770_004.91262478400000013323,S1A_IW_GRDH_1SDV_20200630T053000_20200630T053029_033242_03D9F7_2A78,5.536866122,4.912624784,2440.0,5900.0,5906.0,2436.0,5895.0,2444.0,22.38909777,ais/manual,True,True,9999.99,9999.99,HIGH
validation,GRD,9b89b9dcce7dc85ev,9b89b9dcce7dc85ev_005.57493571599999970800_005.09692152800000020108,S1A_IW_GRDH_1SDV_20200630T053000_20200630T053029_033242_03D9F7_2A78,5.5749357160000015,5.096921528,525.0,6715.0,6720.0,521.0,6708.0,529.0,45.69198024,ais/manual,True,False,7.200671003399938,6.936772127893216,HIGH
validation,GRD,9b89b9dcce7dc85ev,9b89b9dcce7dc85ev_005.38520801199999965547_005.08750982300000043068,S1A_IW_GRDH_1SDV_20200630T053000_20200630T053029_033242_03D9F7_2A78,5.3852080120000005,5.087509823,202.0,4672.0,4675.0,200.0,4670.0,205.0,26.95480625,ais/manual,True,True,9999.99,9999.99,HIGH
validation,GRD,9b89b9dcce7dc85ev,9b89b9dcce7dc85ev_006.36889887400000009876_003.99847641599999992224,S1A_IW_GRDH_1SDV_20200630T053000_20200630T053029_033242_03D9F7_2A78,6.368898874,3.998476416,14204.0,12761.0,12769.0,14197.0,12753.0,14210.0,20.97971553,ais/manual,True,False,6.1076572545917855,5.3179888612832205,HIGH
validation,GRD,9b89b9dcce7dc85ev,9b89b9dcce7dc85ev_005.27026238399999957807_004.50658068899999975088,S1A_IW_GRDH_1SDV_20200630T053000_20200630T053029_033242_03D9F7_2A78,5.270262384,4.506580689,6252.0,2158.0,2171.0,6232.0,2146.0,6272.0,187.031418,ais/manual,True,False,9999.99,9999.99,HIGH
validation,GRD,9b89b9dcce7dc85ev,9b89b9dcce7dc85ev_006.30667319199999987234_003.22557262200000005592,S1A_IW_GRDH_1SDV_20200630T053000_20200630T053029_033242_03D9F7_2A78,6.306673192000001,3.225572622,22448.0,10407.0,10416.0,22437.0,10397.0,22458.0,155.8588785,ais/manual,True,False,9999.99,9999.99,HIGH
validation,GRD,9b89b9dcce7dc85ev,9b89b9dcce7dc85ev_006.36350767800000038932_003.34468014200000007818,S1A_IW_GRDH_1SDV_20200630T053000_20200630T053029_033242_03D9F7_2A78,6.363507678,3.344680142,21281.0,11274.0,11285.0,21270.0,11264.0,21291.0,141.0092888,ais/manual,True,False,4.014160094987564,3.9857339240943648,HIGH
validation,GRD,9b89b9dcce7dc85ev,9b89b9dcce7dc85ev_005.54489784200000013215_005.05206175200000018322,S1A_IW_GRDH_1SDV_20200630T053000_20200630T053029_033242_03D9F7_2A78,5.544897842,5.052061752,944.0,6295.0,6304.0,938.0,6286.0,951.0,35.44674516,ais/manual,True,False,9999.99,9999.99,HIGH
validation,GRD,9b89b9dcce7dc85ev,9b89b9dcce7dc85ev_005.35782324899999995438_004.34239156699999995226,S1A_IW_GRDH_1SDV_20200630T053000_20200630T053029_033242_03D9F7_2A78,5.357823249,4.342391567,8230.0,2728.0,2747.0,8219.0,2708.0,8240.0,,ais/manual,True,False,9999.99,9999.99,HIGH
validation,GRD,9b89b9dcce7dc85ev,9b89b9dcce7dc85ev_005.40320504399999990142_005.00521058400000029565,S1A_IW_GRDH_1SDV_20200630T053000_20200630T053029_033242_03D9F7_2A78,5.403205044,5.005210583999999,1136.0,4681.0,4699.0,1127.0,4664.0,1145.0,114.4470559,ais/manual,True,False,9999.99,9999.99,HIGH
validation,GRD,9b89b9dcce7dc85ev,9b89b9dcce7dc85ev_005.60380398599999995923_004.87511793699999973484,S1A_IW_GRDH_1SDV_20200630T053000_20200630T053029_033242_03D9F7_2A78,5.603803986,4.875117937,2996.0,6530.0,6537.0,2993.0,6524.0,2999.0,30.83723985,ais/manual,True,True,9999.99,9999.99,HIGH
validation,GRD,9b89b9dcce7dc85ev,9b89b9dcce7dc85ev_006.34633931100000037162_003.31465046400000007409,S1A_IW_GRDH_1SDV_20200630T053000_20200630T053029_033242_03D9F7_2A78,6.346339311,3.314650464,21569.0,11025.0,11033.0,21559.0,11018.0,21579.0,102.0020209,ais/manual,True,False,6.039010767220241,6.332979438363204,HIGH
validation,GRD,9b89b9dcce7dc85ev,9b89b9dcce7dc85ev_006.37625880399999989123_003.35029478200000019328,S1A_IW_GRDH_1SDV_20200630T053000_20200630T053029_033242_03D9F7_2A78,6.376258804,3.350294782,21248.0,11423.0,11432.0,21238.0,11415.0,21258.0,98.37142334,ais/manual,True,False,2.579641418951636,2.6150296166895184,HIGH
validation,GRD,9b89b9dcce7dc85ev,9b89b9dcce7dc85ev_005.68284652300000026059_004.86941475600000028834,S1A_IW_GRDH_1SDV_20200630T053000_20200630T053029_033242_03D9F7_2A78,5.682846522999999,4.869414756,3235.0,7360.0,7366.0,3232.0,7354.0,3238.0,26.74146001,ais/manual,True,True,9999.99,9999.99,HIGH
validation,GRD,9b89b9dcce7dc85ev,9b89b9dcce7dc85ev_006.20932582699999979781_004.50471140600000019560,S1A_IW_GRDH_1SDV_20200630T053000_20200630T053029_033242_03D9F7_2A78,6.209325827000001,4.504711406,8362.0,12169.0,12174.0,8354.0,12164.0,8371.0,38.61720056,ais/manual,True,True,9.26498345542984,8.650174427432058,HIGH
validation,GRD,9b89b9dcce7dc85ev,9b89b9dcce7dc85ev_006.31201753800000009420_003.20848719999999998365,S1A_IW_GRDH_1SDV_20200630T053000_20200630T053029_033242_03D9F7_2A78,6.312017537999999,3.2084872000000004,22645.0,10427.0,10441.0,22630.0,10413.0,22660.0,183.4322086,ais/manual,True,False,9999.99,9.744399033702978,HIGH
validation,GRD,9b89b9dcce7dc85ev,9b89b9dcce7dc85ev_005.59811865699999966495_005.03446954999999984892,S1A_IW_GRDH_1SDV_20200630T053000_20200630T053029_033242_03D9F7_2A78,5.5981186570000006,5.03446955,1254.0,6823.0,6827.0,1250.0,6820.0,1258.0,197.6726107,ais/manual,True,False,9999.99,9999.99,HIGH
validation,GRD,9b89b9dcce7dc85ev,9b89b9dcce7dc85ev_005.41550330899999998735_005.03159308700000007519,S1A_IW_GRDH_1SDV_20200630T053000_20200630T053029_033242_03D9F7_2A78,5.415503309,5.031593087,877.0,4871.0,4879.0,872.0,4863.0,881.0,28.79184254,ais/manual,True,True,9999.99,9999.99,HIGH
validation,GRD,9b89b9dcce7dc85ev,9b89b9dcce7dc85ev_005.26767732500000018803_004.97771277899999997629,S1A_IW_GRDH_1SDV_20200630T053000_20200630T053029_033242_03D9F7_2A78,5.267677325,4.977712779,1131.0,3176.0,3185.0,1125.0,3168.0,1136.0,29.66751134,ais/manual,True,True,9999.99,9999.99,HIGH
validation,GRD,9b89b9dcce7dc85ev,9b89b9dcce7dc85ev_005.50980867599999957207_004.83385381899999977406,S1A_IW_GRDH_1SDV_20200630T053000_20200630T053029_033242_03D9F7_2A78,5.5098086760000005,4.833853819,3234.0,5437.0,5442.0,3227.0,5431.0,3241.0,46.353204,ais/manual,True,False,9999.99,9999.99,HIGH
validation,GRD,9b89b9dcce7dc85ev,9b89b9dcce7dc85ev_005.98933292400000016897_004.49425246499999975214,S1A_IW_GRDH_1SDV_20200630T053000_20200630T053029_033242_03D9F7_2A78,5.989332924,4.494252465,7987.0,9799.0,9802.0,7985.0,9797.0,7990.0,28.12928594,ais/manual,True,True,9999.99,9999.99,HIGH
validation,GRD,9b89b9dcce7dc85ev,9b89b9dcce7dc85ev_006.38346825799999972872_003.38845798799999986528,S1A_IW_GRDH_1SDV_20200630T053000_20200630T053029_033242_03D9F7_2A78,6.383468258,3.3884579880000003,20850.0,11583.0,11587.0,20845.0,11580.0,20854.0,23.74108679,ais/manual,True,False,1.2458651943794563,1.44844040933059,HIGH
validation,GRD,9b89b9dcce7dc85ev,9b89b9dcce7dc85ev_006.33748476500000013090_003.29665249399999993329,S1A_IW_GRDH_1SDV_20200630T053000_20200630T053029_033242_03D9F7_2A78,6.337484765,3.296652494,21745.0,10891.0,10901.0,21737.0,10882.0,21752.0,29.03634606,ais/manual,True,True,7.134555561752807,7.472903272384116,HIGH
validation,GRD,9b89b9dcce7dc85ev,9b89b9dcce7dc85ev_006.34440334399999983361_003.36962219800000006842,S1A_IW_GRDH_1SDV_20200630T053000_20200630T053029_033242_03D9F7_2A78,6.344403344,3.369622198,20968.0,11125.0,11132.0,20960.0,11118.0,20976.0,121.6145717,ais/manual,True,False,5.704842477521235,5.8459143267043885,HIGH
validation,GRD,9b89b9dcce7dc85ev,9b89b9dcce7dc85ev_005.36486805799999988409_004.34673826800000018267,S1A_IW_GRDH_1SDV_20200630T053000_20200630T053029_033242_03D9F7_2A78,5.364868058,4.346738268,8199.0,2813.0,2819.0,8193.0,2806.0,8204.0,84.19084382,ais/manual,True,False,9999.99,9999.99,HIGH
validation,GRD,9b89b9dcce7dc85ev,9b89b9dcce7dc85ev_006.37391524299999989722_004.02334855900000043505,S1A_IW_GRDH_1SDV_20200630T053000_20200630T053029_033242_03D9F7_2A78,6.373915243,4.023348559,13945.0,12869.0,12875.0,13938.0,12863.0,13952.0,55.41139522,ais/manual,True,False,5.158694384965802,4.995987780337954,HIGH
validation,GRD,9b89b9dcce7dc85ev,9b89b9dcce7dc85ev_005.51412149500000037250_004.95595321700000024379,S1A_IW_GRDH_1SDV_20200630T053000_20200630T053029_033242_03D9F7_2A78,5.514121495,4.955953217,1919.0,5754.0,5758.0,1915.0,5748.0,1922.0,63.37536832,ais/manual,True,False,9999.99,9999.99,HIGH
validation,GRD,9b89b9dcce7dc85ev,9b89b9dcce7dc85ev_005.38571540399999992843_005.09770458100000034563,S1A_IW_GRDH_1SDV_20200630T053000_20200630T053029_033242_03D9F7_2A78,5.385715404,5.097704581,93.0,4701.0,4705.0,89.0,4696.0,96.0,28.40980369,ais/manual,True,True,9999.99,9999.99,HIGH
validation,GRD,9b89b9dcce7dc85ev,9b89b9dcce7dc85ev_006.29111875600000036712_003.21381291199999985508,S1A_IW_GRDH_1SDV_20200630T053000_20200630T053029_033242_03D9F7_2A78,6.291118756,3.213812912,22541.0,10215.0,10221.0,22532.0,10208.0,22550.0,32.56948524,ais/manual,True,False,9999.99,9999.99,HIGH
validation,GRD,9b89b9dcce7dc85ev,9b89b9dcce7dc85ev_005.92445097700000022911_004.86587675500000038653,S1A_IW_GRDH_1SDV_20200630T053000_20200630T053029_033242_03D9F7_2A78,5.924450977,4.865876755,3812.0,9928.0,9931.0,3809.0,9924.0,3816.0,49.34071211,ais/manual,True,False,6.584756037823508,6.259281350106381,HIGH
validation,GRD,9b89b9dcce7dc85ev,9b89b9dcce7dc85ev_005.52771424400000022104_005.00093300200000001610,S1A_IW_GRDH_1SDV_20200630T053000_20200630T053029_033242_03D9F7_2A78,5.5277142439999984,5.000933002,1461.0,5998.0,6004.0,1456.0,5993.0,1466.0,56.17737127,ais/manual,True,False,9999.99,9999.99,HIGH
validation,GRD,9b89b9dcce7dc85ev,9b89b9dcce7dc85ev_005.55923542399999970343_004.98362374700000021477,S1A_IW_GRDH_1SDV_20200630T053000_20200630T053029_033242_03D9F7_2A78,5.559235424,4.983623747,1719.0,6296.0,6303.0,1713.0,6289.0,1725.0,24.81803878,ais/manual,True,True,9999.99,9999.99,HIGH
validation,GRD,9b89b9dcce7dc85ev,9b89b9dcce7dc85ev_005.45532186800000040705_004.99302282100000027754,S1A_IW_GRDH_1SDV_20200630T053000_20200630T053029_033242_03D9F7_2A78,5.455321868,4.993022821,1385.0,5210.0,5213.0,1382.0,5206.0,1387.0,25.29928834,ais/manual,True,True,9999.99,9999.99,HIGH
validation,GRD,9b89b9dcce7dc85ev,9b89b9dcce7dc85ev_006.35054493799999963954_003.23020296599999978682,S1A_IW_GRDH_1SDV_20200630T053000_20200630T053029_033242_03D9F7_2A78,6.350544938,3.230202966,22494.0,10886.0,10899.0,22481.0,10873.0,22506.0,178.2454311,ais/manual,True,False,5.898602772849253,5.722088042560151,HIGH
validation,GRD,9b89b9dcce7dc85ev,9b89b9dcce7dc85ev_006.34892859999999981113_003.36646084599999984022,S1A_IW_GRDH_1SDV_20200630T053000_20200630T053029_033242_03D9F7_2A78,6.348928599999999,3.3664608460000003,21013.0,11166.0,11178.0,21003.0,11153.0,21022.0,47.62633751,ais/manual,True,False,5.270246250470266,5.403923842429584,HIGH
validation,GRD,9b89b9dcce7dc85ev,9b89b9dcce7dc85ev_005.45306324600000014158_004.96504714399999969032,S1A_IW_GRDH_1SDV_20200630T053000_20200630T053029_033242_03D9F7_2A78,5.453063246,4.965047144,1683.0,5123.0,5144.0,1674.0,5103.0,1692.0,89.24282218,ais/manual,True,False,9999.99,9999.99,HIGH
validation,GRD,9b89b9dcce7dc85ev,9b89b9dcce7dc85ev_005.93818908999999983678_004.54505323999999966134,S1A_IW_GRDH_1SDV_20200630T053000_20200630T053029_033242_03D9F7_2A78,5.93818909,4.54505324,7323.0,9366.0,9384.0,7312.0,9347.0,7333.0,91.30999194,ais/manual,True,False,9999.99,9999.99,HIGH
validation,GRD,9b89b9dcce7dc85ev,9b89b9dcce7dc85ev_006.31763107699999970635_003.36399767599999988121,S1A_IW_GRDH_1SDV_20200630T053000_20200630T053029_033242_03D9F7_2A78,6.317631077000001,3.3639976760000003,20971.0,10826.0,10833.0,20964.0,10819.0,20978.0,54.32421847,ais/manual,True,False,8.684331763631409,8.821785438026415,HIGH
validation,GRD,9b89b9dcce7dc85ev,9b89b9dcce7dc85ev_006.30124016600000036448_003.23759471500000017841,S1A_IW_GRDH_1SDV_20200630T053000_20200630T053029_033242_03D9F7_2A78,6.301240166,3.237594715,22305.0,10375.0,10381.0,22292.0,10369.0,22319.0,78.14723305,ais/manual,True,False,9999.99,9999.99,HIGH
validation,GRD,9b89b9dcce7dc85ev,9b89b9dcce7dc85ev_006.37840011399999973207_003.39161892100000006423,S1A_IW_GRDH_1SDV_20200630T053000_20200630T053029_033242_03D9F7_2A78,6.378400114,3.391618921,20805.0,11536.0,11540.0,20801.0,11533.0,20808.0,53.15976091,ais/manual,True,False,1.755269089778551,2.003205847108493,HIGH
validation,GRD,9b89b9dcce7dc85ev,9b89b9dcce7dc85ev_005.71865574999999992656_004.49813796399999965558,S1A_IW_GRDH_1SDV_20200630T053000_20200630T053029_033242_03D9F7_2A78,5.71865575,4.498137964,7343.0,6921.0,6926.0,7337.0,6916.0,7349.0,56.18864083,ais/manual,True,False,9999.99,9999.99,HIGH
validation,GRD,9b89b9dcce7dc85ev,9b89b9dcce7dc85ev_005.46617037399999983194_004.90987260300000016855,S1A_IW_GRDH_1SDV_20200630T053000_20200630T053029_033242_03D9F7_2A78,5.466170374,4.909872603,2311.0,5141.0,5145.0,2309.0,5136.0,2314.0,24.38426156,ais/manual,True,True,9999.99,9999.99,HIGH
validation,GRD,9b89b9dcce7dc85ev,9b89b9dcce7dc85ev_006.29009794400000021852_004.00899164800000029629,S1A_IW_GRDH_1SDV_20200630T053000_20200630T053029_033242_03D9F7_2A78,6.290097943999998,4.008991648,13916.0,11943.0,11945.0,13913.0,11940.0,13918.0,25.19928583,ais/manual,True,True,9999.99,9999.99,HIGH
validation,GRD,9b89b9dcce7dc85ev,9b89b9dcce7dc85ev_005.28367910199999979426_004.49317061400000028470,S1A_IW_GRDH_1SDV_20200630T053000_20200630T053029_033242_03D9F7_2A78,5.283679102,4.493170613999999,6427.0,2271.0,2278.0,6422.0,2265.0,6433.0,36.4763194,ais/manual,True,False,9999.99,9999.99,HIGH
validation,GRD,9b89b9dcce7dc85ev,9b89b9dcce7dc85ev_006.34049344399999981192_003.39683429299999994910,S1A_IW_GRDH_1SDV_20200630T053000_20200630T053029_033242_03D9F7_2A78,6.340493444,3.396834293,20665.0,11142.0,11148.0,20657.0,11136.0,20673.0,139.20605559999998,ais/manual,True,False,5.885787748341637,6.163429095137571,HIGH
validation,GRD,9b89b9dcce7dc85ev,9b89b9dcce7dc85ev_006.28706303700000024293_003.17312806099999988874,S1A_IW_GRDH_1SDV_20200630T053000_20200630T053029_033242_03D9F7_2A78,6.287063037,3.1731280610000003,22973.0,10083.0,10099.0,22956.0,10066.0,22991.0,174.2739882,ais/manual,True,False,9999.99,9999.99,HIGH
validation,GRD,9b89b9dcce7dc85ev,9b89b9dcce7dc85ev_006.35129804500000005874_003.34087449200000019545,S1A_IW_GRDH_1SDV_20200630T053000_20200630T053029_033242_03D9F7_2A78,6.351298045,3.340874492,21295.0,11136.0,11140.0,21286.0,11131.0,21304.0,104.6746869,ais/manual,True,False,5.364257874845604,5.305317275507841,HIGH
validation,GRD,9b89b9dcce7dc85ev,9b89b9dcce7dc85ev_006.31283871599999990565_003.19013398799999992050,S1A_IW_GRDH_1SDV_20200630T053000_20200630T053029_033242_03D9F7_2A78,6.312838716,3.190133988,22846.0,10395.0,10407.0,22831.0,10384.0,22859.0,196.9880722,ais/manual,True,False,9.950711740677448,9.823752506873191,HIGH
validation,GRD,9b89b9dcce7dc85ev,9b89b9dcce7dc85ev_005.46017316200000024651_004.50704674099999991199,S1A_IW_GRDH_1SDV_20200630T053000_20200630T053029_033242_03D9F7_2A78,5.460173162,4.507046741,6671.0,4184.0,4187.0,6668.0,4181.0,6673.0,41.90922451,ais/manual,True,False,9999.99,9999.99,HIGH
validation,GRD,cdc04ca397865356v,cdc04ca397865356v_063.47395775999999756323_-20.52655887999999961835,S1A_IW_GRDH_1SDV_20200706T074222_20200706T074242_033331_03DC92_E012,63.47395776,-20.52655888,20703.0,8811.0,8816.0,20701.0,8807.0,20706.0,14.73,ais/manual,True,True,9.912270362325229,9999.99,HIGH
validation,GRD,cdc04ca397865356v,cdc04ca397865356v_062.74774064000000350916_-19.83118728999999902385,S1A_IW_GRDH_1SDV_20200706T074222_20200706T074242_033331_03DC92_E012,62.74774064,-19.83118729,15809.0,1540.0,1547.0,15801.0,1533.0,15815.0,70.7,ais/manual,True,True,9999.99,9999.99,HIGH
validation,GRD,cdc04ca397865356v,cdc04ca397865356v_063.39396302000000105181_-20.30092820999999858600,S1A_IW_GRDH_1SDV_20200706T074222_20200706T074242_033331_03DC92_E012,63.39396302,-20.30092821,19440.0,8132.0,8135.0,19437.0,8129.0,19441.0,8.35,ais/manual,True,True,0.6291319474904502,0.9189541592157416,HIGH
validation,GRD,cdc04ca397865356v,cdc04ca397865356v_062.82190865999999829228_-19.99682367000000127177,S1A_IW_GRDH_1SDV_20200706T074222_20200706T074242_033331_03DC92_E012,62.82190866,-19.99682367,16791.0,2192.0,2200.0,16784.0,2185.0,16797.0,72.9,ais/manual,True,True,9999.99,9999.99,HIGH
validation,GRD,cdc04ca397865356v,cdc04ca397865356v_063.36698494000000181359_-20.22140492000000122630,S1A_IW_GRDH_1SDV_20200706T074222_20200706T074242_033331_03DC92_E012,63.36698494,-20.22140492,18995.0,7907.0,7911.0,18991.0,7904.0,18999.0,59.9,ais/manual,True,True,4.487662590405957,4.557447832699443,HIGH
validation,GRD,cdc04ca397865356v,cdc04ca397865356v_063.37701358999999712296_-20.36134484999999827437,S1A_IW_GRDH_1SDV_20200706T074222_20200706T074242_033331_03DC92_E012,63.37701359,-20.36134485,19704.0,7897.0,7898.0,19702.0,7895.0,19705.0,15.28427607,ais/manual,True,True,1.3002353935247783,4.426794205640843,HIGH
validation,GRD,cdc04ca397865356v,cdc04ca397865356v_063.53732606999999887876_-17.43155996999999857167,S1A_IW_GRDH_1SDV_20200706T074222_20200706T074242_033331_03DC92_E012,63.53732607,-17.43155997,5723.0,12414.0,12421.0,5715.0,12406.0,5730.0,67.4,ais/manual,True,True,9999.99,9999.99,HIGH
validation,GRD,cdc04ca397865356v,cdc04ca397865356v_063.32762772000000239814_-19.00029453000000145835,S1A_IW_GRDH_1SDV_20200706T074222_20200706T074242_033331_03DC92_E012,63.32762772,-19.00029453,12905.0,8586.0,8593.0,12901.0,8579.0,12909.0,28.93,ais/manual,True,True,8.296625502327071,7.63040574606231,HIGH
validation,GRD,cdc04ca397865356v,cdc04ca397865356v_062.72830145999999729156_-19.91451132999999984463,S1A_IW_GRDH_1SDV_20200706T074222_20200706T074242_033331_03DC92_E012,62.72830146,-19.91451133,16187.0,1253.0,1259.0,16182.0,1247.0,16193.0,68.1,ais/manual,True,True,9999.99,9999.99,HIGH
validation,GRD,cdc04ca397865356v,cdc04ca397865356v_063.37310887000000292346_-20.80939442000000028088,S1A_IW_GRDH_1SDV_20200706T074222_20200706T074242_033331_03DC92_E012,63.37310887,-20.80939442,21905.0,7481.0,7489.0,21895.0,7473.0,21914.0,15.99134654,ais/manual,True,True,9999.99,9999.99,HIGH
validation,GRD,cdc04ca397865356v,cdc04ca397865356v_062.77332323000000258162_-19.89776967999999968129,S1A_IW_GRDH_1SDV_20200706T074222_20200706T074242_033331_03DC92_E012,62.77332323,-19.89776968,16195.0,1756.0,1768.0,16188.0,1743.0,16202.0,81.19,ais/manual,True,True,9999.99,9999.99,HIGH
validation,GRD,cdc04ca397865356v,cdc04ca397865356v_063.41901328000000148677_-20.18413827999999909935,S1A_IW_GRDH_1SDV_20200706T074222_20200706T074242_033331_03DC92_E012,63.41901328,-20.18413828,18914.0,8504.0,8533.0,18902.0,8476.0,18926.0,66.74,ais/manual,True,True,2.7074013732114715,2.9859565427193133,HIGH
validation,GRD,cdc04ca397865356v,cdc04ca397865356v_062.69691499999999706461_-19.88419910000000001560,S1A_IW_GRDH_1SDV_20200706T074222_20200706T074242_033331_03DC92_E012,62.696915,-19.8841991,15971.0,941.0,948.0,15964.0,934.0,15978.0,70.67,ais/manual,True,False,9999.99,9999.99,HIGH
validation,GRD,cdc04ca397865356v,cdc04ca397865356v_062.85839842000000032840_-19.77550580999999851883,S1A_IW_GRDH_1SDV_20200706T074222_20200706T074242_033331_03DC92_E012,62.85839842,-19.77550581,15757.0,2789.0,2798.0,15749.0,2779.0,15764.0,76.2,ais/manual,True,True,9999.99,9999.99,HIGH
validation,GRD,cdc04ca397865356v,cdc04ca397865356v_063.35720184000000188007_-20.36658153000000126553,S1A_IW_GRDH_1SDV_20200706T074222_20200706T074242_033331_03DC92_E012,63.35720184,-20.36658153,19691.0,7677.0,7688.0,19682.0,7666.0,19701.0,8.55,ais/manual,True,True,0.0143746341478218,6.093733179282234,HIGH
validation,GRD,cdc04ca397865356v,cdc04ca397865356v_062.86274891000000053509_-19.98403250999999869464,S1A_IW_GRDH_1SDV_20200706T074222_20200706T074242_033331_03DC92_E012,62.86274891,-19.98403251,16810.0,2647.0,2655.0,16803.0,2638.0,16817.0,72.8,ais/manual,True,True,9999.99,9999.99,HIGH
validation,GRD,590dd08f71056cacv,590dd08f71056cacv_005.46986773999999975615_005.05885071500000016442,S1A_IW_GRDH_1SDV_20200724T053002_20200724T053031_033592_03E4A8_3B8B,5.46986774,5.058850715,698.0,5513.0,5523.0,688.0,5503.0,709.0,26.95480625,ais/manual,True,True,9999.99,9999.99,HIGH
validation,GRD,590dd08f71056cacv,590dd08f71056cacv_006.17874170099999986405_004.49017681800000012515,S1A_IW_GRDH_1SDV_20200724T053002_20200724T053031_033592_03E4A8_3B8B,6.178741701,4.490176818,8447.0,11813.0,11819.0,8442.0,11808.0,8452.0,26.04212316,ais/manual,True,True,9999.99,9999.99,HIGH
validation,GRD,590dd08f71056cacv,590dd08f71056cacv_006.25317583500000040431_003.34669588600000000866,S1A_IW_GRDH_1SDV_20200724T053002_20200724T053031_033592_03E4A8_3B8B,6.253175835,3.3466958860000005,21012.0,10102.0,10112.0,21003.0,10092.0,21021.0,192.2448757,ais/manual,True,False,9999.99,9999.99,HIGH
validation,GRD,590dd08f71056cacv,590dd08f71056cacv_005.88403512699999975410_003.43056494899999986359,S1A_IW_GRDH_1SDV_20200724T053002_20200724T053031_033592_03E4A8_3B8B,5.884035127000001,3.430564949,19290.0,6339.0,6355.0,19276.0,6324.0,19303.0,182.2848297,ais/manual,True,False,9999.99,9999.99,HIGH
validation,GRD,590dd08f71056cacv,590dd08f71056cacv_006.33252847999999968209_003.31745435599999982657,S1A_IW_GRDH_1SDV_20200724T053002_20200724T053031_033592_03E4A8_3B8B,6.33252848,3.3174543560000003,21503.0,10886.0,10899.0,21491.0,10874.0,21515.0,73.55552393,ais/manual,True,False,7.525629161322725,7.684963011375482,HIGH
validation,GRD,590dd08f71056cacv,590dd08f71056cacv_006.35132934499999990408_003.34097435400000009054,S1A_IW_GRDH_1SDV_20200724T053002_20200724T053031_033592_03E4A8_3B8B,6.351329345,3.340974354,21290.0,11139.0,11147.0,21279.0,11131.0,21300.0,104.6746869,ais/manual,True,False,5.36155237672297,5.297810528685142,HIGH
validation,GRD,590dd08f71056cacv,590dd08f71056cacv_005.73575924200000031306_004.50568568200000019175,S1A_IW_GRDH_1SDV_20200724T053002_20200724T053031_033592_03E4A8_3B8B,5.735759242,4.505685682,7295.0,7122.0,7126.0,7291.0,7119.0,7298.0,50.08408303,ais/manual,True,False,9999.99,9999.99,HIGH
validation,GRD,590dd08f71056cacv,590dd08f71056cacv_006.37282330699999999268_003.39117201299999981856,S1A_IW_GRDH_1SDV_20200724T053002_20200724T053031_033592_03E4A8_3B8B,6.372823307000001,3.3911720130000003,20793.0,11478.0,11482.0,20788.0,11474.0,20797.0,62.37468305,ais/manual,True,False,2.365941977651372,2.6045948243581765,HIGH
validation,GRD,590dd08f71056cacv,590dd08f71056cacv_006.34544586600000037890_003.16185471500000003786,S1A_IW_GRDH_1SDV_20200724T053002_20200724T053031_033592_03E4A8_3B8B,6.345445866,3.161854715,23219.0,10685.0,10692.0,23214.0,10679.0,23224.0,33.74329448,ais/manual,True,False,6.274860717344276,5.917885809092863,HIGH
validation,GRD,590dd08f71056cacv,590dd08f71056cacv_006.33773799600000042886_003.37333387099999981729,S1A_IW_GRDH_1SDV_20200724T053002_20200724T053031_033592_03E4A8_3B8B,6.337737996,3.3733338710000003,20909.0,11064.0,11077.0,20897.0,11051.0,20921.0,144.7524419,ais/manual,True,False,6.4032615626857,6.548124536462798,HIGH
validation,GRD,590dd08f71056cacv,590dd08f71056cacv_006.33997610499999986189_003.40452856400000003489,S1A_IW_GRDH_1SDV_20200724T053002_20200724T053031_033592_03E4A8_3B8B,6.339976105,3.404528564,20576.0,11156.0,11161.0,20568.0,11150.0,20583.0,77.67846521,ais/manual,True,False,6.003055062525212,6.339127565248987,HIGH
validation,GRD,590dd08f71056cacv,590dd08f71056cacv_006.34242369700000008237_003.39783975900000001502,S1A_IW_GRDH_1SDV_20200724T053002_20200724T053031_033592_03E4A8_3B8B,6.342423697,3.397839759,20654.0,11168.0,11174.0,20646.0,11161.0,20661.0,91.30999194,ais/manual,True,False,5.670979177864555,5.949944843625128,HIGH
validation,GRD,590dd08f71056cacv,590dd08f71056cacv_006.00435113500000028353_003.42668275099999997124,S1A_IW_GRDH_1SDV_20200724T053002_20200724T053031_033592_03E4A8_3B8B,6.004351135,3.4266827510000004,19597.0,7617.0,7620.0,19595.0,7613.0,19600.0,54.17086977,ais/manual,True,False,9999.99,9999.99,HIGH
validation,GRD,590dd08f71056cacv,590dd08f71056cacv_006.36209715299999967186_003.33637007199999979790,S1A_IW_GRDH_1SDV_20200724T053002_20200724T053031_033592_03E4A8_3B8B,6.362097153,3.336370072,21363.0,11244.0,11249.0,21359.0,11239.0,21368.0,83.73836994,ais/manual,True,False,4.225642524727616,4.125526387945495,HIGH
validation,GRD,590dd08f71056cacv,590dd08f71056cacv_005.64642282199999989700_004.92995752199999959231,S1A_IW_GRDH_1SDV_20200724T053002_20200724T053031_033592_03E4A8_3B8B,5.646422822000001,4.929957522,2492.0,7109.0,7116.0,2487.0,7101.0,2497.0,24.9833508,ais/manual,True,True,9999.99,9999.99,HIGH
validation,GRD,590dd08f71056cacv,590dd08f71056cacv_005.39436784899999999254_005.06175158300000038736,S1A_IW_GRDH_1SDV_20200724T053002_20200724T053031_033592_03E4A8_3B8B,5.394367849,5.061751583,498.0,4715.0,4721.0,494.0,4710.0,502.0,26.29093736,ais/manual,True,True,9999.99,9999.99,HIGH
validation,GRD,590dd08f71056cacv,590dd08f71056cacv_006.32825990500000035155_003.34403324900000020747,S1A_IW_GRDH_1SDV_20200724T053002_20200724T053031_033592_03E4A8_3B8B,6.328259905,3.344033249,21206.0,10899.0,10909.0,21194.0,10888.0,21217.0,93.73642103,ais/manual,True,False,7.85032413514275,7.817741288694276,HIGH
validation,GRD,590dd08f71056cacv,590dd08f71056cacv_006.33534655700000026712_003.29403866799999978099,S1A_IW_GRDH_1SDV_20200724T053002_20200724T053031_033592_03E4A8_3B8B,6.335346557,3.294038668,21764.0,10866.0,10872.0,21759.0,10859.0,21768.0,22.54033119,ais/manual,True,True,7.366007989551927,7.612480836906739,HIGH
validation,GRD,590dd08f71056cacv,590dd08f71056cacv_006.35398942499999996869_003.41457577900000019966,S1A_IW_GRDH_1SDV_20200724T053002_20200724T053031_033592_03E4A8_3B8B,6.353989425,3.414575779,20497.0,11328.0,11334.0,20484.0,11320.0,20511.0,105.7147017,ais/manual,True,False,4.811417569410843,5.262204328951433,HIGH
validation,GRD,590dd08f71056cacv,590dd08f71056cacv_006.27641109400000019036_003.19799542300000005923,S1A_IW_GRDH_1SDV_20200724T053002_20200724T053031_033592_03E4A8_3B8B,6.276411094,3.197995423,22676.0,10026.0,10032.0,22671.0,10019.0,22681.0,48.92371117,ais/manual,True,False,9999.99,9999.99,HIGH
validation,GRD,590dd08f71056cacv,590dd08f71056cacv_005.44664523500000008482_005.02863947099999997192,S1A_IW_GRDH_1SDV_20200724T053002_20200724T053031_033592_03E4A8_3B8B,5.446645235,5.028639471,974.0,5199.0,5208.0,969.0,5189.0,979.0,22.43752889,ais/manual,True,True,9999.99,9999.99,HIGH
validation,GRD,590dd08f71056cacv,590dd08f71056cacv_006.33893821900000009606_003.33798251199999995720,S1A_IW_GRDH_1SDV_20200724T053002_20200724T053031_033592_03E4A8_3B8B,6.338938219,3.337982512,21295.0,11000.0,11006.0,21290.0,10993.0,21300.0,33.17944128,ais/manual,True,False,6.733296809680205,6.649332963502897,HIGH
validation,GRD,590dd08f71056cacv,590dd08f71056cacv_006.38015382800000008245_003.38683732500000012067,S1A_IW_GRDH_1SDV_20200724T053002_20200724T053031_033592_03E4A8_3B8B,6.380153827999999,3.386837325,20856.0,11547.0,11555.0,20850.0,11540.0,20861.0,48.27690829,ais/manual,True,False,1.6239566635831115,1.8354790836203885,HIGH
validation,GRD,590dd08f71056cacv,590dd08f71056cacv_006.37969500999999983293_003.39542703799999978642,S1A_IW_GRDH_1SDV_20200724T053002_20200724T053031_033592_03E4A8_3B8B,6.37969501,3.395427038,20762.0,11561.0,11568.0,20756.0,11554.0,20767.0,22.00204403,ais/manual,True,False,1.606257868885684,1.8835954058116675,HIGH
validation,GRD,590dd08f71056cacv,590dd08f71056cacv_006.32554869099999983462_004.27275647699999971962,S1A_IW_GRDH_1SDV_20200724T053002_20200724T053031_033592_03E4A8_3B8B,6.325548691,4.272756477,11130.0,12902.0,12906.0,11127.0,12899.0,11132.0,38.61720056,ais/manual,True,True,6.089712408931307,5.22675435614409,HIGH
validation,GRD,590dd08f71056cacv,590dd08f71056cacv_005.52644111299999973852_004.93073776600000002190,S1A_IW_GRDH_1SDV_20200724T053002_20200724T053031_033592_03E4A8_3B8B,5.526441113,4.930737766,2215.0,5832.0,5848.0,2201.0,5815.0,2229.0,214.1154408,ais/manual,True,False,9999.99,9999.99,HIGH
validation,GRD,590dd08f71056cacv,590dd08f71056cacv_006.20886226300000032552_003.62814401000000019692,S1A_IW_GRDH_1SDV_20200724T053002_20200724T053031_033592_03E4A8_3B8B,6.208862262999999,3.62814401,17862.0,10243.0,10248.0,17857.0,10239.0,17867.0,41.83353241,ais/manual,True,False,9999.99,9999.99,HIGH
validation,GRD,590dd08f71056cacv,590dd08f71056cacv_006.26689955400000009433_003.22999467600000000900,S1A_IW_GRDH_1SDV_20200724T053002_20200724T053031_033592_03E4A8_3B8B,6.266899554,3.2299946760000005,22308.0,9994.0,10004.0,22294.0,9984.0,22321.0,173.8836461,ais/manual,True,False,9999.99,9999.99,HIGH
validation,GRD,590dd08f71056cacv,590dd08f71056cacv_006.30048026500000002414_003.18046509699999990772,S1A_IW_GRDH_1SDV_20200724T053002_20200724T053031_033592_03E4A8_3B8B,6.300480265,3.180465097,22919.0,10245.0,10255.0,22904.0,10235.0,22933.0,176.2026438,ais/manual,True,False,9999.99,9999.99,HIGH
validation,GRD,590dd08f71056cacv,590dd08f71056cacv_006.30543906599999992579_003.22332126000000007693,S1A_IW_GRDH_1SDV_20200724T053002_20200724T053031_033592_03E4A8_3B8B,6.305439066,3.22332126,22465.0,10391.0,10398.0,22454.0,10385.0,22476.0,196.9880722,ais/manual,True,False,9999.99,9999.99,HIGH
validation,GRD,590dd08f71056cacv,590dd08f71056cacv_006.30683595300000021666_003.44364972699999993822,S1A_IW_GRDH_1SDV_20200724T053002_20200724T053031_033592_03E4A8_3B8B,6.306835952999999,3.443649727,20079.0,10887.0,10893.0,20075.0,10882.0,20081.0,56.12289765,ais/manual,True,False,9999.99,9999.99,HIGH
validation,GRD,590dd08f71056cacv,590dd08f71056cacv_006.28202280200000018340_003.18968016999999992578,S1A_IW_GRDH_1SDV_20200724T053002_20200724T053031_033592_03E4A8_3B8B,6.282022802,3.18968017,22778.0,10068.0,10077.0,22770.0,10058.0,22787.0,132.87555840000002,ais/manual,True,False,9999.99,9999.99,HIGH
validation,GRD,590dd08f71056cacv,590dd08f71056cacv_006.30382694299999979393_003.35685517400000010824,S1A_IW_GRDH_1SDV_20200724T053002_20200724T053031_033592_03E4A8_3B8B,6.303826943,3.356855174,21013.0,10666.0,10673.0,20998.0,10658.0,21028.0,209.1234623,ais/manual,True,False,9999.99,9999.99,HIGH
validation,GRD,590dd08f71056cacv,590dd08f71056cacv_006.29666867500000027036_003.37384688700000001660,S1A_IW_GRDH_1SDV_20200724T053002_20200724T053031_033592_03E4A8_3B8B,6.296668675,3.373846887,20813.0,10626.0,10634.0,20804.0,10618.0,20821.0,147.4833259,ais/manual,True,False,9999.99,9999.99,HIGH
validation,GRD,590dd08f71056cacv,590dd08f71056cacv_005.72603928499999970114_004.83129015300000030919,S1A_IW_GRDH_1SDV_20200724T053002_20200724T053031_033592_03E4A8_3B8B,5.726039285,4.831290153,3740.0,7739.0,7757.0,3729.0,7721.0,3751.0,25.36820559,ais/manual,True,True,9999.99,9999.99,HIGH
validation,GRD,590dd08f71056cacv,590dd08f71056cacv_005.79286027499999978119_004.91284481000000017303,S1A_IW_GRDH_1SDV_20200724T053002_20200724T053031_033592_03E4A8_3B8B,5.792860275,4.91284481,3005.0,8631.0,8637.0,3000.0,8626.0,3008.0,35.44674516,ais/manual,True,False,9999.99,9999.99,HIGH
validation,GRD,590dd08f71056cacv,590dd08f71056cacv_006.36362955800000040796_003.34459922899999995138,S1A_IW_GRDH_1SDV_20200724T053002_20200724T053031_033592_03E4A8_3B8B,6.363629558,3.344599229,21277.0,11278.0,11289.0,21264.0,11267.0,21291.0,141.0092888,ais/manual,True,False,4.000221403902899,3.962388318587867,HIGH
validation,GRD,590dd08f71056cacv,590dd08f71056cacv_005.42056473199999988566_004.75302097999999961786,S1A_IW_GRDH_1SDV_20200724T053002_20200724T053031_033592_03E4A8_3B8B,5.420564732000001,4.75302098,3908.0,4309.0,4314.0,3895.0,4304.0,3920.0,101.8235391,ais/manual,True,False,9999.99,9999.99,HIGH
validation,GRD,590dd08f71056cacv,590dd08f71056cacv_006.29902421999999972968_003.20397097900000016324,S1A_IW_GRDH_1SDV_20200724T053002_20200724T053031_033592_03E4A8_3B8B,6.29902422,3.203970979,22661.0,10281.0,10289.0,22648.0,10272.0,22674.0,188.5549229,ais/manual,True,False,9999.99,9999.99,HIGH
validation,GRD,590dd08f71056cacv,590dd08f71056cacv_005.53556419800000032438_004.90550134300000006959,S1A_IW_GRDH_1SDV_20200724T053002_20200724T053031_033592_03E4A8_3B8B,5.535564197999999,4.905501343,2510.0,5873.0,5880.0,2504.0,5865.0,2515.0,51.57293807,ais/manual,True,False,9999.99,9999.99,HIGH
validation,GRD,590dd08f71056cacv,590dd08f71056cacv_006.37209178200000003756_003.40138894900000021693,S1A_IW_GRDH_1SDV_20200724T053002_20200724T053031_033592_03E4A8_3B8B,6.372091782,3.401388949,20680.0,11493.0,11498.0,20677.0,11487.0,20683.0,54.32421847,ais/manual,True,False,2.481297261151608,2.867752506143796,HIGH
validation,GRD,590dd08f71056cacv,590dd08f71056cacv_005.53459872500000038542_004.86795957000000001358,S1A_IW_GRDH_1SDV_20200724T053002_20200724T053031_033592_03E4A8_3B8B,5.534598725,4.86795957,2915.0,5779.0,5786.0,2910.0,5773.0,2920.0,57.338799,ais/manual,True,False,9999.99,9999.99,HIGH
validation,GRD,590dd08f71056cacv,590dd08f71056cacv_005.65939078600000033958_004.89073948999999963405,S1A_IW_GRDH_1SDV_20200724T053002_20200724T053031_033592_03E4A8_3B8B,5.659390786,4.89073949,2946.0,7160.0,7167.0,2942.0,7153.0,2951.0,27.47117043,ais/manual,True,True,9999.99,9999.99,HIGH
validation,GRD,590dd08f71056cacv,590dd08f71056cacv_006.34714928000000000452_003.36854858500000009514,S1A_IW_GRDH_1SDV_20200724T053002_20200724T053031_033592_03E4A8_3B8B,6.34714928,3.368548585,20982.0,11154.0,11166.0,20972.0,11142.0,20990.0,120.2359004,ais/manual,True,False,5.4275901644407485,5.562407655326112,HIGH
validation,GRD,590dd08f71056cacv,590dd08f71056cacv_005.44785961400000040555_004.98984995400000030941,S1A_IW_GRDH_1SDV_20200724T053002_20200724T053031_033592_03E4A8_3B8B,5.447859614,4.989849953999999,1398.0,5125.0,5133.0,1391.0,5117.0,1404.0,,ais/manual,True,False,9999.99,9999.99,HIGH
validation,GRD,590dd08f71056cacv,590dd08f71056cacv_005.41092688699999957436_005.05747753799999966162,S1A_IW_GRDH_1SDV_20200724T053002_20200724T053031_033592_03E4A8_3B8B,5.4109268870000005,5.0574775380000005,581.0,4882.0,4890.0,576.0,4875.0,587.0,25.29928834,ais/manual,True,True,9999.99,9999.99,HIGH
validation,GRD,590dd08f71056cacv,590dd08f71056cacv_005.36975577299999962122_004.35912073799999966184,S1A_IW_GRDH_1SDV_20200724T053002_20200724T053031_033592_03E4A8_3B8B,5.369755773,4.3591207380000006,8070.0,2895.0,2901.0,8065.0,2889.0,8076.0,84.19084382,ais/manual,True,False,9999.99,9999.99,HIGH
validation,GRD,590dd08f71056cacv,590dd08f71056cacv_006.30872144599999984393_003.15171725399999980155,S1A_IW_GRDH_1SDV_20200724T053002_20200724T053031_033592_03E4A8_3B8B,6.308721446,3.151717254,23249.0,10270.0,10275.0,23245.0,10266.0,23252.0,25.02740308,ais/manual,True,True,9999.99,9.938463626225872,HIGH
validation,GRD,590dd08f71056cacv,590dd08f71056cacv_006.26844922100000001564_003.20124695800000003132,S1A_IW_GRDH_1SDV_20200724T053002_20200724T053031_033592_03E4A8_3B8B,6.268449221,3.201246958,22623.0,9948.0,9956.0,22612.0,9939.0,22634.0,157.0559504,ais/manual,True,False,9999.99,9999.99,HIGH
validation,GRD,590dd08f71056cacv,590dd08f71056cacv_006.30420441800000030952_003.69886385999999989238,S1A_IW_GRDH_1SDV_20200724T053002_20200724T053031_033592_03E4A8_3B8B,6.304204417999999,3.69886386,17305.0,11417.0,11422.0,17302.0,11412.0,17308.0,33.01270341,ais/manual,True,True,9999.99,9999.99,HIGH
validation,GRD,590dd08f71056cacv,590dd08f71056cacv_006.35826994600000006130_003.37678454299999986077,S1A_IW_GRDH_1SDV_20200724T053002_20200724T053031_033592_03E4A8_3B8B,6.358269946,3.3767845430000003,20917.0,11291.0,11298.0,20908.0,11285.0,20925.0,77.59637143,ais/manual,True,False,4.133239347327834,4.288399953181691,HIGH
validation,GRD,590dd08f71056cacv,590dd08f71056cacv_005.62495628499999966721_004.99513526399999996386,S1A_IW_GRDH_1SDV_20200724T053002_20200724T053031_033592_03E4A8_3B8B,5.624956285,4.995135264,1737.0,7024.0,7031.0,1732.0,7018.0,1742.0,29.03634606,ais/manual,True,True,9999.99,9999.99,HIGH
validation,GRD,590dd08f71056cacv,590dd08f71056cacv_006.23404099099999964295_004.01431653399999976983,S1A_IW_GRDH_1SDV_20200724T053002_20200724T053031_033592_03E4A8_3B8B,6.2340409910000005,4.014316534,13730.0,11358.0,11360.0,13728.0,11356.0,13731.0,29.66751134,ais/manual,True,True,9999.99,9999.99,HIGH
validation,GRD,3fe00bf7beab8812v,3fe00bf7beab8812v_044.40750022999999657713_012.66213959000000066624,S1A_IW_GRDH_1SDV_20200731T051121_20200731T051146_033694_03E7BB_F7D2,44.40750023,12.66213959,25022.0,10565.0,10575.0,25011.0,10553.0,25034.0,22.97855326,ais/manual,True,True,9999.99,9999.99,HIGH
validation,GRD,3fe00bf7beab8812v,3fe00bf7beab8812v_043.45567600999999768874_014.77764368999999966547,S1A_IW_GRDH_1SDV_20200731T051121_20200731T051146_033694_03E7BB_F7D2,43.45567601,14.77764369,6483.0,3091.0,3100.0,6475.0,3082.0,6492.0,158.5503555,ais/manual,True,False,9999.99,9999.99,HIGH
validation,GRD,3fe00bf7beab8812v,3fe00bf7beab8812v_043.39877238999999775615_014.83305118000000000222,S1A_IW_GRDH_1SDV_20200731T051121_20200731T051146_033694_03E7BB_F7D2,43.39877239,14.83305118,5926.0,2560.0,2564.0,5922.0,2556.0,5928.0,28.48,ais/manual,True,True,9999.99,9999.99,HIGH
validation,GRD,3fe00bf7beab8812v,3fe00bf7beab8812v_043.67438431000000065296_013.45854478999999948030,S1A_IW_GRDH_1SDV_20200731T051121_20200731T051146_033694_03E7BB_F7D2,43.67438431,13.45854479,17403.0,3631.0,3635.0,17399.0,3625.0,17407.0,23.625,ais/manual,True,True,5.709516563708945,6.06980964930851,HIGH
validation,GRD,3fe00bf7beab8812v,3fe00bf7beab8812v_044.81312913000000008878_013.70067111000000004140,S1A_IW_GRDH_1SDV_20200731T051121_20200731T051146_033694_03E7BB_F7D2,44.81312913,13.70067111,17590.0,16254.0,16257.0,17588.0,16251.0,17592.0,,ais/manual,True,False,9.109378060192013,9.31922734593909,HIGH
validation,GRD,3fe00bf7beab8812v,3fe00bf7beab8812v_043.28552271000000217782_014.96882291999999914367,S1A_IW_GRDH_1SDV_20200731T051121_20200731T051146_033694_03E7BB_F7D2,43.28552271,14.96882292,4610.0,1542.0,1551.0,4602.0,1533.0,4618.0,140.6202474,ais/manual,True,False,9999.99,9999.99,HIGH
validation,GRD,3fe00bf7beab8812v,3fe00bf7beab8812v_044.54484321000000335289_014.58785609999999977049,S1A_IW_GRDH_1SDV_20200731T051121_20200731T051146_033694_03E7BB_F7D2,44.54484321,14.587856099999998,10163.0,14539.0,14541.0,10161.0,14537.0,10164.0,17.62396093,ais/manual,True,False,0.1894674606932609,5.326372691377311,HIGH
validation,GRD,3fe00bf7beab8812v,3fe00bf7beab8812v_044.78939361999999846375_014.08437209999999950583,S1A_IW_GRDH_1SDV_20200731T051121_20200731T051146_033694_03E7BB_F7D2,44.78939362,14.0843721,14556.0,16497.0,16503.0,14553.0,16492.0,14559.0,15.56,ais/manual,True,True,6.614983707268868,7.393167159188331,HIGH
validation,GRD,3fe00bf7beab8812v,3fe00bf7beab8812v_044.02859169999999977563_012.96946443000000037671,S1A_IW_GRDH_1SDV_20200731T051121_20200731T051146_033694_03E7BB_F7D2,44.0285917,12.96946443,21931.0,6835.0,6838.0,21928.0,6831.0,21933.0,22.3,ais/manual,True,True,9999.99,9999.99,HIGH
validation,GRD,3fe00bf7beab8812v,3fe00bf7beab8812v_043.59098517999999700123_013.59657026000000001886,S1A_IW_GRDH_1SDV_20200731T051121_20200731T051146_033694_03E7BB_F7D2,43.59098518,13.59657026,16148.0,2912.0,2915.0,16147.0,2910.0,16149.0,17.2,ais/manual,True,True,2.444569200439554,2.1209647248975894,HIGH
validation,GRD,3fe00bf7beab8812v,3fe00bf7beab8812v_044.10300231000000081849_012.57909878999999975235,S1A_IW_GRDH_1SDV_20200731T051121_20200731T051146_033694_03E7BB_F7D2,44.10300231,12.57909879,25151.0,7159.0,7172.0,25145.0,7147.0,25157.0,13.77435247,ais/manual,True,False,2.3344189284541685,2.9704849354354126,HIGH
validation,GRD,3fe00bf7beab8812v,3fe00bf7beab8812v_043.52321272999999735021_013.67436647999999976832,S1A_IW_GRDH_1SDV_20200731T051121_20200731T051146_033694_03E7BB_F7D2,43.52321273,13.67436648,15400.0,2285.0,2289.0,15398.0,2281.0,15402.0,25.6,ais/manual,True,True,4.003900485209416,3.723484082868941,HIGH
validation,GRD,3fe00bf7beab8812v,3fe00bf7beab8812v_044.29012286999999759018_014.81914064999999958161,S1A_IW_GRDH_1SDV_20200731T051121_20200731T051146_033694_03E7BB_F7D2,44.29012287,14.81914065,7852.0,12120.0,12126.0,7844.0,12114.0,7860.0,96.57576677,ais/manual,True,False,2.611559718674728,3.075936333188784,HIGH
validation,GRD,3fe00bf7beab8812v,3fe00bf7beab8812v_043.33181287000000025955_013.96532879999999998688,S1A_IW_GRDH_1SDV_20200731T051121_20200731T051146_033694_03E7BB_F7D2,43.33181287,13.9653288,12711.0,615.0,620.0,12708.0,610.0,12714.0,18.05,ais/manual,True,True,9999.99,9999.99,HIGH
validation,GRD,3fe00bf7beab8812v,3fe00bf7beab8812v_044.60046626999999830332_012.77222489999999943677,S1A_IW_GRDH_1SDV_20200731T051121_20200731T051146_033694_03E7BB_F7D2,44.60046627,12.7722249,24488.0,12792.0,12796.0,24485.0,12788.0,24490.0,26.69,ais/manual,True,True,9999.99,9999.99,HIGH
validation,GRD,3fe00bf7beab8812v,3fe00bf7beab8812v_043.53746438000000296142_014.67671754999999933489,S1A_IW_GRDH_1SDV_20200731T051121_20200731T051146_033694_03E7BB_F7D2,43.53746438,14.67671755,7453.0,3825.0,3841.0,7439.0,3810.0,7465.0,239.4937109,ais/manual,True,False,9999.99,9999.99,HIGH
validation,GRD,3fe00bf7beab8812v,3fe00bf7beab8812v_043.99628755999999896176_012.73123380000000004486,S1A_IW_GRDH_1SDV_20200731T051121_20200731T051146_033694_03E7BB_F7D2,43.99628756,12.7312338,23759.0,6188.0,6193.0,23756.0,6184.0,23762.0,23.06,ais/manual,True,True,2.6799094128342964,2.5673574553061056,HIGH
validation,GRD,3fe00bf7beab8812v,3fe00bf7beab8812v_043.50634674999999873535_015.23418571000000021343,S1A_IW_GRDH_1SDV_20200731T051121_20200731T051146_033694_03E7BB_F7D2,43.50634675,15.23418571,2959.0,4301.0,4304.0,2955.0,4299.0,2962.0,37.90722953,ais/manual,True,False,9999.99,9999.99,HIGH
validation,GRD,3fe00bf7beab8812v,3fe00bf7beab8812v_043.20752779000000032283_014.84243700999999937551,S1A_IW_GRDH_1SDV_20200731T051121_20200731T051146_033694_03E7BB_F7D2,43.20752779,14.84243701,5457.0,520.0,523.0,5455.0,516.0,5460.0,27.8,ais/manual,True,True,9999.99,9999.99,HIGH
validation,GRD,3fe00bf7beab8812v,3fe00bf7beab8812v_044.10085906999999849631_012.81194406999999912955,S1A_IW_GRDH_1SDV_20200731T051121_20200731T051146_033694_03E7BB_F7D2,44.10085907,12.81194407,23306.0,7422.0,7426.0,23302.0,7417.0,23310.0,28.92940555,ais/manual,True,False,9999.99,9999.99,HIGH
validation,GRD,3fe00bf7beab8812v,3fe00bf7beab8812v_043.24727996000000018739_015.39948629999999951679,S1A_IW_GRDH_1SDV_20200731T051121_20200731T051146_033694_03E7BB_F7D2,43.24727996,15.3994863,1095.0,1771.0,1775.0,1092.0,1766.0,1099.0,21.6,ais/manual,True,True,9999.99,9999.99,HIGH
validation,GRD,3fe00bf7beab8812v,3fe00bf7beab8812v_044.26143557999999700314_015.06866100999999957821,S1A_IW_GRDH_1SDV_20200731T051121_20200731T051146_033694_03E7BB_F7D2,44.26143558,15.06866101,5835.0,12165.0,12170.0,5832.0,12160.0,5838.0,15.22776193,ais/manual,True,False,2.6295647155631383,2.647907830402072,HIGH
validation,GRD,3fe00bf7beab8812v,3fe00bf7beab8812v_043.40625460999999774003_014.70384592999999995300,S1A_IW_GRDH_1SDV_20200731T051121_20200731T051146_033694_03E7BB_F7D2,43.40625461,14.70384593,6970.0,2454.0,2461.0,6963.0,2447.0,6977.0,153.30918469999995,ais/manual,True,False,9999.99,9999.99,HIGH
validation,GRD,3fe00bf7beab8812v,3fe00bf7beab8812v_044.15681136999999978343_012.54400912000000012370,S1A_IW_GRDH_1SDV_20200731T051121_20200731T051146_033694_03E7BB_F7D2,44.15681137,12.54400912,25522.0,7701.0,7704.0,25519.0,7698.0,25523.0,22.14465393,ais/manual,True,False,5.266342352067038,5.046338120083857,HIGH
validation,GRD,3fe00bf7beab8812v,3fe00bf7beab8812v_043.73235672999999934518_013.51889485000000057369,S1A_IW_GRDH_1SDV_20200731T051121_20200731T051146_033694_03E7BB_F7D2,43.73235673,13.51889485,17032.0,4337.0,4341.0,17028.0,4332.0,17035.0,32.4595458,ais/manual,True,False,9999.99,9999.99,HIGH
validation,GRD,3fe00bf7beab8812v,3fe00bf7beab8812v_044.41236041999999883956_014.57358986000000022898,S1A_IW_GRDH_1SDV_20200731T051121_20200731T051146_033694_03E7BB_F7D2,44.41236042,14.57358986,10017.0,13093.0,13095.0,10013.0,13091.0,10019.0,26.85385155,ais/manual,True,False,0.2453250126348447,3.5944396835112404,HIGH
validation,GRD,3fe00bf7beab8812v,3fe00bf7beab8812v_044.76891649000000228398_014.10175590000000056534,S1A_IW_GRDH_1SDV_20200731T051121_20200731T051146_033694_03E7BB_F7D2,44.76891649,14.1017559,14383.0,16299.0,16303.0,14380.0,16296.0,14384.0,,ais/manual,True,False,7.248402959436413,9.505417647736907,HIGH
validation,GRD,3fe00bf7beab8812v,3fe00bf7beab8812v_044.52764684999999644788_013.86837286999999996340,S1A_IW_GRDH_1SDV_20200731T051121_20200731T051146_033694_03E7BB_F7D2,44.52764685,13.86837287,15760.0,13387.0,13391.0,15755.0,13383.0,15763.0,18.59062976,ais/manual,True,True,9999.99,9999.99,HIGH
validation,GRD,3fe00bf7beab8812v,3fe00bf7beab8812v_043.64976089999999686597_013.49587859999999928107,S1A_IW_GRDH_1SDV_20200731T051121_20200731T051146_033694_03E7BB_F7D2,43.6497609,13.4958786,17060.0,3414.0,3427.0,17052.0,3401.0,17068.0,156.57845830000005,ais/manual,True,False,2.056272498138352,2.4837290274664534,HIGH
validation,GRD,3fe00bf7beab8812v,3fe00bf7beab8812v_044.62770951000000252407_013.39179662999999997908,S1A_IW_GRDH_1SDV_20200731T051121_20200731T051146_033694_03E7BB_F7D2,44.62770951,13.39179663,19673.0,13855.0,13860.0,19670.0,13849.0,19675.0,17.15048251,ais/manual,True,True,9999.99,9999.99,HIGH
validation,GRD,487b4884f467c94av,487b4884f467c94av_043.43511603000000320662_016.42094540000000080227,S1A_IW_GRDH_1SDV_20200807T050321_20200807T050346_033796_03EB07_3170,43.43511603,16.4209454,9704.0,11092.0,11103.0,9697.0,11081.0,9709.0,114.9053673,ais/manual,True,False,4.818622730238994,5.021477539515299,HIGH
validation,GRD,487b4884f467c94av,487b4884f467c94av_043.25424890000000033297_015.34185618000000062011,S1A_IW_GRDH_1SDV_20200807T050321_20200807T050346_033796_03EB07_3170,43.2542489,15.34185618,17980.0,7669.0,7675.0,17976.0,7664.0,17983.0,24.365,ais/manual,True,True,9999.99,9999.99,HIGH
validation,GRD,487b4884f467c94av,487b4884f467c94av_043.21091154999999872643_016.34605031999999980030,S1A_IW_GRDH_1SDV_20200807T050321_20200807T050346_033796_03EB07_3170,43.21091155,16.34605032,9863.0,8571.0,8576.0,9860.0,8566.0,9866.0,20.02480467,ais/manual,True,False,2.3417326576915647,2.804987098136693,HIGH
validation,GRD,487b4884f467c94av,487b4884f467c94av_042.50073040000000190730_016.30247586999999853674,S1A_IW_GRDH_1SDV_20200807T050321_20200807T050346_033796_03EB07_3170,42.5007304,16.30247587,8796.0,862.0,866.0,8792.0,859.0,8798.0,21.94,ais/manual,True,True,9999.99,9999.99,HIGH
validation,GRD,487b4884f467c94av,487b4884f467c94av_042.94468696999999934860_016.29512712000000007606,S1A_IW_GRDH_1SDV_20200807T050321_20200807T050346_033796_03EB07_3170,42.94468697,16.29512712,9743.0,5632.0,5635.0,9739.0,5629.0,9745.0,19.0,ais/manual,True,True,9.404941650252582,9999.99,HIGH
validation,GRD,487b4884f467c94av,487b4884f467c94av_042.55451126999999900136_016.40761746000000087520,S1A_IW_GRDH_1SDV_20200807T050321_20200807T050346_033796_03EB07_3170,42.55451127,16.40761746,8054.0,1592.0,1599.0,8050.0,1586.0,8058.0,25.4,ais/manual,True,True,9999.99,9999.99,HIGH
validation,GRD,487b4884f467c94av,487b4884f467c94av_042.68592799000000326259_015.63827447999999975536,S1A_IW_GRDH_1SDV_20200807T050321_20200807T050346_033796_03EB07_3170,42.68592799,15.63827448,14526.0,1926.0,1937.0,14514.0,1916.0,14536.0,170.9399446,ais/manual,True,False,9999.99,9999.99,HIGH
validation,GRD,487b4884f467c94av,487b4884f467c94av_042.51869866999999914015_016.36043112000000121498,S1A_IW_GRDH_1SDV_20200807T050321_20200807T050346_033796_03EB07_3170,42.51869867,16.36043112,8363.0,1139.0,1145.0,8358.0,1133.0,8369.0,103.6605636,ais/manual,True,False,9999.99,9999.99,HIGH
validation,GRD,487b4884f467c94av,487b4884f467c94av_043.34185800000000199361_016.13674168000000008760,S1A_IW_GRDH_1SDV_20200807T050321_20200807T050346_033796_03EB07_3170,43.341858,16.13674168,11788.0,9690.0,9691.0,11785.0,9689.0,11789.0,17.61479923,ais/manual,True,False,6.469252207932592,7.213540959128432,HIGH
validation,GRD,487b4884f467c94av,487b4884f467c94av_042.87007664000000062288_015.49509064000000080341,S1A_IW_GRDH_1SDV_20200807T050321_20200807T050346_033796_03EB07_3170,42.87007664,15.49509064,16031.0,3720.0,3732.0,16025.0,3709.0,16036.0,21.6,ais/manual,True,True,9999.99,9999.99,HIGH
validation,GRD,487b4884f467c94av,487b4884f467c94av_043.41839533000000272978_015.98116974000000034550,S1A_IW_GRDH_1SDV_20200807T050321_20200807T050346_033796_03EB07_3170,43.41839533,15.98116974,13175.0,10302.0,10305.0,13173.0,10298.0,13178.0,17.02428075,ais/manual,True,False,6.475392795773948,7.329825325352162,HIGH
validation,GRD,487b4884f467c94av,487b4884f467c94av_043.49109084999999907950_015.63222009999999961849,S1A_IW_GRDH_1SDV_20200807T050321_20200807T050346_033796_03EB07_3170,43.49109085,15.6322201,16095.0,10615.0,10618.0,16092.0,10613.0,16096.0,22.41773943,ais/manual,True,True,9999.99,9999.99,HIGH
validation,GRD,487b4884f467c94av,487b4884f467c94av_043.25973797000000331536_015.34311894999999914546,S1A_IW_GRDH_1SDV_20200807T050321_20200807T050346_033796_03EB07_3170,43.25973797,15.34311895,17980.0,7730.0,7736.0,17977.0,7724.0,17983.0,24.38,ais/manual,True,True,9999.99,9999.99,HIGH
validation,GRD,487b4884f467c94av,487b4884f467c94av_042.70764745999999689730_015.46693379000000057033,S1A_IW_GRDH_1SDV_20200807T050321_20200807T050346_033796_03EB07_3170,42.70764746,15.46693379,15951.0,1927.0,1935.0,15942.0,1919.0,15959.0,120.7958757,ais/manual,True,False,9999.99,9999.99,HIGH
validation,GRD,487b4884f467c94av,487b4884f467c94av_043.32776494000000155893_015.97600929999999941344,S1A_IW_GRDH_1SDV_20200807T050321_20200807T050346_033796_03EB07_3170,43.32776494,15.9760093,13045.0,9317.0,9321.0,13041.0,9312.0,13049.0,26.0,ais/manual,True,True,9999.99,9999.99,HIGH
validation,GRD,487b4884f467c94av,487b4884f467c94av_043.49851724999999902366_015.81090732000000009805,S1A_IW_GRDH_1SDV_20200807T050321_20200807T050346_033796_03EB07_3170,43.49851725,15.81090732,14685.0,10935.0,10939.0,14681.0,10932.0,14687.0,29.68,ais/manual,True,True,7.55085386085784,9999.99,HIGH
validation,GRD,487b4884f467c94av,487b4884f467c94av_043.62265247999999928652_015.61376588000000076306,S1A_IW_GRDH_1SDV_20200807T050321_20200807T050346_033796_03EB07_3170,43.62265248,15.61376588,16479.0,12013.0,12019.0,16470.0,12006.0,16487.0,34.90030369,ais/manual,True,False,0.0020910122597738,3.9781909163145945,HIGH
validation,GRD,487b4884f467c94av,487b4884f467c94av_043.32030626000000239628_016.97853682999999946901,S1A_IW_GRDH_1SDV_20200807T050321_20200807T050346_033796_03EB07_3170,43.32030626,16.97853683,5032.0,10656.0,10659.0,5028.0,10652.0,5035.0,19.38453594,ais/manual,True,False,0.378224122811,0.447398875808198,HIGH
validation,GRD,487b4884f467c94av,487b4884f467c94av_043.76003242000000170719_015.63405125999999967235,S1A_IW_GRDH_1SDV_20200807T050321_20200807T050346_033796_03EB07_3170,43.76003242,15.63405126,16562.0,13525.0,13529.0,16558.0,13521.0,16564.0,44.23264163,ais/manual,True,False,0.2265950072099346,1.1184957447733817,HIGH
validation,GRD,487b4884f467c94av,487b4884f467c94av_043.09669818999999790776_015.21773023000000080174,S1A_IW_GRDH_1SDV_20200807T050321_20200807T050346_033796_03EB07_3170,43.09669819,15.21773023,18685.0,5801.0,5808.0,18679.0,5795.0,18691.0,119.0316578,ais/manual,True,False,9999.99,9999.99,HIGH
validation,GRD,487b4884f467c94av,487b4884f467c94av_043.02558888000000081320_016.72848482999999930598,S1A_IW_GRDH_1SDV_20200807T050321_20200807T050346_033796_03EB07_3170,43.02558888,16.72848483,6428.0,7124.0,7128.0,6424.0,7119.0,6431.0,57.81023807,ais/manual,True,False,3.9341746252120697,3.999343644647938,HIGH
validation,GRD,487b4884f467c94av,487b4884f467c94av_043.29764381999999756090_016.38223450999999997180,S1A_IW_GRDH_1SDV_20200807T050321_20200807T050346_033796_03EB07_3170,43.29764382,16.38223451,9742.0,9557.0,9568.0,9735.0,9544.0,9749.0,61.73312171,ais/manual,True,False,2.918884335319521,3.0641830358937088,HIGH
validation,GRD,487b4884f467c94av,487b4884f467c94av_043.45995186999999759792_016.42943809000000143783,S1A_IW_GRDH_1SDV_20200807T050321_20200807T050346_033796_03EB07_3170,43.45995187,16.42943809,9684.0,11371.0,11377.0,9680.0,11366.0,9688.0,18.33639985,ais/manual,True,False,4.312473859827638,4.339754584144067,HIGH
validation,GRD,487b4884f467c94av,487b4884f467c94av_043.27155513000000297552_016.27147726999999832742,S1A_IW_GRDH_1SDV_20200807T050321_20200807T050346_033796_03EB07_3170,43.27155513,16.27147727,10577.0,9120.0,9122.0,10574.0,9118.0,10578.0,,ais/manual,True,False,9.116165900886513,9.233991971252824,HIGH
validation,GRD,487b4884f467c94av,487b4884f467c94av_043.18212677999999726808_015.30810675000000031787,S1A_IW_GRDH_1SDV_20200807T050321_20200807T050346_033796_03EB07_3170,43.18212678,15.30810675,18115.0,6845.0,6850.0,18112.0,6839.0,18118.0,24.78,ais/manual,True,True,9999.99,9999.99,HIGH
validation,GRD,487b4884f467c94av,487b4884f467c94av_043.48383866999999725067_015.67233431999999915263,S1A_IW_GRDH_1SDV_20200807T050321_20200807T050346_033796_03EB07_3170,43.48383867,15.67233432,15761.0,10591.0,10594.0,15758.0,10587.0,15765.0,25.6,ais/manual,True,True,9999.99,9999.99,HIGH
validation,GRD,487b4884f467c94av,487b4884f467c94av_043.46924458000000157654_016.39145553000000177235,S1A_IW_GRDH_1SDV_20200807T050321_20200807T050346_033796_03EB07_3170,43.46924458,16.39145553,10005.0,11418.0,11424.0,9999.0,11412.0,10010.0,95.66204581,ais/manual,True,False,1.7857431048125048,1.808566359536245,HIGH
validation,GRD,487b4884f467c94av,487b4884f467c94av_043.17723682999999823551_016.32267112999999980616,S1A_IW_GRDH_1SDV_20200807T050321_20200807T050346_033796_03EB07_3170,43.17723683,16.32267113,9983.0,8176.0,8178.0,9981.0,8173.0,9986.0,,ais/manual,True,False,0.3627821424629314,1.2076517779656768,HIGH
validation,GRD,487b4884f467c94av,487b4884f467c94av_043.48544937999999859812_016.44252922000000083358,S1A_IW_GRDH_1SDV_20200807T050321_20200807T050346_033796_03EB07_3170,43.48544938,16.44252922,9629.0,11664.0,11672.0,9624.0,11657.0,9634.0,336.0,ais/manual,True,False,1.6345360841701757,1.818979204312208,HIGH
validation,GRD,487b4884f467c94av,487b4884f467c94av_043.67471615000000184637_015.49855527000000066096,S1A_IW_GRDH_1SDV_20200807T050321_20200807T050346_033796_03EB07_3170,43.67471615,15.49855527,17487.0,12424.0,12433.0,17475.0,12414.0,17499.0,39.9246417,ais/manual,True,False,0.0114506147245061,2.020306469029628,HIGH
validation,GRD,487b4884f467c94av,487b4884f467c94av_043.04970517999999657377_015.38406136999999951342,S1A_IW_GRDH_1SDV_20200807T050321_20200807T050346_033796_03EB07_3170,43.04970518,15.38406137,17262.0,5513.0,5516.0,17259.0,5511.0,17265.0,24.94,ais/manual,True,True,7.621075996444829,9999.99,HIGH
validation,GRD,487b4884f467c94av,487b4884f467c94av_043.49017953999999974712_016.44585730000000012296,S1A_IW_GRDH_1SDV_20200807T050321_20200807T050346_033796_03EB07_3170,43.49017954,16.4458573,9611.0,11720.0,11725.0,9607.0,11716.0,9615.0,85.99301057,ais/manual,True,False,1.0967622759091693,1.2363751518525044,HIGH
validation,GRD,0e309957cef7bdc8v,0e309957cef7bdc8v_005.22195240799999993442_004.99731371699999993297,S1A_IW_GRDH_1SDV_20200824T052155_20200824T052224_034044_03F3B6_6212,5.221952408,4.997313717,23148.0,1400.0,1405.0,23144.0,1394.0,23153.0,26.95480625,ais/manual,True,True,9999.99,9999.99,HIGH
validation,GRD,0e309957cef7bdc8v,0e309957cef7bdc8v_005.10942354300000012302_005.22180452499999958604,S1A_IW_GRDH_1SDV_20200824T052155_20200824T052224_034044_03F3B6_6212,5.109423543,5.221804525,20461.0,691.0,699.0,20457.0,684.0,20465.0,29.24952708,ais/manual,True,True,9999.99,9999.99,HIGH
validation,GRD,0e309957cef7bdc8v,0e309957cef7bdc8v_005.19045566700000016169_005.02577904800000041519,S1A_IW_GRDH_1SDV_20200824T052155_20200824T052224_034044_03F3B6_6212,5.190455667,5.025779048,22770.0,1125.0,1135.0,22765.0,1116.0,22774.0,32.22815658,ais/manual,True,True,9999.99,9999.99,HIGH
validation,GRD,0e309957cef7bdc8v,0e309957cef7bdc8v_005.49458983099999986877_004.93087402699999977074,S1A_IW_GRDH_1SDV_20200824T052155_20200824T052224_034044_03F3B6_6212,5.494589831,4.930874027,24472.0,4169.0,4181.0,24464.0,4157.0,24479.0,206.674257,ais/manual,True,False,9999.99,9999.99,HIGH
validation,GRD,0e309957cef7bdc8v,0e309957cef7bdc8v_005.39076120499999955626_005.27433195800000031994,S1A_IW_GRDH_1SDV_20200824T052155_20200824T052224_034044_03F3B6_6212,5.390761205,5.274331958,20513.0,3814.0,3819.0,20510.0,3809.0,20516.0,58.15996566,ais/manual,True,False,3.37685147638714,3.3829605308553323,HIGH
validation,GRD,0e309957cef7bdc8v,0e309957cef7bdc8v_005.22824325599999983893_005.28602504200000034018,S1A_IW_GRDH_1SDV_20200824T052155_20200824T052224_034044_03F3B6_6212,5.228243256,5.286025042,20026.0,2103.0,2109.0,20023.0,2097.0,20030.0,29.03634606,ais/manual,True,True,7.055094660251135,6.550875620317524,HIGH
validation,GRD,0e309957cef7bdc8v,0e309957cef7bdc8v_005.13009077400000013114_004.92759843899999960826,S1A_IW_GRDH_1SDV_20200824T052155_20200824T052224_034044_03F3B6_6212,5.130090774,4.927598439,23703.0,264.0,271.0,23700.0,257.0,23706.0,26.40286561,ais/manual,True,True,9999.99,9999.99,HIGH
validation,GRD,0e309957cef7bdc8v,0e309957cef7bdc8v_005.31265176500000002591_005.05345623699999979550,S1A_IW_GRDH_1SDV_20200824T052155_20200824T052224_034044_03F3B6_6212,5.312651765,5.053456237,22739.0,2493.0,2496.0,22735.0,2489.0,22743.0,25.19928583,ais/manual,True,True,9999.99,9999.99,HIGH
validation,GRD,0e309957cef7bdc8v,0e309957cef7bdc8v_005.52164272400000033514_005.00778354399999958702,S1A_IW_GRDH_1SDV_20200824T052155_20200824T052224_034044_03F3B6_6212,5.521642724,5.007783544,23696.0,4627.0,4632.0,23692.0,4623.0,23700.0,56.17737127,ais/manual,True,False,9999.99,9999.99,HIGH
validation,GRD,0e309957cef7bdc8v,0e309957cef7bdc8v_005.12052934499999956586_005.20697437100000026788,S1A_IW_GRDH_1SDV_20200824T052155_20200824T052224_034044_03F3B6_6212,5.120529345,5.206974371,20647.0,777.0,797.0,20639.0,757.0,20654.0,135.44772350000002,ais/manual,True,False,9999.99,9999.99,HIGH
validation,GRD,7b7e837a7ac5a880v,7b7e837a7ac5a880v_004.27136914899999986517_007.30398813099999966170,S1A_IW_GRDH_1SDV_20200831T051420_20200831T051445_034146_03F756_6D5E,4.271369149,7.303988131,18326.0,14830.0,14833.0,18323.0,14828.0,18328.0,28.46532961,ais/manual,True,True,9999.99,9999.99,HIGH
validation,GRD,7b7e837a7ac5a880v,7b7e837a7ac5a880v_004.00119728000000041135_007.77645717099999966848,S1A_IW_GRDH_1SDV_20200831T051420_20200831T051445_034146_03F756_6D5E,4.00119728,7.7764571710000014,12584.0,12999.0,13005.0,12580.0,12994.0,12588.0,34.88459362,ais/manual,True,False,9999.99,9999.99,HIGH
validation,GRD,7b7e837a7ac5a880v,7b7e837a7ac5a880v_004.14241935500000035830_007.48259770599999995966,S1A_IW_GRDH_1SDV_20200831T051420_20200831T051445_034146_03F756_6D5E,4.142419355,7.482597706,16096.0,13851.0,13854.0,16093.0,13848.0,16098.0,30.3364747,ais/manual,True,False,9999.99,9999.99,HIGH
validation,GRD,7b7e837a7ac5a880v,7b7e837a7ac5a880v_004.07112106499999981679_006.70593191199999960617,S1A_IW_GRDH_1SDV_20200831T051420_20200831T051445_034146_03F756_6D5E,4.071121065,6.7059319120000005,24373.0,11361.0,11369.0,24369.0,11354.0,24376.0,31.1139485,ais/manual,True,True,9999.99,9999.99,HIGH
validation,GRD,7b7e837a7ac5a880v,7b7e837a7ac5a880v_004.01404361699999956414_007.50679343300000034844,S1A_IW_GRDH_1SDV_20200831T051420_20200831T051445_034146_03F756_6D5E,4.014043617,7.506793432999999,15546.0,12535.0,12537.0,15543.0,12532.0,15549.0,51.69079376,ais/manual,True,False,9999.99,9999.99,HIGH
validation,GRD,7b7e837a7ac5a880v,7b7e837a7ac5a880v_004.09496972899999978068_007.07653823099999979007,S1A_IW_GRDH_1SDV_20200831T051420_20200831T051445_034146_03F756_6D5E,4.094969729,7.076538231000002,20406.0,12441.0,12444.0,20404.0,12437.0,20409.0,23.63599762,ais/manual,True,True,9999.99,9999.99,HIGH
validation,GRD,7b7e837a7ac5a880v,7b7e837a7ac5a880v_004.30625023300000009385_006.96280678699999988623,S1A_IW_GRDH_1SDV_20200831T051420_20200831T051445_034146_03F756_6D5E,4.306250233,6.962806787000001,22113.0,14445.0,14448.0,22111.0,14442.0,22116.0,29.38206351,ais/manual,True,False,7.485662388729447,6.781162652793825,HIGH
validation,GRD,7b7e837a7ac5a880v,7b7e837a7ac5a880v_003.01072183399999993014_007.10675436999999998733,S1A_IW_GRDH_1SDV_20200831T051420_20200831T051445_034146_03F756_6D5E,3.010721834,7.10675437,17650.0,933.0,938.0,17647.0,928.0,17653.0,41.90922451,ais/manual,True,False,9999.99,9999.99,HIGH
validation,GRD,7b7e837a7ac5a880v,7b7e837a7ac5a880v_003.05160431299999990173_006.69784481599999992341,S1A_IW_GRDH_1SDV_20200831T051420_20200831T051445_034146_03F756_6D5E,3.051604313,6.697844816,22193.0,452.0,477.0,22179.0,426.0,22208.0,65.31880155,ais/manual,True,False,9999.99,9999.99,HIGH
validation,GRD,7b7e837a7ac5a880v,7b7e837a7ac5a880v_004.21254063399999978401_007.20143945199999979678,S1A_IW_GRDH_1SDV_20200831T051420_20200831T051445_034146_03F756_6D5E,4.212540634,7.201439452000001,19310.0,13974.0,13980.0,19306.0,13967.0,19313.0,27.2739762,ais/manual,True,True,9999.99,9999.99,HIGH
validation,GRD,7b7e837a7ac5a880v,7b7e837a7ac5a880v_003.49318389100000015191_007.00840364899999990200,S1A_IW_GRDH_1SDV_20200831T051420_20200831T051445_034146_03F756_6D5E,3.493183891,7.008403649,19801.0,5862.0,5869.0,19797.0,5856.0,19805.0,45.54849314,ais/manual,True,False,9999.99,9999.99,HIGH
validation,GRD,7b7e837a7ac5a880v,7b7e837a7ac5a880v_004.27759515400000012164_007.33901491700000008223,S1A_IW_GRDH_1SDV_20200831T051420_20200831T051445_034146_03F756_6D5E,4.277595154,7.339014917,17959.0,14975.0,14979.0,17956.0,14970.0,17961.0,33.37801737,ais/manual,True,False,9999.99,9999.99,HIGH
validation,GRD,7b7e837a7ac5a880v,7b7e837a7ac5a880v_004.24951633800000028174_007.40303009600000017087,S1A_IW_GRDH_1SDV_20200831T051420_20200831T051445_034146_03F756_6D5E,4.249516338,7.403030096,17200.0,14817.0,14826.0,17189.0,14808.0,17211.0,176.0,ais/manual,True,False,9999.99,9999.99,HIGH
validation,GRD,7b7e837a7ac5a880v,7b7e837a7ac5a880v_004.15373145900000029229_007.00003451200000004206,S1A_IW_GRDH_1SDV_20200831T051420_20200831T051445_034146_03F756_6D5E,4.153731458999999,7.000034512,21369.0,12898.0,12908.0,21363.0,12889.0,21374.0,32.38846821,ais/manual,True,True,9999.99,9999.99,HIGH
validation,GRD,7b7e837a7ac5a880v,7b7e837a7ac5a880v_003.90816360200000012526_007.11505509800000002230,S1A_IW_GRDH_1SDV_20200831T051420_20200831T051445_034146_03F756_6D5E,3.908163602,7.115055097999999,19555.0,10531.0,10543.0,19547.0,10519.0,19563.0,165.134757,ais/manual,True,False,9999.99,9999.99,HIGH
validation,GRD,7b7e837a7ac5a880v,7b7e837a7ac5a880v_004.09471731300000030274_006.77077361799999977165,S1A_IW_GRDH_1SDV_20200831T051420_20200831T051445_034146_03F756_6D5E,4.094717313,6.770773618,23727.0,11758.0,11764.0,23724.0,11752.0,23730.0,34.65448587,ais/manual,True,True,9999.99,9999.99,HIGH
validation,GRD,7b7e837a7ac5a880v,7b7e837a7ac5a880v_004.18570460000000021950_007.09532094800000034951,S1A_IW_GRDH_1SDV_20200831T051420_20200831T051445_034146_03F756_6D5E,4.1857046,7.095320948,20404.0,13451.0,13455.0,20400.0,13448.0,20407.0,27.84856512,ais/manual,True,True,9999.99,9999.99,HIGH
validation,GRD,7b7e837a7ac5a880v,7b7e837a7ac5a880v_004.00518547099999988603_007.78212538499999961772,S1A_IW_GRDH_1SDV_20200831T051420_20200831T051445_034146_03F756_6D5E,4.005185471,7.782125385,12531.0,13054.0,13060.0,12528.0,13049.0,12534.0,28.82779072,ais/manual,True,False,9999.99,9999.99,HIGH
validation,GRD,7b7e837a7ac5a880v,7b7e837a7ac5a880v_004.15392782600000032289_006.97076870500000023156,S1A_IW_GRDH_1SDV_20200831T051420_20200831T051445_034146_03F756_6D5E,4.153927826,6.970768705,21687.0,12835.0,12842.0,21684.0,12828.0,21691.0,32.67736754,ais/manual,True,False,9999.99,9999.99,HIGH
validation,GRD,7b7e837a7ac5a880v,7b7e837a7ac5a880v_004.22716815600000028752_008.05801908799999999644,S1A_IW_GRDH_1SDV_20200831T051420_20200831T051445_034146_03F756_6D5E,4.227168156,8.058019088,10028.0,16037.0,16044.0,10024.0,16031.0,10032.0,39.28640076,ais/manual,True,False,9999.99,9999.99,HIGH
validation,GRD,7b7e837a7ac5a880v,7b7e837a7ac5a880v_003.79237099900000007580_008.75457502599999948245,S1A_IW_GRDH_1SDV_20200831T051420_20200831T051445_034146_03F756_6D5E,3.792370999,8.754575026,1477.0,12961.0,12971.0,1470.0,12950.0,1484.0,144.4565656,ais/manual,True,False,3.0499196315861377,3.0345623208567782,HIGH
validation,GRD,7b7e837a7ac5a880v,7b7e837a7ac5a880v_004.07747197099999958425_006.77838346299999994216,S1A_IW_GRDH_1SDV_20200831T051420_20200831T051445_034146_03F756_6D5E,4.0774719710000005,6.778383463,23603.0,11590.0,11597.0,23599.0,11584.0,23607.0,27.95170231,ais/manual,True,True,9999.99,9999.99,HIGH
validation,GRD,7b7e837a7ac5a880v,7b7e837a7ac5a880v_004.20683887499999986659_007.23873959199999994496,S1A_IW_GRDH_1SDV_20200831T051420_20200831T051445_034146_03F756_6D5E,4.206838875,7.238739592000001,18891.0,13996.0,14004.0,18887.0,13988.0,18896.0,24.81803878,ais/manual,True,True,9999.99,9999.99,HIGH
validation,GRD,7b7e837a7ac5a880v,7b7e837a7ac5a880v_003.83147869100000004750_008.11169730099999952699,S1A_IW_GRDH_1SDV_20200831T051420_20200831T051445_034146_03F756_6D5E,3.831478691,8.111697301,8557.0,11938.0,11949.0,8550.0,11927.0,8564.0,73.17978744,ais/manual,True,False,9999.99,9999.99,HIGH
validation,GRD,7b7e837a7ac5a880v,7b7e837a7ac5a880v_003.82606752700000019018_008.12755278200000041977,S1A_IW_GRDH_1SDV_20200831T051420_20200831T051445_034146_03F756_6D5E,3.826067527,8.127552782,8372.0,11916.0,11928.0,8364.0,11904.0,8379.0,70.2810478,ais/manual,True,False,9999.99,9999.99,HIGH
validation,GRD,7b7e837a7ac5a880v,7b7e837a7ac5a880v_004.00745568199999979697_007.32751193000000000666,S1A_IW_GRDH_1SDV_20200831T051420_20200831T051445_034146_03F756_6D5E,4.007455682,7.32751193,17481.0,12065.0,12073.0,17473.0,12057.0,17487.0,65.39520106,ais/manual,True,False,9999.99,9999.99,HIGH
validation,GRD,7b7e837a7ac5a880v,7b7e837a7ac5a880v_004.19842916099999996504_008.24852047000000077048,S1A_IW_GRDH_1SDV_20200831T051420_20200831T051445_034146_03F756_6D5E,4.198429161,8.24852047,7893.0,16156.0,16162.0,7889.0,16150.0,7896.0,59.96774922,ais/manual,True,False,9999.99,9999.99,HIGH
validation,GRD,7b7e837a7ac5a880v,7b7e837a7ac5a880v_004.14042495300000013003_007.26086206100000008945,S1A_IW_GRDH_1SDV_20200831T051420_20200831T051445_034146_03F756_6D5E,4.140424953,7.260862061,18503.0,13336.0,13343.0,18499.0,13329.0,18506.0,29.07790284,ais/manual,True,True,9999.99,9999.99,HIGH
validation,GRD,7b7e837a7ac5a880v,7b7e837a7ac5a880v_004.21811270400000015712_007.39174504799999976257,S1A_IW_GRDH_1SDV_20200831T051420_20200831T051445_034146_03F756_6D5E,4.218112704,7.391745048,17253.0,14457.0,14479.0,17236.0,14434.0,17268.0,343.4,ais/manual,True,False,9999.99,9999.99,HIGH
validation,GRD,7b7e837a7ac5a880v,7b7e837a7ac5a880v_004.07009389400000021197_006.72618973800000041763,S1A_IW_GRDH_1SDV_20200831T051420_20200831T051445_034146_03F756_6D5E,4.070093893999998,6.726189738,24151.0,11395.0,11400.0,24148.0,11391.0,24153.0,24.49343103,ais/manual,True,True,9999.99,9999.99,HIGH
validation,GRD,7b7e837a7ac5a880v,7b7e837a7ac5a880v_004.07482636700000000474_007.77931930999999998733,S1A_IW_GRDH_1SDV_20200831T051420_20200831T051445_034146_03F756_6D5E,4.074826367,7.77931931,12718.0,13791.0,13793.0,12715.0,13788.0,12721.0,25.90447067,ais/manual,True,False,9999.99,9999.99,HIGH
validation,GRD,7b7e837a7ac5a880v,7b7e837a7ac5a880v_004.17486313700000000182_008.40531477600000087591,S1A_IW_GRDH_1SDV_20200831T051420_20200831T051445_034146_03F756_6D5E,4.174863137,8.405314776,6135.0,16255.0,16259.0,6130.0,16250.0,6140.0,75.90372796,ais/manual,True,False,9999.99,9999.99,HIGH
validation,GRD,7b7e837a7ac5a880v,7b7e837a7ac5a880v_003.78792969200000007035_008.72674712200000080031,S1A_IW_GRDH_1SDV_20200831T051420_20200831T051445_034146_03F756_6D5E,3.787929692,8.726747122,1770.0,12851.0,12854.0,1767.0,12848.0,1773.0,27.18986662,ais/manual,True,False,0.6373514331445448,0.7212208992218316,HIGH
validation,GRD,7b7e837a7ac5a880v,7b7e837a7ac5a880v_003.99058965499999995785_007.30512476100000007762,S1A_IW_GRDH_1SDV_20200831T051420_20200831T051445_034146_03F756_6D5E,3.990589655,7.305124761,17684.0,11835.0,11847.0,17676.0,11823.0,17692.0,41.72097462,ais/manual,True,False,9999.99,9999.99,HIGH
validation,GRD,7b7e837a7ac5a880v,7b7e837a7ac5a880v_004.15051122499999980420_007.50510006799999995764,S1A_IW_GRDH_1SDV_20200831T051420_20200831T051445_034146_03F756_6D5E,4.150511225,7.505100068,15869.0,13987.0,13991.0,15865.0,13984.0,15874.0,66.12856052,ais/manual,True,False,9999.99,9999.99,HIGH
validation,GRD,7b7e837a7ac5a880v,7b7e837a7ac5a880v_003.54695507500000006829_007.41434584499999971285,S1A_IW_GRDH_1SDV_20200831T051420_20200831T051445_034146_03F756_6D5E,3.546955075,7.414345845,15489.0,7344.0,7351.0,15484.0,7337.0,15494.0,66.59096329,ais/manual,True,False,9999.99,9999.99,HIGH
validation,GRD,7b7e837a7ac5a880v,7b7e837a7ac5a880v_004.13050170600000043919_008.48553318399999945143,S1A_IW_GRDH_1SDV_20200831T051420_20200831T051445_034146_03F756_6D5E,4.130501706,8.485533184,5163.0,15961.0,15963.0,5162.0,15959.0,5165.0,49.18925998,ais/manual,True,False,9999.99,9999.99,HIGH
validation,GRD,7b7e837a7ac5a880v,7b7e837a7ac5a880v_003.49718880399999987318_008.55541344499999922846,S1A_IW_GRDH_1SDV_20200831T051420_20200831T051445_034146_03F756_6D5E,3.497188804,8.555413445,2977.0,9370.0,9379.0,2972.0,9362.0,2983.0,77.85267395,ais/manual,True,False,2.753624847955886,1.835132051021476,HIGH
validation,GRD,7b7e837a7ac5a880v,7b7e837a7ac5a880v_004.20615481300000038090_007.29701483100000025672,S1A_IW_GRDH_1SDV_20200831T051420_20200831T051445_034146_03F756_6D5E,4.206154813,7.297014831,18256.0,14118.0,14125.0,18251.0,14112.0,18261.0,28.71676145,ais/manual,True,True,9999.99,9999.99,HIGH
validation,GRD,7b7e837a7ac5a880v,7b7e837a7ac5a880v_004.11124015099999962075_008.17247757500000027164,S1A_IW_GRDH_1SDV_20200831T051420_20200831T051445_034146_03F756_6D5E,4.1112401510000005,8.172477575,8524.0,15056.0,15063.0,8521.0,15050.0,8527.0,41.91374054,ais/manual,True,False,9999.99,9999.99,HIGH
validation,GRD,7b7e837a7ac5a880v,7b7e837a7ac5a880v_004.31023162099999979091_007.33498068399999958444,S1A_IW_GRDH_1SDV_20200831T051420_20200831T051445_034146_03F756_6D5E,4.310231621000002,7.334980684,18075.0,15314.0,15322.0,18071.0,15307.0,18080.0,28.79184254,ais/manual,True,True,9999.99,9999.99,HIGH
validation,GRD,7b7e837a7ac5a880v,7b7e837a7ac5a880v_003.99905327899999996077_008.24807605300000012960,S1A_IW_GRDH_1SDV_20200831T051420_20200831T051445_034146_03F756_6D5E,3.999053279,8.248076053,7450.0,14029.0,14041.0,7443.0,14018.0,7458.0,127.6264664,ais/manual,True,False,9999.99,9999.99,HIGH
validation,GRD,7b7e837a7ac5a880v,7b7e837a7ac5a880v_003.81913521699999991554_007.17313387200000018851,S1A_IW_GRDH_1SDV_20200831T051420_20200831T051445_034146_03F756_6D5E,3.819135217,7.173133872,18731.0,9710.0,9719.0,18724.0,9701.0,18737.0,71.63804404,ais/manual,True,False,9999.99,9999.99,HIGH
validation,GRD,7b7e837a7ac5a880v,7b7e837a7ac5a880v_004.13307748200000002470_007.51612132300000013174,S1A_IW_GRDH_1SDV_20200831T051420_20200831T051445_034146_03F756_6D5E,4.133077482,7.516121322999999,15710.0,13826.0,13836.0,15704.0,13816.0,15717.0,54.37213298,ais/manual,True,False,9999.99,9999.99,HIGH
validation,GRD,7b7e837a7ac5a880v,7b7e837a7ac5a880v_004.35157561299999962046_007.34290809099999997045,S1A_IW_GRDH_1SDV_20200831T051420_20200831T051445_034146_03F756_6D5E,4.3515756130000005,7.342908091,18081.0,15773.0,15779.0,18077.0,15768.0,18085.0,41.77564038,ais/manual,True,False,7.291423942819688,7.143653170635984,HIGH
validation,GRD,7b7e837a7ac5a880v,7b7e837a7ac5a880v_004.11236581100000009314_007.78160445900000041775,S1A_IW_GRDH_1SDV_20200831T051420_20200831T051445_034146_03F756_6D5E,4.112365811,7.781604458999999,12777.0,14197.0,14211.0,12770.0,14182.0,12784.0,61.23380728,ais/manual,True,False,9999.99,9999.99,HIGH
validation,GRD,7b7e837a7ac5a880v,7b7e837a7ac5a880v_004.11949750900000033482_007.01308678400000040654,S1A_IW_GRDH_1SDV_20200831T051420_20200831T051445_034146_03F756_6D5E,4.119497509,7.013086784,21151.0,12561.0,12568.0,21147.0,12555.0,21155.0,29.00006138,ais/manual,True,True,9999.99,9999.99,HIGH
validation,GRD,7b7e837a7ac5a880v,7b7e837a7ac5a880v_003.97766686400000013535_007.35386547900000042688,S1A_IW_GRDH_1SDV_20200831T051420_20200831T051445_034146_03F756_6D5E,3.977666864,7.353865478999999,17125.0,11806.0,11811.0,17121.0,11800.0,17129.0,38.51962015,ais/manual,True,False,9999.99,9999.99,HIGH
validation,GRD,7b7e837a7ac5a880v,7b7e837a7ac5a880v_004.09339798700000034870_006.98902032999999978102,S1A_IW_GRDH_1SDV_20200831T051420_20200831T051445_034146_03F756_6D5E,4.093397987,6.98902033,21355.0,12229.0,12242.0,21349.0,12216.0,21360.0,27.838392,ais/manual,True,True,9999.99,9999.99,HIGH
validation,GRD,7b7e837a7ac5a880v,7b7e837a7ac5a880v_004.25246414799999961076_007.03562676900000028013,S1A_IW_GRDH_1SDV_20200831T051420_20200831T051445_034146_03F756_6D5E,4.2524641480000005,7.035626768999999,21202.0,14032.0,14036.0,21199.0,14028.0,21204.0,26.19301035,ais/manual,True,True,9999.99,9999.99,HIGH
validation,GRD,7b7e837a7ac5a880v,7b7e837a7ac5a880v_004.34861382500000015483_007.12149188099999985724,S1A_IW_GRDH_1SDV_20200831T051420_20200831T051445_034146_03F756_6D5E,4.348613825,7.121491881,20482.0,15250.0,15252.0,20480.0,15247.0,20484.0,57.98189059999999,ais/manual,True,False,4.243334496487437,3.814948160555745,HIGH
validation,GRD,5e9a2c1bcf179e9bv,5e9a2c1bcf179e9bv_056.51148810000000111131_007.28735163700000043718,S1A_IW_GRDH_1SDV_20200904T171759_20200904T171831_034212_03F991_B096,56.51148810000001,7.287351637,18696.0,5571.0,5585.0,18686.0,5558.0,18705.0,214.1519885,ais/manual,True,False,9999.99,9999.99,HIGH
validation,GRD,5e9a2c1bcf179e9bv,5e9a2c1bcf179e9bv_055.12597183999999828075_005.26722781800000028340,S1A_IW_GRDH_1SDV_20200904T171759_20200904T171831_034212_03F991_B096,55.12597184,5.267227818,3396.0,18279.0,18282.0,3395.0,18276.0,3399.0,67.4,ais/manual,True,True,9999.99,9999.99,HIGH
validation,GRD,5e9a2c1bcf179e9bv,5e9a2c1bcf179e9bv_056.00768383999999855405_005.36342776199999970999,S1A_IW_GRDH_1SDV_20200904T171759_20200904T171831_034212_03F991_B096,56.00768384,5.363427762,5946.0,8905.0,8911.0,5940.0,8900.0,5952.0,63.0,ais/manual,True,True,9999.99,9999.99,HIGH
validation,GRD,5e9a2c1bcf179e9bv,5e9a2c1bcf179e9bv_056.77069457999999713138_008.09942744700000005764,S1A_IW_GRDH_1SDV_20200904T171759_20200904T171831_034212_03F991_B096,56.77069458,8.099427447,24082.0,3534.0,3543.0,24077.0,3526.0,24087.0,75.4,ais/manual,True,True,7.741512589518907,7.737843930345385,HIGH
validation,GRD,5e9a2c1bcf179e9bv,5e9a2c1bcf179e9bv_055.20741457999999823869_005.59138898099999970270,S1A_IW_GRDH_1SDV_20200904T171759_20200904T171831_034212_03F991_B096,55.20741458,5.5913889810000015,5601.0,17801.0,17807.0,5597.0,17794.0,5606.0,114.7509025,ais/manual,True,False,9999.99,9999.99,HIGH
validation,GRD,5e9a2c1bcf179e9bv,5e9a2c1bcf179e9bv_055.63477060999999679325_004.94183576200000018730,S1A_IW_GRDH_1SDV_20200904T171759_20200904T171831_034212_03F991_B096,55.63477061,4.941835762,2524.0,12403.0,12415.0,2519.0,12392.0,2529.0,48.8,ais/manual,True,True,9999.99,9999.99,HIGH
validation,GRD,5e9a2c1bcf179e9bv,5e9a2c1bcf179e9bv_054.99654018999999749440_006.01093379499999969084,S1A_IW_GRDH_1SDV_20200904T171759_20200904T171831_034212_03F991_B096,54.99654019,6.010933795,7774.0,20578.0,20589.0,7768.0,20567.0,7780.0,136.607555,ais/manual,True,False,9999.99,9999.99,HIGH
validation,GRD,5e9a2c1bcf179e9bv,5e9a2c1bcf179e9bv_055.86342221999999679838_008.03153204500000050814,S1A_IW_GRDH_1SDV_20200904T171759_20200904T171831_034212_03F991_B096,55.86342222,8.031532045,22066.0,13365.0,13371.0,22063.0,13358.0,22068.0,16.98,ais/manual,True,True,7.770950400794283,7.325592373016916,HIGH
validation,GRD,5e9a2c1bcf179e9bv,5e9a2c1bcf179e9bv_055.56685256000000094900_006.27550503299999995477,S1A_IW_GRDH_1SDV_20200904T171759_20200904T171831_034212_03F991_B096,55.56685256,6.275505033,10623.0,14726.0,14738.0,10614.0,14715.0,10631.0,111.6379093,ais/manual,True,False,9999.99,9999.99,HIGH
validation,GRD,5e9a2c1bcf179e9bv,5e9a2c1bcf179e9bv_055.44527217000000263170_006.91831961900000003141,S1A_IW_GRDH_1SDV_20200904T171759_20200904T171831_034212_03F991_B096,55.44527217,6.918319619,14371.0,16759.0,16765.0,14369.0,16753.0,14374.0,16.95,ais/manual,True,True,9999.99,9999.99,HIGH
validation,GRD,5e9a2c1bcf179e9bv,5e9a2c1bcf179e9bv_056.30573840000000274131_006.09391649899999965356,S1A_IW_GRDH_1SDV_20200904T171759_20200904T171831_034212_03F991_B096,56.3057384,6.093916499,11038.0,6532.0,6537.0,11034.0,6528.0,11041.0,125.5305557,ais/manual,True,False,9999.99,9999.99,HIGH
validation,GRD,5e9a2c1bcf179e9bv,5e9a2c1bcf179e9bv_055.60391557999999889716_005.12771303899999963960,S1A_IW_GRDH_1SDV_20200904T171759_20200904T171831_034212_03F991_B096,55.60391558,5.127713039,3601.0,12966.0,12974.0,3597.0,12958.0,3606.0,62.6,ais/manual,True,True,9999.99,9999.99,HIGH
validation,GRD,5e9a2c1bcf179e9bv,5e9a2c1bcf179e9bv_056.32738635999999843307_006.71008230600000032950,S1A_IW_GRDH_1SDV_20200904T171759_20200904T171831_034212_03F991_B096,56.32738636,6.710082306,14832.0,6971.0,6974.0,14830.0,6968.0,14834.0,22.31666667,ais/manual,True,True,9999.99,9999.99,HIGH
validation,GRD,5e9a2c1bcf179e9bv,5e9a2c1bcf179e9bv_055.58471847999999937429_005.19232040200000000141,S1A_IW_GRDH_1SDV_20200904T171759_20200904T171831_034212_03F991_B096,55.58471848,5.192320402,3957.0,13252.0,13256.0,3955.0,13248.0,3961.0,53.9,ais/manual,True,True,9999.99,9999.99,HIGH
validation,GRD,5e9a2c1bcf179e9bv,5e9a2c1bcf179e9bv_055.83647923000000190541_007.81727791600000010419,S1A_IW_GRDH_1SDV_20200904T171759_20200904T171831_034212_03F991_B096,55.83647923,7.817277916,20693.0,13447.0,13452.0,20688.0,13442.0,20697.0,44.32903925,ais/manual,True,False,9999.99,9999.99,HIGH
validation,GRD,5e9a2c1bcf179e9bv,5e9a2c1bcf179e9bv_055.44982850000000240698_007.72135575099999993398,S1A_IW_GRDH_1SDV_20200904T171759_20200904T171831_034212_03F991_B096,55.4498285,7.721355751,19387.0,17557.0,17562.0,19381.0,17553.0,19393.0,53.78831449,ais/manual,True,False,9999.99,9999.99,HIGH
validation,GRD,5e9a2c1bcf179e9bv,5e9a2c1bcf179e9bv_055.98690767000000079179_006.77194178800000035068,S1A_IW_GRDH_1SDV_20200904T171759_20200904T171831_034212_03F991_B096,55.98690767,6.771941788,14537.0,10729.0,10738.0,14530.0,10719.0,14543.0,142.8,ais/manual,True,False,9999.99,9999.99,HIGH
validation,GRD,5e9a2c1bcf179e9bv,5e9a2c1bcf179e9bv_055.87230919000000284314_005.26287170099999990214,S1A_IW_GRDH_1SDV_20200904T171759_20200904T171831_034212_03F991_B096,55.87230919,5.262871701,5031.0,10242.0,10251.0,5027.0,10235.0,5035.0,96.36697603,ais/manual,True,False,9999.99,9999.99,HIGH
validation,GRD,5e9a2c1bcf179e9bv,5e9a2c1bcf179e9bv_056.76708474000000137494_006.72297187699999998500,S1A_IW_GRDH_1SDV_20200904T171759_20200904T171831_034212_03F991_B096,56.76708474,6.722971877000001,15774.0,2215.0,2224.0,15764.0,2206.0,15785.0,168.23360359999995,ais/manual,True,False,9999.99,9999.99,HIGH
validation,GRD,5e9a2c1bcf179e9bv,5e9a2c1bcf179e9bv_055.67913498000000060983_006.52621167199999963060,S1A_IW_GRDH_1SDV_20200904T171759_20200904T171831_034212_03F991_B096,55.67913498,6.5262116720000005,12405.0,13794.0,13804.0,12395.0,13784.0,12416.0,214.7541855,ais/manual,True,False,9999.99,9999.99,HIGH
validation,GRD,5e9a2c1bcf179e9bv,5e9a2c1bcf179e9bv_055.99423207000000246580_008.08790412499999966656,S1A_IW_GRDH_1SDV_20200904T171759_20200904T171831_034212_03F991_B096,55.99423207,8.087904125,22646.0,11994.0,12005.0,22642.0,11982.0,22651.0,75.49,ais/manual,True,False,1.573620792155073,1.8379114992144,HIGH
validation,GRD,5e9a2c1bcf179e9bv,5e9a2c1bcf179e9bv_056.14532947000000007165_006.96304805200000043186,S1A_IW_GRDH_1SDV_20200904T171759_20200904T171831_034212_03F991_B096,56.14532947,6.963048052,16019.0,9214.0,9224.0,16013.0,9206.0,16026.0,161.4757148,ais/manual,True,False,9999.99,9999.99,HIGH
validation,GRD,5e9a2c1bcf179e9bv,5e9a2c1bcf179e9bv_056.61390052000000139287_005.79508631100000037861,S1A_IW_GRDH_1SDV_20200904T171759_20200904T171831_034212_03F991_B096,56.61390052,5.795086311,9872.0,2865.0,2873.0,9869.0,2858.0,9876.0,22.19610496,ais/manual,True,True,9999.99,9999.99,HIGH
validation,GRD,5e9a2c1bcf179e9bv,5e9a2c1bcf179e9bv_055.55392382000000139897_006.06230655400000006949,S1A_IW_GRDH_1SDV_20200904T171759_20200904T171831_034212_03F991_B096,55.55392382,6.062306554,9274.0,14621.0,14629.0,9267.0,14614.0,9282.0,108.8574844,ais/manual,True,False,9999.99,9999.99,HIGH
validation,GRD,5e9a2c1bcf179e9bv,5e9a2c1bcf179e9bv_056.24748984000000007200_005.26689374099999962908,S1A_IW_GRDH_1SDV_20200904T171759_20200904T171831_034212_03F991_B096,56.24748984,5.2668937410000005,5885.0,6206.0,6209.0,5882.0,6204.0,5888.0,82.67793628,ais/manual,True,False,9999.99,9999.99,HIGH
validation,GRD,5e9a2c1bcf179e9bv,5e9a2c1bcf179e9bv_055.37329326999999778991_006.38575380099999989625,S1A_IW_GRDH_1SDV_20200904T171759_20200904T171831_034212_03F991_B096,55.37329327,6.385753801,10908.0,16945.0,16953.0,10905.0,16936.0,10913.0,126.5477543,ais/manual,True,False,9999.99,9999.99,HIGH
validation,GRD,5e9a2c1bcf179e9bv,5e9a2c1bcf179e9bv_055.83631548999999694161_006.61126891999999966032,S1A_IW_GRDH_1SDV_20200904T171759_20200904T171831_034212_03F991_B096,55.83631549,6.61126892,13248.0,12186.0,12193.0,13244.0,12179.0,13253.0,139.23511090000002,ais/manual,True,False,9999.99,9999.99,HIGH
validation,GRD,5e9a2c1bcf179e9bv,5e9a2c1bcf179e9bv_055.55826723999999927628_006.20171520800000042328,S1A_IW_GRDH_1SDV_20200904T171759_20200904T171831_034212_03F991_B096,55.55826724,6.201715208,10147.0,14735.0,14742.0,10142.0,14729.0,10154.0,133.18843529999998,ais/manual,True,False,9999.99,9999.99,HIGH
validation,GRD,5e9a2c1bcf179e9bv,5e9a2c1bcf179e9bv_056.36782070000000288701_005.19371953000000008416,S1A_IW_GRDH_1SDV_20200904T171759_20200904T171831_034212_03F991_B096,56.3678207,5.19371953,5706.0,4823.0,4845.0,5699.0,4802.0,5713.0,169.04,ais/manual,True,False,9999.99,9999.99,HIGH
validation,GRD,5e9a2c1bcf179e9bv,5e9a2c1bcf179e9bv_056.61094332999999778622_007.77264898099999967940,S1A_IW_GRDH_1SDV_20200904T171759_20200904T171831_034212_03F991_B096,56.61094333,7.7726489810000015,21822.0,4967.0,4973.0,21819.0,4961.0,21825.0,48.55,ais/manual,True,True,9999.99,9999.99,HIGH
validation,GRD,5e9a2c1bcf179e9bv,5e9a2c1bcf179e9bv_055.63842573000000157890_005.06770304299999985176,S1A_IW_GRDH_1SDV_20200904T171759_20200904T171831_034212_03F991_B096,55.63842573,5.067703043,3308.0,12520.0,12525.0,3305.0,12516.0,3313.0,78.0,ais/manual,True,True,9999.99,9999.99,HIGH
validation,GRD,5e9a2c1bcf179e9bv,5e9a2c1bcf179e9bv_057.03672123999999854504_007.95046106800000007553,S1A_IW_GRDH_1SDV_20200904T171759_20200904T171831_034212_03F991_B096,57.03672124,7.950461067999999,23650.0,492.0,504.0,23640.0,482.0,23660.0,172.6996574,ais/manual,True,False,9999.99,9999.99,HIGH
validation,GRD,5e9a2c1bcf179e9bv,5e9a2c1bcf179e9bv_055.18843961999999692125_006.77337831699999970425,S1A_IW_GRDH_1SDV_20200904T171759_20200904T171831_034212_03F991_B096,55.18843962,6.773378317000001,12955.0,19381.0,19401.0,12949.0,19363.0,12961.0,128.1673327,ais/manual,True,False,9999.99,9999.99,HIGH
validation,GRD,5e9a2c1bcf179e9bv,5e9a2c1bcf179e9bv_055.66048170999999911146_005.07121587700000020504,S1A_IW_GRDH_1SDV_20200904T171759_20200904T171831_034212_03F991_B096,55.66048171,5.071215877,3380.0,12288.0,12292.0,3376.0,12284.0,3383.0,43.305,ais/manual,True,True,9999.99,9999.99,HIGH
validation,GRD,5e9a2c1bcf179e9bv,5e9a2c1bcf179e9bv_057.01511702999999897656_007.83397222700000028794,S1A_IW_GRDH_1SDV_20200904T171759_20200904T171831_034212_03F991_B096,57.01511703,7.833972227,22913.0,619.0,631.0,22907.0,608.0,22920.0,42.35,ais/manual,True,True,9999.99,9999.99,HIGH
validation,GRD,5e9a2c1bcf179e9bv,5e9a2c1bcf179e9bv_056.05565059999999988349_006.71240477799999979425,S1A_IW_GRDH_1SDV_20200904T171759_20200904T171831_034212_03F991_B096,56.05565060000001,6.712404778,14308.0,9920.0,9926.0,14305.0,9913.0,14310.0,18.935,ais/manual,True,True,9999.99,9999.99,HIGH
validation,GRD,5e9a2c1bcf179e9bv,5e9a2c1bcf179e9bv_055.44014423000000135744_008.27191286100000056081,S1A_IW_GRDH_1SDV_20200904T171759_20200904T171831_034212_03F991_B096,55.44014423,8.271912861,22807.0,18213.0,18216.0,22805.0,18211.0,22811.0,53.12530946,ais/manual,True,False,3.6638910546771024,4.27849155681804,HIGH
validation,GRD,5e9a2c1bcf179e9bv,5e9a2c1bcf179e9bv_055.92629851000000229533_005.78278579399999959065,S1A_IW_GRDH_1SDV_20200904T171759_20200904T171831_034212_03F991_B096,55.92629851,5.782785794,8339.0,10277.0,10280.0,8336.0,10274.0,8343.0,32.10252861,ais/manual,True,True,9999.99,9999.99,HIGH
validation,GRD,5e9a2c1bcf179e9bv,5e9a2c1bcf179e9bv_055.11556673999999844682_006.77963059899999986868,S1A_IW_GRDH_1SDV_20200904T171759_20200904T171831_034212_03F991_B096,55.11556674,6.779630599,12848.0,20177.0,20204.0,12838.0,20152.0,12858.0,169.052171,ais/manual,True,False,9999.99,9999.99,HIGH
validation,GRD,5e9a2c1bcf179e9bv,5e9a2c1bcf179e9bv_056.73586322999999964622_007.40271550799999999981,S1A_IW_GRDH_1SDV_20200904T171759_20200904T171831_034212_03F991_B096,56.73586323,7.402715507999999,19813.0,3246.0,3251.0,19806.0,3241.0,19819.0,59.83471927,ais/manual,True,False,9999.99,9999.99,HIGH
validation,GRD,5e9a2c1bcf179e9bv,5e9a2c1bcf179e9bv_056.85384054000000020324_008.08054100800000085769,S1A_IW_GRDH_1SDV_20200904T171759_20200904T171831_034212_03F991_B096,56.85384054,8.080541007999999,24112.0,2609.0,2611.0,24110.0,2607.0,24115.0,23.61,ais/manual,True,True,9999.99,9999.99,HIGH
validation,GRD,5e9a2c1bcf179e9bv,5e9a2c1bcf179e9bv_055.62640915000000063628_005.03250909499999998786,S1A_IW_GRDH_1SDV_20200904T171759_20200904T171831_034212_03F991_B096,55.62640915,5.032509095,3064.0,12606.0,12610.0,3062.0,12602.0,3067.0,58.50787742,ais/manual,True,True,9999.99,9999.99,HIGH
validation,GRD,5e9a2c1bcf179e9bv,5e9a2c1bcf179e9bv_055.70511263000000212742_005.30641654099999993122,S1A_IW_GRDH_1SDV_20200904T171759_20200904T171831_034212_03F991_B096,55.70511263,5.306416541,4929.0,12095.0,12101.0,4926.0,12089.0,4933.0,37.465,ais/manual,True,True,9999.99,9999.99,HIGH
validation,GRD,5e9a2c1bcf179e9bv,5e9a2c1bcf179e9bv_056.67059445999999667265_006.97966857100000037661,S1A_IW_GRDH_1SDV_20200904T171759_20200904T171831_034212_03F991_B096,56.67059446,6.979668571,17135.0,3528.0,3535.0,17127.0,3522.0,17143.0,158.2877745,ais/manual,True,False,9999.99,9999.99,HIGH
validation,GRD,5e9a2c1bcf179e9bv,5e9a2c1bcf179e9bv_056.35189642999999648509_007.33998952800000026286,S1A_IW_GRDH_1SDV_20200904T171759_20200904T171831_034212_03F991_B096,56.35189643,7.339989527999999,18716.0,7360.0,7368.0,18710.0,7351.0,18722.0,125.6645876,ais/manual,True,False,9999.99,9999.99,HIGH
validation,GRD,5e9a2c1bcf179e9bv,5e9a2c1bcf179e9bv_055.60914080999999953292_004.98007699800000036561,S1A_IW_GRDH_1SDV_20200904T171759_20200904T171831_034212_03F991_B096,55.60914081,4.980076998,2702.0,12727.0,12731.0,2699.0,12722.0,2704.0,39.65,ais/manual,True,True,9999.99,9999.99,HIGH
validation,GRD,5e9a2c1bcf179e9bv,5e9a2c1bcf179e9bv_055.82050147999999722970_005.23302549900000002481,S1A_IW_GRDH_1SDV_20200904T171759_20200904T171831_034212_03F991_B096,55.82050148,5.233025499,4733.0,10764.0,10771.0,4729.0,10758.0,4737.0,62.6,ais/manual,True,True,9999.99,9999.99,HIGH
validation,GRD,5e9a2c1bcf179e9bv,5e9a2c1bcf179e9bv_055.26215726000000216800_006.19424426399999994430,S1A_IW_GRDH_1SDV_20200904T171759_20200904T171831_034212_03F991_B096,55.26215726,6.194244264,9483.0,17926.0,17940.0,9474.0,17912.0,9493.0,160.7712657,ais/manual,True,False,9999.99,9999.99,HIGH
validation,GRD,5e9a2c1bcf179e9bv,5e9a2c1bcf179e9bv_055.43016218999999722428_008.22674288400000008892,S1A_IW_GRDH_1SDV_20200904T171759_20200904T171831_034212_03F991_B096,55.43016219,8.226742884,22507.0,18277.0,18283.0,22503.0,18272.0,22513.0,79.43,ais/manual,True,False,6.710267458190689,6.452222842579711,HIGH
validation,GRD,5e9a2c1bcf179e9bv,5e9a2c1bcf179e9bv_055.61681721000000067079_005.14614362699999983164,S1A_IW_GRDH_1SDV_20200904T171759_20200904T171831_034212_03F991_B096,55.61681721,5.146143627,3744.0,12850.0,12853.0,3741.0,12846.0,3747.0,47.48,ais/manual,True,True,9999.99,9999.99,HIGH
validation,GRD,5e9a2c1bcf179e9bv,5e9a2c1bcf179e9bv_056.91741179000000272481_007.05720228800000004554,S1A_IW_GRDH_1SDV_20200904T171759_20200904T171831_034212_03F991_B096,56.91741179,7.057202287999999,18074.0,926.0,938.0,18067.0,914.0,18081.0,173.47877119999995,ais/manual,True,False,9999.99,9999.99,HIGH
validation,GRD,5e9a2c1bcf179e9bv,5e9a2c1bcf179e9bv_056.22540988000000083957_006.02351924099999980200,S1A_IW_GRDH_1SDV_20200904T171759_20200904T171831_034212_03F991_B096,56.22540988,6.023519241,10442.0,7322.0,7330.0,10439.0,7314.0,10445.0,24.2,ais/manual,True,True,9999.99,9999.99,HIGH
validation,GRD,5e9a2c1bcf179e9bv,5e9a2c1bcf179e9bv_055.47375138000000305283_005.14366864299999981824,S1A_IW_GRDH_1SDV_20200904T171759_20200904T171831_034212_03F991_B096,55.47375138,5.143668643,3407.0,14385.0,14393.0,3402.0,14379.0,3412.0,69.06673062,ais/manual,True,False,9999.99,9999.99,HIGH
validation,GRD,5e9a2c1bcf179e9bv,5e9a2c1bcf179e9bv_055.51211119999999965557_006.57028471100000022176,S1A_IW_GRDH_1SDV_20200904T171759_20200904T171831_034212_03F991_B096,55.51211120000001,6.570284711,12340.0,15651.0,15667.0,12333.0,15635.0,12348.0,179.49919369999995,ais/manual,True,False,9999.99,9999.99,HIGH
validation,GRD,5e9a2c1bcf179e9bv,5e9a2c1bcf179e9bv_056.76304619999999800939_007.63354395200000013233,S1A_IW_GRDH_1SDV_20200904T171759_20200904T171831_034212_03F991_B096,56.76304620000001,7.633543952,21255.0,3176.0,3187.0,21248.0,3164.0,21264.0,134.03350840000002,ais/manual,True,False,9999.99,9999.99,HIGH
validation,GRD,5e9a2c1bcf179e9bv,5e9a2c1bcf179e9bv_055.61759109999999850515_005.20549742700000006579,S1A_IW_GRDH_1SDV_20200904T171759_20200904T171831_034212_03F991_B096,55.6175911,5.205497427,4112.0,12914.0,12918.0,4108.0,12910.0,4115.0,40.95890117,ais/manual,True,True,9999.99,9999.99,HIGH
validation,GRD,5e9a2c1bcf179e9bv,5e9a2c1bcf179e9bv_055.79474437999999736348_006.73219643899999997672,S1A_IW_GRDH_1SDV_20200904T171759_20200904T171831_034212_03F991_B096,55.79474438,6.732196439,13911.0,12769.0,12781.0,13904.0,12756.0,13917.0,124.885385,ais/manual,True,False,9999.99,9999.99,HIGH
validation,GRD,5e9a2c1bcf179e9bv,5e9a2c1bcf179e9bv_055.45924878999999663165_007.29924516099999998175,S1A_IW_GRDH_1SDV_20200904T171759_20200904T171831_034212_03F991_B096,55.45924879,7.299245161,16772.0,17016.0,17020.0,16768.0,17013.0,16776.0,58.11155977,ais/manual,True,False,9999.99,9999.99,HIGH
validation,GRD,5e9a2c1bcf179e9bv,5e9a2c1bcf179e9bv_056.26988525000000151977_007.93974174299999990723,S1A_IW_GRDH_1SDV_20200904T171759_20200904T171831_034212_03F991_B096,56.26988525,7.939741743,22228.0,8846.0,8849.0,22226.0,8843.0,22230.0,16.99,ais/manual,True,True,9999.99,9999.99,HIGH
validation,GRD,128443d1e98e2839v,128443d1e98e2839v_-01.44307067600000005214_008.87270525399999954175,S1A_IW_GRDH_1SDV_20200907T050726_20200907T050751_034248_03FAD3_34CA,-1.4430706759999998,8.872705254,10684.0,6452.0,6456.0,10678.0,6448.0,10691.0,55.4703671,ais/manual,True,False,9999.99,9999.99,HIGH
validation,GRD,128443d1e98e2839v,128443d1e98e2839v_-01.77148467400000009242_008.87169590699999943695,S1A_IW_GRDH_1SDV_20200907T050726_20200907T050751_034248_03FAD3_34CA,-1.771484674,8.871695907000001,9938.0,2954.0,2958.0,9933.0,2950.0,9944.0,52.68797657,ais/manual,True,False,9999.99,9999.99,HIGH
validation,GRD,128443d1e98e2839v,128443d1e98e2839v_-00.64890062400000003695_008.81998187399999977742,S1A_IW_GRDH_1SDV_20200907T050726_20200907T050751_034248_03FAD3_34CA,-0.648900624,8.819981874,13084.0,14788.0,14796.0,13079.0,14779.0,13089.0,38.72538996,ais/manual,True,True,5.808283688249108,6.354949509945283,HIGH
validation,GRD,128443d1e98e2839v,128443d1e98e2839v_-01.61587642600000003235_009.03407082600000066464,S1A_IW_GRDH_1SDV_20200907T050726_20200907T050751_034248_03FAD3_34CA,-1.615876426,9.034070826,8530.0,4986.0,4992.0,8525.0,4978.0,8534.0,66.77082121,ais/manual,True,False,9999.99,9999.99,HIGH
validation,GRD,128443d1e98e2839v,128443d1e98e2839v_-00.73331049800000003280_008.79634176100000075849,S1A_IW_GRDH_1SDV_20200907T050726_20200907T050751_034248_03FAD3_34CA,-0.7333104979999999,8.796341761,13147.0,13834.0,13839.0,13143.0,13829.0,13152.0,51.45076767,ais/manual,True,False,0.0203116374540979,0.0794405654643904,HIGH
validation,GRD,128443d1e98e2839v,128443d1e98e2839v_-00.72362991799999998310_008.79562320299999989004,S1A_IW_GRDH_1SDV_20200907T050726_20200907T050751_034248_03FAD3_34CA,-0.723629918,8.795623203,13178.0,13935.0,13938.0,13175.0,13933.0,13180.0,42.87718137,ais/manual,True,False,0.3216569767147221,0.3839232774408812,HIGH
validation,GRD,128443d1e98e2839v,128443d1e98e2839v_-00.66084160000000002899_008.78493102700000072502,S1A_IW_GRDH_1SDV_20200907T050726_20200907T050751_034248_03FAD3_34CA,-0.6608416,8.784931027,13438.0,14580.0,14583.0,13435.0,14576.0,13442.0,72.21411667,ais/manual,True,False,2.361658237822631,2.627153692330966,HIGH
validation,GRD,128443d1e98e2839v,128443d1e98e2839v_-01.73556814500000000656_009.11472069400000073358,S1A_IW_GRDH_1SDV_20200907T050726_20200907T050751_034248_03FAD3_34CA,-1.735568145,9.114720694,7376.0,3898.0,3903.0,7373.0,3893.0,7379.0,50.16433817,ais/manual,True,True,9999.99,9999.99,HIGH
validation,GRD,128443d1e98e2839v,128443d1e98e2839v_-00.69413688799999995194_008.81953085099999967156,S1A_IW_GRDH_1SDV_20200907T050726_20200907T050751_034248_03FAD3_34CA,-0.694136888,8.819530851,12985.0,14305.0,14311.0,12980.0,14298.0,12990.0,47.89964485,ais/manual,True,False,4.290304613893757,3.9895518164690857,HIGH
validation,GRD,4da9db72dea50504v,4da9db72dea50504v_006.37255007799999972917_003.43442030900000006000,S1A_IW_GRDH_1SDV_20200910T053004_20200910T053033_034292_03FC65_77DE,6.372550078,3.434420309,20321.0,11570.0,11578.0,20311.0,11562.0,20329.0,94.36682869,ais/manual,True,False,4.725460455817256,5.175357242367525,HIGH
validation,GRD,4da9db72dea50504v,4da9db72dea50504v_005.51272580300000036857_004.95995578500000000588,S1A_IW_GRDH_1SDV_20200910T053004_20200910T053033_034292_03FC65_77DE,5.512725803,4.959955785,1865.0,5751.0,5759.0,1860.0,5744.0,1870.0,57.338799,ais/manual,True,False,9999.99,9999.99,HIGH
validation,GRD,4da9db72dea50504v,4da9db72dea50504v_005.44439980200000039900_005.00700754000000003430,S1A_IW_GRDH_1SDV_20200910T053004_20200910T053033_034292_03FC65_77DE,5.444399802,5.00700754,1201.0,5128.0,5131.0,1198.0,5124.0,1205.0,42.80807652,ais/manual,True,False,9999.99,9999.99,HIGH
validation,GRD,4da9db72dea50504v,4da9db72dea50504v_006.28983499000000012558_003.19043391999999981223,S1A_IW_GRDH_1SDV_20200910T053004_20200910T053033_034292_03FC65_77DE,6.28983499,3.19043392,22785.0,10153.0,10167.0,22772.0,10139.0,22798.0,84.94545604,ais/manual,True,False,9999.99,9999.99,HIGH
validation,GRD,4da9db72dea50504v,4da9db72dea50504v_005.57497421199999987351_005.10408698799999971385,S1A_IW_GRDH_1SDV_20200910T053004_20200910T053033_034292_03FC65_77DE,5.574974212000001,5.104086988,440.0,6734.0,6737.0,438.0,6732.0,442.0,45.39788236,ais/manual,True,False,6.690247396920023,6.326523416169569,HIGH
validation,GRD,4da9db72dea50504v,4da9db72dea50504v_006.37168380499999997824_003.38622569900000014442,S1A_IW_GRDH_1SDV_20200910T053004_20200910T053033_034292_03FC65_77DE,6.371683805,3.386225699,20841.0,11456.0,11461.0,20837.0,11450.0,20845.0,32.29112229,ais/manual,True,False,2.544952989575669,2.772110783373585,HIGH
validation,GRD,4da9db72dea50504v,4da9db72dea50504v_006.28711513599999971547_003.20625416999999979240,S1A_IW_GRDH_1SDV_20200910T053004_20200910T053033_034292_03FC65_77DE,6.2871151360000015,3.20625417,22607.0,10159.0,10172.0,22597.0,10146.0,22617.0,140.6202474,ais/manual,True,False,9999.99,9999.99,HIGH
validation,GRD,4da9db72dea50504v,4da9db72dea50504v_006.27598993700000029605_003.20218156000000009342,S1A_IW_GRDH_1SDV_20200910T053004_20200910T053033_034292_03FC65_77DE,6.275989937,3.20218156,22627.0,10031.0,10050.0,22616.0,10012.0,22638.0,146.3818909,ais/manual,True,False,9999.99,9999.99,HIGH
validation,GRD,4da9db72dea50504v,4da9db72dea50504v_006.34209242799999994844_003.40067003299999992549,S1A_IW_GRDH_1SDV_20200910T053004_20200910T053033_034292_03FC65_77DE,6.342092428,3.400670033,20620.0,11171.0,11178.0,20611.0,11163.0,20629.0,91.24086398,ais/manual,True,False,5.723390775720208,6.044263466249306,HIGH
validation,GRD,4da9db72dea50504v,4da9db72dea50504v_006.30414273900000043938_003.14432994299999979404,S1A_IW_GRDH_1SDV_20200910T053004_20200910T053033_034292_03FC65_77DE,6.304142739,3.144329943,23316.0,10206.0,10209.0,23314.0,10202.0,23319.0,22.54033119,ais/manual,True,True,9999.99,9999.99,HIGH
validation,GRD,4da9db72dea50504v,4da9db72dea50504v_006.37231327699999994252_003.39119929099999994904,S1A_IW_GRDH_1SDV_20200910T053004_20200910T053033_034292_03FC65_77DE,6.372313277000001,3.3911992910000004,20789.0,11473.0,11478.0,20784.0,11469.0,20793.0,62.37468305,ais/manual,True,False,2.4221322413954924,2.6694426595960103,HIGH
validation,GRD,4da9db72dea50504v,4da9db72dea50504v_006.25854518099999967973_003.16058981199999999845,S1A_IW_GRDH_1SDV_20200910T053004_20200910T053033_034292_03FC65_77DE,6.2585451810000015,3.160589812,23040.0,9753.0,9760.0,23036.0,9747.0,23044.0,22.53118896,ais/manual,True,True,9999.99,9999.99,HIGH
validation,GRD,4da9db72dea50504v,4da9db72dea50504v_006.33566929100000031383_003.40129797300000014104,S1A_IW_GRDH_1SDV_20200910T053004_20200910T053033_034292_03FC65_77DE,6.335669291,3.401297973,20599.0,11103.0,11111.0,20591.0,11096.0,20607.0,77.67846521,ais/manual,True,False,6.434878270312408,6.754661813434986,HIGH
validation,GRD,4da9db72dea50504v,4da9db72dea50504v_006.31977384899999972134_003.36674860199999992361,S1A_IW_GRDH_1SDV_20200910T053004_20200910T053033_034292_03FC65_77DE,6.319773849,3.366748602,20938.0,10858.0,10876.0,20925.0,10840.0,20952.0,125.6305512,ais/manual,True,False,8.415530453976453,8.589429258204445,HIGH
validation,GRD,4da9db72dea50504v,4da9db72dea50504v_006.34030425999999991404_003.37245922899999994726,S1A_IW_GRDH_1SDV_20200910T053004_20200910T053033_034292_03FC65_77DE,6.34030426,3.372459229,20922.0,11090.0,11104.0,20909.0,11076.0,20934.0,169.5289918,ais/manual,True,False,6.130994951987247,6.3059826185703685,HIGH
validation,GRD,4da9db72dea50504v,4da9db72dea50504v_006.33279844599999997001_003.20572974599999982459,S1A_IW_GRDH_1SDV_20200910T053004_20200910T053033_034292_03FC65_77DE,6.332798446,3.2057297460000003,22713.0,10646.0,10662.0,22699.0,10630.0,22728.0,186.6747123,ais/manual,True,False,7.805453225689151,7.523358682039568,HIGH
validation,GRD,4da9db72dea50504v,4da9db72dea50504v_005.49777474199999982574_004.94240251300000021928,S1A_IW_GRDH_1SDV_20200910T053004_20200910T053033_034292_03FC65_77DE,5.497774742000001,4.942402513,2022.0,5553.0,5556.0,2019.0,5550.0,2025.0,56.06938899,ais/manual,True,False,9999.99,9999.99,HIGH
validation,GRD,4da9db72dea50504v,4da9db72dea50504v_006.29311419400000016111_004.02575755400000012685,S1A_IW_GRDH_1SDV_20200910T053004_20200910T053033_034292_03FC65_77DE,6.293114194,4.025757554,13734.0,12015.0,12020.0,13731.0,12010.0,13737.0,30.29911089,ais/manual,True,True,9999.99,9999.99,HIGH
validation,GRD,4da9db72dea50504v,4da9db72dea50504v_005.42685920400000032515_004.71363687699999989178,S1A_IW_GRDH_1SDV_20200910T053004_20200910T053033_034292_03FC65_77DE,5.426859203999999,4.713636877,4347.0,4290.0,4301.0,4335.0,4277.0,4358.0,105.7147017,ais/manual,True,False,9999.99,9999.99,HIGH
validation,GRD,4da9db72dea50504v,4da9db72dea50504v_006.34835825000000042451_003.36821544199999989289,S1A_IW_GRDH_1SDV_20200910T053004_20200910T053033_034292_03FC65_77DE,6.34835825,3.368215442,20985.0,11167.0,11174.0,20977.0,11159.0,20992.0,120.2359004,ais/manual,True,False,5.298832622913436,5.467278716989008,HIGH
validation,GRD,4da9db72dea50504v,4da9db72dea50504v_006.35190721000000024787_003.33738570499999998020,S1A_IW_GRDH_1SDV_20200910T053004_20200910T053033_034292_03FC65_77DE,6.35190721,3.337385705,21328.0,11138.0,11146.0,21317.0,11129.0,21338.0,73.55552393,ais/manual,True,False,5.3231717335912485,5.249116754399581,HIGH
validation,GRD,4da9db72dea50504v,4da9db72dea50504v_006.34121898999999977775_003.35808386900000011011,S1A_IW_GRDH_1SDV_20200910T053004_20200910T053033_034292_03FC65_77DE,6.34121899,3.358083869,21080.0,11068.0,11092.0,21063.0,11045.0,21096.0,109.2589898,ais/manual,True,False,6.244129054590667,6.449223886774092,HIGH
validation,GRD,4da9db72dea50504v,4da9db72dea50504v_006.35857418800000040449_003.37663159199999984850,S1A_IW_GRDH_1SDV_20200910T053004_20200910T053033_034292_03FC65_77DE,6.358574188,3.376631592,20917.0,11295.0,11303.0,20907.0,11286.0,20926.0,77.59637143,ais/manual,True,False,4.095912160046205,4.277155912885971,HIGH
validation,GRD,4da9db72dea50504v,4da9db72dea50504v_006.38109217199999978476_003.38550936399999979898,S1A_IW_GRDH_1SDV_20200910T053004_20200910T053033_034292_03FC65_77DE,6.381092172000001,3.385509364,20870.0,11555.0,11560.0,20864.0,11550.0,20875.0,48.27690829,ais/manual,True,False,1.5365912127491022,1.754003793800992,HIGH
validation,GRD,4da9db72dea50504v,4da9db72dea50504v_006.28863962399999998354_003.23771648000000000778,S1A_IW_GRDH_1SDV_20200910T053004_20200910T053033_034292_03FC65_77DE,6.288639624,3.23771648,22269.0,10244.0,10256.0,22259.0,10231.0,22279.0,135.53755780000003,ais/manual,True,False,9999.99,9999.99,HIGH
validation,GRD,4da9db72dea50504v,4da9db72dea50504v_006.31649137900000035017_003.40182564300000001012,S1A_IW_GRDH_1SDV_20200910T053004_20200910T053033_034292_03FC65_77DE,6.316491379,3.401825643,20551.0,10900.0,10910.0,20542.0,10889.0,20560.0,165.0562732,ais/manual,True,False,8.519263995867918,8.828333973677642,HIGH
validation,GRD,4da9db72dea50504v,4da9db72dea50504v_005.56893806899999965765_004.91231403200000027454,S1A_IW_GRDH_1SDV_20200910T053004_20200910T053033_034292_03FC65_77DE,5.568938069,4.912314032,2508.0,6245.0,6252.0,2503.0,6237.0,2512.0,26.04212316,ais/manual,True,True,9999.99,9999.99,HIGH
validation,GRD,4da9db72dea50504v,4da9db72dea50504v_005.35802549300000041654_004.36173917600000038419,S1A_IW_GRDH_1SDV_20200910T053004_20200910T053033_034292_03FC65_77DE,5.358025493,4.361739176,8013.0,2776.0,2784.0,8008.0,2769.0,8019.0,59.31048632,ais/manual,True,False,9999.99,9999.99,HIGH
validation,GRD,4da9db72dea50504v,4da9db72dea50504v_006.35605369000000042234_004.11890737800000028557,S1A_IW_GRDH_1SDV_20200910T053004_20200910T053033_034292_03FC65_77DE,6.35605369,4.118907378,12863.0,12891.0,12895.0,12859.0,12888.0,12866.0,42.91944658,ais/manual,True,False,5.249388696778795,4.822540306266512,HIGH
validation,GRD,4da9db72dea50504v,4da9db72dea50504v_006.30880654899999981922_003.25047354400000010344,S1A_IW_GRDH_1SDV_20200910T053004_20200910T053033_034292_03FC65_77DE,6.308806549,3.250473544,22175.0,10487.0,10498.0,22164.0,10476.0,22187.0,78.14723305,ais/manual,True,False,9999.99,9999.99,HIGH
validation,GRD,4da9db72dea50504v,4da9db72dea50504v_005.43191595600000010080_004.95409910700000022388,S1A_IW_GRDH_1SDV_20200910T053004_20200910T053033_034292_03FC65_77DE,5.431915956,4.954099107,1748.0,4877.0,4892.0,1737.0,4862.0,1758.0,196.6225157,ais/manual,True,False,9999.99,9999.99,HIGH
validation,GRD,4da9db72dea50504v,4da9db72dea50504v_006.29499707899999982885_003.17389103899999991398,S1A_IW_GRDH_1SDV_20200910T053004_20200910T053033_034292_03FC65_77DE,6.294997079,3.173891039,22976.0,10172.0,10192.0,22961.0,10152.0,22990.0,196.9880722,ais/manual,True,False,9999.99,9999.99,HIGH
validation,GRD,4da9db72dea50504v,4da9db72dea50504v_005.50798615600000029957_004.99864819100000001839,S1A_IW_GRDH_1SDV_20200910T053004_20200910T053033_034292_03FC65_77DE,5.507986156,4.998648191,1434.0,5787.0,5794.0,1429.0,5778.0,1440.0,56.17737127,ais/manual,True,False,9999.99,9999.99,HIGH
validation,GRD,4da9db72dea50504v,4da9db72dea50504v_006.38689086000000028065_003.48190401200000021475,S1A_IW_GRDH_1SDV_20200910T053004_20200910T053033_034292_03FC65_77DE,6.38689086,3.481904012,19837.0,11827.0,11834.0,19832.0,11820.0,19842.0,29.03634606,ais/manual,True,True,3.617807007776946,3.5062049977331484,HIGH
validation,GRD,4da9db72dea50504v,4da9db72dea50504v_006.34835154499999987365_003.37752832199999986074,S1A_IW_GRDH_1SDV_20200910T053004_20200910T053033_034292_03FC65_77DE,6.348351545,3.377528322,20884.0,11187.0,11192.0,20874.0,11182.0,20895.0,159.4019978,ais/manual,True,False,5.19688443855989,5.388740266739959,HIGH
validation,GRD,4da9db72dea50504v,4da9db72dea50504v_006.31064780400000024940_003.17136473500000004577,S1A_IW_GRDH_1SDV_20200910T053004_20200910T053033_034292_03FC65_77DE,6.310647803999999,3.171364735,23037.0,10334.0,10348.0,23026.0,10321.0,23048.0,175.0098624,ais/manual,True,False,9999.99,9.77101292114198,HIGH
validation,GRD,4da9db72dea50504v,4da9db72dea50504v_006.37541607100000007335_003.35358646599999987714,S1A_IW_GRDH_1SDV_20200910T053004_20200910T053033_034292_03FC65_77DE,6.375416071,3.3535864660000003,21203.0,11424.0,11433.0,21192.0,11416.0,21215.0,98.37142334,ais/manual,True,False,2.6392200210236254,2.788611892652681,HIGH
validation,GRD,4da9db72dea50504v,4da9db72dea50504v_006.36484551599999992533_003.33359651600000006511,S1A_IW_GRDH_1SDV_20200910T053004_20200910T053033_034292_03FC65_77DE,6.364845516,3.333596516,21397.0,11268.0,11276.0,21389.0,11260.0,21405.0,102.897871,ais/manual,True,False,3.9301963016237065,3.861139995878432,HIGH
validation,GRD,4da9db72dea50504v,4da9db72dea50504v_006.36366259099999975746_003.34417481799999993797,S1A_IW_GRDH_1SDV_20200910T053004_20200910T053033_034292_03FC65_77DE,6.3636625910000015,3.344174818,21280.0,11278.0,11291.0,21270.0,11265.0,21289.0,141.0092888,ais/manual,True,False,3.997402559938112,3.972887400884261,HIGH
validation,GRD,4da9db72dea50504v,4da9db72dea50504v_006.11843951799999974384_004.28665259000000009593,S1A_IW_GRDH_1SDV_20200910T053004_20200910T053033_034292_03FC65_77DE,6.118439518,4.28665259,10518.0,10723.0,10727.0,10515.0,10719.0,10521.0,32.22815658,ais/manual,True,True,9999.99,9999.99,HIGH
validation,GRD,4da9db72dea50504v,4da9db72dea50504v_006.35941424199999971734_003.33919896899999990580,S1A_IW_GRDH_1SDV_20200910T053004_20200910T053033_034292_03FC65_77DE,6.359414242000001,3.339198969,21324.0,11222.0,11233.0,21317.0,11210.0,21331.0,83.73836994,ais/manual,True,False,4.495486855406785,4.433954281156461,HIGH
validation,GRD,4da9db72dea50504v,4da9db72dea50504v_005.54360481099999979904_004.88949235499999979027,S1A_IW_GRDH_1SDV_20200910T053004_20200910T053033_034292_03FC65_77DE,5.543604811,4.889492355,2699.0,5924.0,5930.0,2693.0,5918.0,2705.0,62.25506206,ais/manual,True,False,9999.99,9999.99,HIGH
validation,GRD,4da9db72dea50504v,4da9db72dea50504v_006.34860066999999972381_003.40691377000000006348,S1A_IW_GRDH_1SDV_20200910T053004_20200910T053033_034292_03FC65_77DE,6.34860067,3.40691377,20566.0,11254.0,11265.0,20557.0,11243.0,20575.0,82.51622508,ais/manual,True,False,5.120304870947874,5.518239143847008,HIGH
validation,GRD,4da9db72dea50504v,4da9db72dea50504v_006.00285419300000011589_003.60922831500000018679,S1A_IW_GRDH_1SDV_20200910T053004_20200910T053033_034292_03FC65_77DE,6.002854192999999,3.609228315,17611.0,8001.0,8014.0,17596.0,7988.0,17626.0,199.9702475,ais/manual,True,False,9999.99,9999.99,HIGH
validation,GRD,4da9db72dea50504v,4da9db72dea50504v_006.30366207099999975583_003.22452348699999991055,S1A_IW_GRDH_1SDV_20200910T053004_20200910T053033_034292_03FC65_77DE,6.3036620710000015,3.224523487,22445.0,10375.0,10388.0,22436.0,10362.0,22455.0,141.31263080000005,ais/manual,True,False,9999.99,9999.99,HIGH
validation,GRD,fc2f57371370c521v,fc2f57371370c521v_056.59579991999999748487_006.74502155199999986479,S1A_IW_GRDH_1SDV_20200928T171800_20200928T171831_034562_0405EA_F164,56.59579992,6.745021552000001,15585.0,4109.0,4112.0,15584.0,4106.0,15588.0,21.34,ais/manual,True,True,9999.99,9999.99,HIGH
validation,GRD,fc2f57371370c521v,fc2f57371370c521v_056.80288037999999772865_007.81633617199999974900,S1A_IW_GRDH_1SDV_20200928T171800_20200928T171831_034562_0405EA_F164,56.80288038,7.816336172000001,22443.0,2929.0,2932.0,22440.0,2927.0,22448.0,41.1,ais/manual,True,True,9999.99,9999.99,HIGH
validation,GRD,fc2f57371370c521v,fc2f57371370c521v_056.25815614999999780821_006.65787183399999982214,S1A_IW_GRDH_1SDV_20200928T171800_20200928T171831_034562_0405EA_F164,56.25815615,6.657871834,14390.0,7678.0,7692.0,14382.0,7663.0,14398.0,219.8118032,ais/manual,True,False,9999.99,9999.99,HIGH
validation,GRD,fc2f57371370c521v,fc2f57371370c521v_056.72274638999999751832_008.05988884799999993902,S1A_IW_GRDH_1SDV_20200928T171800_20200928T171831_034562_0405EA_F164,56.72274639,8.059888848,23773.0,4033.0,4038.0,23766.0,4028.0,23779.0,59.83471927,ais/manual,True,False,8.810611984493896,9.134473337398212,HIGH
validation,GRD,fc2f57371370c521v,fc2f57371370c521v_056.44600970999999844935_007.24714656000000001512,S1A_IW_GRDH_1SDV_20200928T171800_20200928T171831_034562_0405EA_F164,56.44600971,7.24714656,18342.0,6254.0,6258.0,18339.0,6251.0,18345.0,22.0,ais/manual,True,True,9999.99,9999.99,HIGH
validation,GRD,fc2f57371370c521v,fc2f57371370c521v_055.92880088999999799171_005.50985149200000012826,S1A_IW_GRDH_1SDV_20200928T171800_20200928T171831_034562_0405EA_F164,55.92880089,5.509851492,6684.0,9941.0,9948.0,6681.0,9935.0,6687.0,22.0,ais/manual,True,True,9999.99,9999.99,HIGH
validation,GRD,fc2f57371370c521v,fc2f57371370c521v_055.59418817000000245798_006.01516620199999962892,S1A_IW_GRDH_1SDV_20200928T171800_20200928T171831_034562_0405EA_F164,55.59418817,6.0151662020000005,9081.0,14144.0,14155.0,9075.0,14133.0,9086.0,23.93,ais/manual,True,True,9999.99,9999.99,HIGH
validation,GRD,fc2f57371370c521v,fc2f57371370c521v_054.93955774999999874808_005.58990470200000011403,S1A_IW_GRDH_1SDV_20200928T171800_20200928T171831_034562_0405EA_F164,54.93955775,5.589904702,5019.0,20696.0,20705.0,5011.0,20688.0,5027.0,159.334946,ais/manual,True,False,9999.99,9999.99,HIGH
validation,GRD,fc2f57371370c521v,fc2f57371370c521v_055.51652675999999786427_006.13608057999999978449,S1A_IW_GRDH_1SDV_20200928T171800_20200928T171831_034562_0405EA_F164,55.51652676,6.13608058,9667.0,15123.0,15132.0,9661.0,15114.0,9674.0,125.3430727,ais/manual,True,False,9999.99,9999.99,HIGH
validation,GRD,fc2f57371370c521v,fc2f57371370c521v_056.59393281999999913978_006.86844226499999965796,S1A_IW_GRDH_1SDV_20200928T171800_20200928T171831_034562_0405EA_F164,56.59393282,6.868442265,16328.0,4258.0,4266.0,16323.0,4250.0,16333.0,18.1,ais/manual,True,True,9999.99,9999.99,HIGH
validation,GRD,fc2f57371370c521v,fc2f57371370c521v_056.20444738999999856333_006.07336905000000015775,S1A_IW_GRDH_1SDV_20200928T171800_20200928T171831_034562_0405EA_F164,56.20444739,6.07336905,10716.0,7617.0,7630.0,10709.0,7604.0,10723.0,170.4552198,ais/manual,True,False,9999.99,9999.99,HIGH
validation,GRD,fc2f57371370c521v,fc2f57371370c521v_056.07249783999999692696_008.03449248799999971027,S1A_IW_GRDH_1SDV_20200928T171800_20200928T171831_034562_0405EA_F164,56.07249784,8.034492488,22470.0,11101.0,11114.0,22465.0,11088.0,22476.0,16.99,ais/manual,True,True,3.957260161514621,3.909826871397306,HIGH
validation,GRD,fc2f57371370c521v,fc2f57371370c521v_056.30343031999999681148_007.33385285000000042288,S1A_IW_GRDH_1SDV_20200928T171800_20200928T171831_034562_0405EA_F164,56.30343032,7.33385285,18601.0,7892.0,7903.0,18597.0,7882.0,18607.0,23.9,ais/manual,True,True,9999.99,9999.99,HIGH
validation,GRD,fc2f57371370c521v,fc2f57371370c521v_055.68671903999999983625_004.83472093499999999722,S1A_IW_GRDH_1SDV_20200928T171800_20200928T171831_034562_0405EA_F164,55.68671904,4.834720935,1996.0,11723.0,11727.0,1991.0,11720.0,2000.0,46.37581122,ais/manual,True,False,9999.99,9999.99,HIGH
validation,GRD,fc2f57371370c521v,fc2f57371370c521v_056.96149777000000113958_008.14055204599999981951,S1A_IW_GRDH_1SDV_20200928T171800_20200928T171831_034562_0405EA_F164,56.96149777,8.140552046,24674.0,1501.0,1506.0,24670.0,1497.0,24678.0,15.48,ais/manual,True,True,9999.99,9999.99,HIGH
validation,GRD,fc2f57371370c521v,fc2f57371370c521v_055.96607311999999723184_007.01157973000000023234,S1A_IW_GRDH_1SDV_20200928T171800_20200928T171831_034562_0405EA_F164,55.96607312,7.01157973,15982.0,11223.0,11230.0,15976.0,11215.0,15988.0,116.6262842,ais/manual,True,False,9999.99,9999.99,HIGH
validation,GRD,fc2f57371370c521v,fc2f57371370c521v_055.26060848000000191860_008.59069241599999955383,S1A_IW_GRDH_1SDV_20200928T171800_20200928T171831_034562_0405EA_F164,55.26060848,8.590692416,24505.0,20491.0,20496.0,24502.0,20488.0,24507.0,14.70885057,ais/manual,True,False,1.2757184420355665,1.318594517715633,HIGH
validation,GRD,fc2f57371370c521v,fc2f57371370c521v_056.56096979000000146698_008.06439262399999989839,S1A_IW_GRDH_1SDV_20200928T171800_20200928T171831_034562_0405EA_F164,56.56096979,8.064392624,23516.0,5802.0,5808.0,23511.0,5797.0,23522.0,79.0,ais/manual,True,False,3.5938110256148508,3.709096552571153,HIGH
validation,GRD,fc2f57371370c521v,fc2f57371370c521v_056.25935287000000073476_006.98073196599999956646,S1A_IW_GRDH_1SDV_20200928T171800_20200928T171831_034562_0405EA_F164,56.25935287,6.9807319660000005,16362.0,8007.0,8018.0,16356.0,7998.0,16368.0,123.4414165,ais/manual,True,False,9999.99,9999.99,HIGH
validation,GRD,fc2f57371370c521v,fc2f57371370c521v_055.45652283999999809794_007.18723538299999997747,S1A_IW_GRDH_1SDV_20200928T171800_20200928T171831_034562_0405EA_F164,55.45652284,7.187235382999999,16082.0,16939.0,16941.0,16080.0,16937.0,16086.0,16.95,ais/manual,True,True,9999.99,9999.99,HIGH
validation,GRD,fc2f57371370c521v,fc2f57371370c521v_056.88231323000000116963_007.74375054099999982071,S1A_IW_GRDH_1SDV_20200928T171800_20200928T171831_034562_0405EA_F164,56.88231323,7.743750541,22148.0,1994.0,2000.0,22145.0,1988.0,22152.0,37.79,ais/manual,True,True,9999.99,9999.99,HIGH
validation,GRD,fc2f57371370c521v,fc2f57371370c521v_055.57962424000000112301_004.76209340599999997323,S1A_IW_GRDH_1SDV_20200928T171800_20200928T171831_034562_0405EA_F164,55.57962424,4.762093406,1302.0,12782.0,12790.0,1297.0,12776.0,1307.0,58.11155977,ais/manual,True,False,9999.99,9999.99,HIGH
validation,GRD,fc2f57371370c521v,fc2f57371370c521v_055.84039992000000296457_005.45274866399999957878,S1A_IW_GRDH_1SDV_20200928T171800_20200928T171831_034562_0405EA_F164,55.84039992,5.452748664,6141.0,10826.0,10833.0,6137.0,10820.0,6144.0,69.95,ais/manual,True,True,9999.99,9999.99,HIGH
validation,GRD,fc2f57371370c521v,fc2f57371370c521v_055.80651377000000223916_005.17163102700000010259,S1A_IW_GRDH_1SDV_20200928T171800_20200928T171831_034562_0405EA_F164,55.80651377,5.171631027,4338.0,10852.0,10861.0,4334.0,10844.0,4343.0,49.84,ais/manual,True,True,9999.99,9999.99,HIGH
validation,GRD,fc2f57371370c521v,fc2f57371370c521v_055.65792903999999907683_006.51960425700000012483,S1A_IW_GRDH_1SDV_20200928T171800_20200928T171831_034562_0405EA_F164,55.65792904,6.519604257,12335.0,14028.0,14042.0,12325.0,14015.0,12345.0,156.2181483,ais/manual,True,False,9999.99,9999.99,HIGH
validation,GRD,fc2f57371370c521v,fc2f57371370c521v_056.94220708999999658317_007.26091680600000000112,S1A_IW_GRDH_1SDV_20200928T171800_20200928T171831_034562_0405EA_F164,56.94220709,7.260916806,19356.0,872.0,879.0,19352.0,864.0,19362.0,43.305,ais/manual,True,True,9999.99,9999.99,HIGH
validation,GRD,fc2f57371370c521v,fc2f57371370c521v_056.30932937000000038097_007.50753798000000038826,S1A_IW_GRDH_1SDV_20200928T171800_20200928T171831_034562_0405EA_F164,56.30932937,7.50753798,19672.0,8003.0,8007.0,19670.0,7999.0,19675.0,21.5,ais/manual,True,True,9999.99,9999.99,HIGH
validation,GRD,fc2f57371370c521v,fc2f57371370c521v_056.61643644000000108463_008.10538835800000079246,S1A_IW_GRDH_1SDV_20200928T171800_20200928T171831_034562_0405EA_F164,56.61643644,8.105388357999999,23862.0,5236.0,5241.0,23860.0,5231.0,23866.0,56.61222078,ais/manual,True,False,2.5728446332582258,2.686226360651099,HIGH
validation,GRD,fc2f57371370c521v,fc2f57371370c521v_055.92895795999999819514_006.40336482699999987034,S1A_IW_GRDH_1SDV_20200928T171800_20200928T171831_034562_0405EA_F164,55.92895796,6.403364827000001,12169.0,10966.0,10976.0,12164.0,10956.0,12176.0,30.15,ais/manual,True,True,9999.99,9999.99,HIGH
validation,GRD,fc2f57371370c521v,fc2f57371370c521v_055.03280111000000118793_006.01371537600000038992,S1A_IW_GRDH_1SDV_20200928T171800_20200928T171831_034562_0405EA_F164,55.03280111,6.013715376,7882.0,20202.0,20215.0,7874.0,20190.0,7891.0,147.4425656,ais/manual,True,False,9999.99,9999.99,HIGH
validation,GRD,fc2f57371370c521v,fc2f57371370c521v_055.42510116999999780774_008.14721000900000014155,S1A_IW_GRDH_1SDV_20200928T171800_20200928T171831_034562_0405EA_F164,55.42510117,8.147210009,22015.0,18267.0,18270.0,22009.0,18263.0,22020.0,53.78831449,ais/manual,True,False,9999.99,9.89782072157968,HIGH
validation,GRD,fc2f57371370c521v,fc2f57371370c521v_056.46658347000000333082_006.45314373200000002129,S1A_IW_GRDH_1SDV_20200928T171800_20200928T171831_034562_0405EA_F164,56.46658347,6.453143732000001,13561.0,5198.0,5211.0,13552.0,5188.0,13572.0,151.07331609999997,ais/manual,True,False,9999.99,9999.99,HIGH
validation,GRD,fc2f57371370c521v,fc2f57371370c521v_055.48772430999999727419_008.24128727199999921993,S1A_IW_GRDH_1SDV_20200928T171800_20200928T171831_034562_0405EA_F164,55.48772431,8.241287272000001,22714.0,17677.0,17679.0,22711.0,17674.0,22716.0,19.74,ais/manual,True,True,1.2651599851536308,0.7707629553051524,HIGH
validation,GRD,fc2f57371370c521v,fc2f57371370c521v_056.20620824000000226306_007.56361999000000029270,S1A_IW_GRDH_1SDV_20200928T171800_20200928T171831_034562_0405EA_F164,56.20620824,7.56361999,19824.0,9181.0,9186.0,19821.0,9177.0,19829.0,17.19,ais/manual,True,True,9999.99,9999.99,HIGH
validation,GRD,fc2f57371370c521v,fc2f57371370c521v_056.32732518000000254688_006.67515006799999977005,S1A_IW_GRDH_1SDV_20200928T171800_20200928T171831_034562_0405EA_F164,56.32732518,6.675150068,14632.0,6946.0,6957.0,14624.0,6936.0,14641.0,170.69843319999995,ais/manual,True,False,9999.99,9999.99,HIGH
validation,GRD,fc2f57371370c521v,fc2f57371370c521v_056.04675183999999887874_007.98376221200000024680,S1A_IW_GRDH_1SDV_20200928T171800_20200928T171831_034562_0405EA_F164,56.04675184,7.983762212,22112.0,11332.0,11336.0,22109.0,11329.0,22116.0,17.04,ais/manual,True,True,7.058094290737889,6.887598195284107,HIGH
validation,GRD,fc2f57371370c521v,fc2f57371370c521v_055.81563425000000222553_005.46075350200000020351,S1A_IW_GRDH_1SDV_20200928T171800_20200928T171831_034562_0405EA_F164,55.81563425,5.460753502,6136.0,11103.0,11111.0,6131.0,11094.0,6141.0,40.95890117,ais/manual,True,True,9999.99,9999.99,HIGH
validation,GRD,fc2f57371370c521v,fc2f57371370c521v_055.04592515000000219061_005.41157179899999984940,S1A_IW_GRDH_1SDV_20200928T171800_20200928T171831_034562_0405EA_F164,55.04592515,5.411571799,4135.0,19331.0,19342.0,4131.0,19321.0,4139.0,173.72062150000005,ais/manual,True,False,9999.99,9999.99,HIGH
validation,GRD,fc2f57371370c521v,fc2f57371370c521v_055.41070295000000101027_005.76780773100000043740,S1A_IW_GRDH_1SDV_20200928T171800_20200928T171831_034562_0405EA_F164,55.41070295,5.767807731,7155.0,15834.0,15843.0,7150.0,15825.0,7161.0,42.0,ais/manual,True,True,9999.99,9999.99,HIGH
validation,GRD,fc2f57371370c521v,fc2f57371370c521v_055.19617180000000189466_005.62174880899999962480,S1A_IW_GRDH_1SDV_20200928T171800_20200928T171831_034562_0405EA_F164,55.1961718,5.621748809,5780.0,17971.0,17977.0,5777.0,17965.0,5783.0,42.36,ais/manual,True,True,9999.99,9999.99,HIGH
validation,GRD,fc2f57371370c521v,fc2f57371370c521v_055.91487277000000233329_006.90474462099999986009,S1A_IW_GRDH_1SDV_20200928T171800_20200928T171831_034562_0405EA_F164,55.91487277,6.904744621,15225.0,11665.0,11674.0,15219.0,11655.0,15232.0,124.97168329999998,ais/manual,True,False,9999.99,9999.99,HIGH
validation,GRD,fc2f57371370c521v,fc2f57371370c521v_055.53751560999999981050_005.02974620699999963591,S1A_IW_GRDH_1SDV_20200928T171800_20200928T171831_034562_0405EA_F164,55.53751561,5.029746207,2860.0,13570.0,13585.0,2849.0,13557.0,2871.0,29.07625394,ais/manual,True,False,9999.99,9999.99,HIGH
validation,GRD,fc2f57371370c521v,fc2f57371370c521v_056.82059145000000199843_007.91653937600000023878,S1A_IW_GRDH_1SDV_20200928T171800_20200928T171831_034562_0405EA_F164,56.82059145,7.916539376,23079.0,2831.0,2836.0,23076.0,2825.0,23084.0,23.88,ais/manual,True,True,9999.99,9999.99,HIGH
validation,GRD,fc2f57371370c521v,fc2f57371370c521v_055.71482059000000219839_004.74680502599999964985,S1A_IW_GRDH_1SDV_20200928T171800_20200928T171831_034562_0405EA_F164,55.71482059,4.7468050260000005,1519.0,11311.0,11322.0,1514.0,11301.0,1525.0,67.94054278,ais/manual,True,False,9999.99,9999.99,HIGH
validation,GRD,fc2f57371370c521v,fc2f57371370c521v_056.45105192999999843551_007.82746090200000033121,S1A_IW_GRDH_1SDV_20200928T171800_20200928T171831_034562_0405EA_F164,56.45105193,7.827460902,21881.0,6775.0,6779.0,21878.0,6771.0,21884.0,14.03297947,ais/manual,True,True,9999.99,9999.99,HIGH
validation,GRD,fc2f57371370c521v,fc2f57371370c521v_056.06797085000000180344_005.49036046099999985870,S1A_IW_GRDH_1SDV_20200928T171800_20200928T171831_034562_0405EA_F164,56.06797085,5.490360461,6867.0,8418.0,8423.0,6865.0,8413.0,6871.0,32.10252861,ais/manual,True,True,9999.99,9999.99,HIGH
validation,GRD,fc2f57371370c521v,fc2f57371370c521v_055.80682447000000223625_005.43904216399999995701,S1A_IW_GRDH_1SDV_20200928T171800_20200928T171831_034562_0405EA_F164,55.80682447,5.439042164,5983.0,11172.0,11182.0,5977.0,11161.0,5988.0,49.95,ais/manual,True,True,9999.99,9999.99,HIGH
validation,GRD,fc2f57371370c521v,fc2f57371370c521v_055.04149034999999656748_006.12813906800000030017,S1A_IW_GRDH_1SDV_20200928T171800_20200928T171831_034562_0405EA_F164,55.04149035,6.128139067999999,8619.0,20243.0,20248.0,8615.0,20239.0,8622.0,40.73,ais/manual,True,True,9999.99,9999.99,HIGH
validation,GRD,fc2f57371370c521v,fc2f57371370c521v_055.68672689999999647625_005.63110220600000044300,S1A_IW_GRDH_1SDV_20200928T171800_20200928T171831_034562_0405EA_F164,55.6867269,5.631102206,6904.0,12695.0,12700.0,6902.0,12690.0,6908.0,23.75,ais/manual,True,True,9999.99,9999.99,HIGH
validation,GRD,fc2f57371370c521v,fc2f57371370c521v_056.75962890000000271584_007.59637574899999989952,S1A_IW_GRDH_1SDV_20200928T171800_20200928T171831_034562_0405EA_F164,56.7596289,7.596375749,21039.0,3189.0,3194.0,21036.0,3185.0,21041.0,21.79,ais/manual,True,True,9999.99,9999.99,HIGH
validation,GRD,fc2f57371370c521v,fc2f57371370c521v_055.59585495000000321397_005.59634596300000008995,S1A_IW_GRDH_1SDV_20200928T171800_20200928T171831_034562_0405EA_F164,55.59585495,5.596345962999999,6493.0,13633.0,13639.0,6490.0,13628.0,6495.0,23.85,ais/manual,True,True,9999.99,9999.99,HIGH
validation,GRD,fc2f57371370c521v,fc2f57371370c521v_056.77165855999999877213_007.83057296399999991365,S1A_IW_GRDH_1SDV_20200928T171800_20200928T171831_034562_0405EA_F164,56.77165856,7.830572964,22474.0,3283.0,3285.0,22472.0,3281.0,22476.0,20.3415132,ais/manual,True,True,9999.99,9999.99,HIGH
validation,GRD,fc2f57371370c521v,fc2f57371370c521v_056.71705186999999881436_008.03192853500000047973,S1A_IW_GRDH_1SDV_20200928T171800_20200928T171831_034562_0405EA_F164,56.71705187,8.031928535,23594.0,4069.0,4072.0,23591.0,4066.0,23597.0,38.78106548,ais/manual,True,False,9999.99,9999.99,HIGH
validation,GRD,fc2f57371370c521v,fc2f57371370c521v_056.21609919000000132883_007.52599906399999962758,S1A_IW_GRDH_1SDV_20200928T171800_20200928T171831_034562_0405EA_F164,56.21609919,7.525999064,19612.0,9036.0,9040.0,19610.0,9032.0,19615.0,16.01,ais/manual,True,True,9999.99,9999.99,HIGH
validation,GRD,fc2f57371370c521v,fc2f57371370c521v_055.82035465999999956921_006.82362305899999999070,S1A_IW_GRDH_1SDV_20200928T171800_20200928T171831_034562_0405EA_F164,55.82035466,6.823623059,14539.0,12602.0,12610.0,14534.0,12596.0,14545.0,100.6,ais/manual,True,False,9999.99,9999.99,HIGH
validation,GRD,fc2f57371370c521v,fc2f57371370c521v_055.94166807999999946333_005.28294828299999963406,S1A_IW_GRDH_1SDV_20200928T171800_20200928T171831_034562_0405EA_F164,55.94166808,5.2829482830000005,5322.0,9532.0,9543.0,5317.0,9521.0,5327.0,101.1522839,ais/manual,True,False,9999.99,9999.99,HIGH
validation,GRD,fc2f57371370c521v,fc2f57371370c521v_056.19948629000000295264_007.59643145300000011133,S1A_IW_GRDH_1SDV_20200928T171800_20200928T171831_034562_0405EA_F164,56.19948629,7.596431452999999,20013.0,9287.0,9291.0,20010.0,9284.0,20016.0,19.96,ais/manual,True,True,9999.99,9999.99,HIGH
validation,GRD,fc2f57371370c521v,fc2f57371370c521v_055.73721230999999676214_005.30466068700000015212,S1A_IW_GRDH_1SDV_20200928T171800_20200928T171831_034562_0405EA_F164,55.73721231,5.304660687,5003.0,11760.0,11767.0,5000.0,11752.0,5007.0,23.97,ais/manual,True,True,9999.99,9999.99,HIGH
validation,GRD,fc2f57371370c521v,fc2f57371370c521v_056.85748004999999949405_007.71375012800000003921,S1A_IW_GRDH_1SDV_20200928T171800_20200928T171831_034562_0405EA_F164,56.85748005,7.713750127999999,21923.0,2236.0,2244.0,21920.0,2228.0,21927.0,22.2,ais/manual,True,True,9999.99,9999.99,HIGH
validation,GRD,fc2f57371370c521v,fc2f57371370c521v_056.16318387999999828253_007.48969932099999979869,S1A_IW_GRDH_1SDV_20200928T171800_20200928T171831_034562_0405EA_F164,56.16318388,7.489699321,19292.0,9575.0,9583.0,19288.0,9568.0,19296.0,17.01,ais/manual,True,True,9999.99,9999.99,HIGH
validation,GRD,fc2f57371370c521v,fc2f57371370c521v_055.51322064000000011674_007.45514098399999980415,S1A_IW_GRDH_1SDV_20200928T171800_20200928T171831_034562_0405EA_F164,55.51322064,7.455140984,17859.0,16606.0,16610.0,17856.0,16602.0,17863.0,19.97,ais/manual,True,True,9999.99,9999.99,HIGH
validation,GRD,fc2f57371370c521v,fc2f57371370c521v_055.98159875000000340606_007.59808346500000020285,S1A_IW_GRDH_1SDV_20200928T171800_20200928T171831_034562_0405EA_F164,55.98159875,7.598083465,19620.0,11660.0,11664.0,19618.0,11657.0,19624.0,18.935,ais/manual,True,True,9999.99,9999.99,HIGH
validation,GRD,65d6f6baee882077v,65d6f6baee882077v_005.12957342700000040736_005.19345070800000030431,S1A_IW_GRDH_1SDV_20201121T175320_20201121T175345_035350_04214D_0CE8,5.129573427,5.193450708,7380.0,7062.0,7065.0,7376.0,7058.0,7383.0,34.64618611,ais/manual,True,False,9999.99,9999.99,HIGH
validation,GRD,65d6f6baee882077v,65d6f6baee882077v_005.42961844800000026368_004.95418311600000027539,S1A_IW_GRDH_1SDV_20201121T175320_20201121T175345_035350_04214D_0CE8,5.429618447999999,4.954183116,5452.0,3335.0,3356.0,5442.0,3314.0,5461.0,240.1687969,ais/manual,True,False,9999.99,9999.99,HIGH
validation,GRD,65d6f6baee882077v,65d6f6baee882077v_004.83980257199999996942_005.28657305700000001991,S1A_IW_GRDH_1SDV_20201121T175320_20201121T175345_035350_04214D_0CE8,4.839802572,5.286573057,7744.0,10355.0,10361.0,7738.0,10349.0,7750.0,56.43984141,ais/manual,True,False,9999.99,9999.99,HIGH
validation,GRD,65d6f6baee882077v,65d6f6baee882077v_005.47541572300000023432_005.07423565700000001044,S1A_IW_GRDH_1SDV_20201121T175320_20201121T175345_035350_04214D_0CE8,5.475415722999999,5.074235657,6857.0,3113.0,3114.0,6855.0,3112.0,6859.0,24.9833508,ais/manual,True,True,9999.99,9999.99,HIGH
validation,GRD,65d6f6baee882077v,65d6f6baee882077v_005.48687904600000031508_005.05334407800000029454,S1A_IW_GRDH_1SDV_20201121T175320_20201121T175345_035350_04214D_0CE8,5.486879046,5.053344078,6656.0,2945.0,2951.0,6651.0,2938.0,6660.0,26.74146001,ais/manual,True,True,9999.99,9999.99,HIGH
validation,GRD,65d6f6baee882077v,65d6f6baee882077v_005.32487363999999985253_005.15760367699999999758,S1A_IW_GRDH_1SDV_20201121T175320_20201121T175345_035350_04214D_0CE8,5.32487364,5.157603677,7426.0,4901.0,4915.0,7419.0,4888.0,7433.0,108.8920248,ais/manual,True,False,9999.99,9999.99,HIGH
validation,GRD,65d6f6baee882077v,65d6f6baee882077v_005.52066867100000013835_005.00708312300000013551,S1A_IW_GRDH_1SDV_20201121T175320_20201121T175345_035350_04214D_0CE8,5.520668671,5.007083123,6229.0,2482.0,2487.0,6224.0,2479.0,6233.0,56.06938899,ais/manual,True,False,9999.99,9999.99,HIGH
validation,GRD,65d6f6baee882077v,65d6f6baee882077v_005.40090684200000037407_005.27981933199999975415,S1A_IW_GRDH_1SDV_20201121T175320_20201121T175345_035350_04214D_0CE8,5.400906842,5.279819332,8923.0,4362.0,4367.0,8920.0,4356.0,8926.0,52.06983531,ais/manual,True,False,2.125045086067413,2.1220469872908185,HIGH
validation,GRD,65d6f6baee882077v,65d6f6baee882077v_005.36744535199999983632_004.56685724200000020545,S1A_IW_GRDH_1SDV_20201121T175320_20201121T175345_035350_04214D_0CE8,5.367445352,4.566857242,1108.0,3139.0,3153.0,1099.0,3125.0,1118.0,78.3001505,ais/manual,True,False,9999.99,9999.99,HIGH
validation,GRD,65d6f6baee882077v,65d6f6baee882077v_005.40033335499999989082_005.21496568999999965399,S1A_IW_GRDH_1SDV_20201121T175320_20201121T175345_035350_04214D_0CE8,5.400333355,5.21496569,8217.0,4224.0,4228.0,8215.0,4221.0,8220.0,35.39534924,ais/manual,True,False,5.275704836544348,4.930102656381804,HIGH
validation,GRD,65d6f6baee882077v,65d6f6baee882077v_005.36167045200000025318_004.56188005000000007527,S1A_IW_GRDH_1SDV_20201121T175320_20201121T175345_035350_04214D_0CE8,5.361670452,4.56188005,1041.0,3189.0,3195.0,1036.0,3183.0,1046.0,42.19357472,ais/manual,True,False,9999.99,9999.99,HIGH
validation,GRD,65d6f6baee882077v,65d6f6baee882077v_005.67719795599999965674_004.77691584300000027241,S1A_IW_GRDH_1SDV_20201121T175320_20201121T175345_035350_04214D_0CE8,5.6771979560000005,4.776915843,4080.0,306.0,309.0,4078.0,303.0,4083.0,,ais/manual,True,False,9999.99,9999.99,HIGH
validation,GRD,65d6f6baee882077v,65d6f6baee882077v_004.35501040100000036404_005.81849480300000010402,S1A_IW_GRDH_1SDV_20201121T175320_20201121T175345_035350_04214D_0CE8,4.355010401,5.818494802999999,12441.0,16703.0,16707.0,12438.0,16698.0,12445.0,38.95772201,ais/manual,True,False,5.689495474885316,4.84210483982312,HIGH
validation,GRD,65d6f6baee882077v,65d6f6baee882077v_004.65225877099999962638_005.46603647099999978565,S1A_IW_GRDH_1SDV_20201121T175320_20201121T175345_035350_04214D_0CE8,4.6522587710000005,5.466036471000002,9275.0,12752.0,12755.0,9271.0,12748.0,9278.0,43.22265634,ais/manual,True,False,9999.99,9999.99,HIGH
validation,GRD,65d6f6baee882077v,65d6f6baee882077v_005.57448980000000027246_005.10282321399999982958,S1A_IW_GRDH_1SDV_20201121T175320_20201121T175345_035350_04214D_0CE8,5.5744898,5.102823214,7388.0,2121.0,2125.0,7383.0,2116.0,7393.0,45.69198024,ais/manual,True,False,6.86531885696322,6.350587551075841,HIGH
validation,GRD,65d6f6baee882077v,65d6f6baee882077v_005.63159580399999981637_004.95556808799999970461,S1A_IW_GRDH_1SDV_20201121T175320_20201121T175345_035350_04214D_0CE8,5.631595804,4.955568088,5917.0,1187.0,1194.0,5913.0,1179.0,5922.0,25.29928834,ais/manual,True,True,9999.99,9999.99,HIGH
validation,GRD,65d6f6baee882077v,65d6f6baee882077v_005.51270313900000008545_004.95562585600000016228,S1A_IW_GRDH_1SDV_20201121T175320_20201121T175345_035350_04214D_0CE8,5.512703139,4.955625856,5653.0,2453.0,2458.0,5649.0,2449.0,5656.0,63.37536832,ais/manual,True,False,9999.99,9999.99,HIGH
validation,GRD,65d6f6baee882077v,65d6f6baee882077v_005.66342216500000006363_004.84493035000000027424,S1A_IW_GRDH_1SDV_20201121T175320_20201121T175345_035350_04214D_0CE8,5.663422165,4.84493035,4788.0,603.0,608.0,4784.0,599.0,4791.0,27.838392,ais/manual,True,True,9999.99,9999.99,HIGH
validation,GRD,65d6f6baee882077v,65d6f6baee882077v_005.68167118000000037625_004.90537259199999997605,S1A_IW_GRDH_1SDV_20201121T175320_20201121T175345_035350_04214D_0CE8,5.68167118,4.905372592,5484.0,542.0,546.0,5480.0,539.0,5489.0,26.47503198,ais/manual,True,True,9999.99,9999.99,HIGH
validation,GRD,39268d50efe8dae9v,39268d50efe8dae9v_057.66451675999999793021_009.39795860699999963117,S1B_IW_GRDH_1SDV_20200221T054745_20200221T054810_020363_026919_B169,57.66451676,9.397958607,3434.0,4846.0,4851.0,3425.0,4841.0,3441.0,127.5098396,ais/manual,True,False,9999.99,9999.99,HIGH
validation,GRD,39268d50efe8dae9v,39268d50efe8dae9v_057.48883723000000145475_008.01585430399999943063,S1B_IW_GRDH_1SDV_20200221T054745_20200221T054810_020363_026919_B169,57.48883723,8.015854304,11153.0,1365.0,1368.0,11147.0,1362.0,11158.0,81.67052434,ais/manual,True,False,9999.99,9999.99,HIGH
validation,GRD,39268d50efe8dae9v,39268d50efe8dae9v_057.68355140999999974838_007.46918520899999993645,S1B_IW_GRDH_1SDV_20200221T054745_20200221T054810_020363_026919_B169,57.68355141,7.469185209,14767.0,2888.0,2898.0,14748.0,2877.0,14784.0,172.4753919,ais/manual,True,False,9999.99,9999.99,HIGH
validation,GRD,39268d50efe8dae9v,39268d50efe8dae9v_057.49267701000000130307_007.72261426499999981132,S1B_IW_GRDH_1SDV_20200221T054745_20200221T054810_020363_026919_B169,57.49267701,7.722614265,12889.0,1089.0,1099.0,12879.0,1078.0,12899.0,157.6072753,ais/manual,True,False,9999.99,9999.99,HIGH
validation,GRD,39268d50efe8dae9v,39268d50efe8dae9v_057.64893433000000300126_008.22481632699999920533,S1B_IW_GRDH_1SDV_20200221T054745_20200221T054810_020363_026919_B169,57.64893433,8.224816327000001,10263.0,3325.0,3334.0,10257.0,3316.0,10269.0,35.12,ais/manual,True,True,9999.99,9999.99,HIGH
validation,GRD,39268d50efe8dae9v,39268d50efe8dae9v_057.42403948999999840908_008.00094130899999989026,S1B_IW_GRDH_1SDV_20200221T054745_20200221T054810_020363_026919_B169,57.42403949,8.000941309,11105.0,649.0,662.0,11088.0,635.0,11121.0,197.3803903,ais/manual,True,False,9999.99,9999.99,HIGH
validation,GRD,39268d50efe8dae9v,39268d50efe8dae9v_057.87783505000000161544_007.99682342699999981761,S1B_IW_GRDH_1SDV_20200221T054745_20200221T054810_020363_026919_B169,57.87783505,7.996823427000001,12077.0,5550.0,5559.0,12069.0,5540.0,12084.0,78.27608740000002,ais/manual,True,False,9999.99,9999.99,HIGH
validation,GRD,39268d50efe8dae9v,39268d50efe8dae9v_058.65775072000000278649_009.77097670799999917790,S1B_IW_GRDH_1SDV_20200221T054745_20200221T054810_020363_026919_B169,58.65775072,9.770976708,3590.0,15959.0,15971.0,3581.0,15947.0,3598.0,61.55758541,ais/manual,True,False,9999.99,9999.99,HIGH
validation,GRD,39268d50efe8dae9v,39268d50efe8dae9v_057.47933336999999909267_009.28287569499999953848,S1B_IW_GRDH_1SDV_20200221T054745_20200221T054810_020363_026919_B169,57.47933337,9.282875695,3681.0,2718.0,2723.0,3674.0,2713.0,3688.0,80.21768067,ais/manual,True,False,9999.99,9999.99,HIGH
validation,GRD,39268d50efe8dae9v,39268d50efe8dae9v_057.75246613000000195370_009.13865949300000046662,S1B_IW_GRDH_1SDV_20200221T054745_20200221T054810_020363_026919_B169,57.75246613,9.138659493,5148.0,5483.0,5492.0,5135.0,5474.0,5160.0,141.4957639,ais/manual,True,False,9999.99,9999.99,HIGH
validation,GRD,39268d50efe8dae9v,39268d50efe8dae9v_058.30927128999999808912_009.60125599999999934653,S1B_IW_GRDH_1SDV_20200221T054745_20200221T054810_020363_026919_B169,58.30927129,9.601256,3749.0,12015.0,12025.0,3739.0,12005.0,3758.0,150.1747229,ais/manual,True,False,9999.99,9999.99,HIGH
validation,GRD,39268d50efe8dae9v,39268d50efe8dae9v_057.33989942000000183953_008.31507155100000083792,S1B_IW_GRDH_1SDV_20200221T054745_20200221T054810_020363_026919_B169,57.33989942,8.315071551,9071.0,90.0,111.0,9046.0,68.0,9096.0,249.86924700000003,ais/manual,True,False,9999.99,9999.99,HIGH
validation,GRD,39268d50efe8dae9v,39268d50efe8dae9v_058.03318820999999871901_007.94641393900000014838,S1B_IW_GRDH_1SDV_20200221T054745_20200221T054810_020363_026919_B169,58.03318821,7.946413939,12693.0,7176.0,7187.0,12687.0,7166.0,12698.0,27.4,ais/manual,True,True,1.7449056256169704,3.6746376060631047,HIGH
validation,GRD,39268d50efe8dae9v,39268d50efe8dae9v_057.73607450000000085311_008.25587152800000012576,S1B_IW_GRDH_1SDV_20200221T054745_20200221T054810_020363_026919_B169,57.7360745,8.255871528,10267.0,4300.0,4309.0,10262.0,4292.0,10271.0,23.0,ais/manual,True,True,9999.99,9999.99,HIGH
validation,GRD,39268d50efe8dae9v,39268d50efe8dae9v_057.91629112999999762224_009.14941723599999967576,S1B_IW_GRDH_1SDV_20200221T054745_20200221T054810_020363_026919_B169,57.91629113,9.149417236,5456.0,7258.0,7268.0,5449.0,7249.0,5462.0,22.0,ais/manual,True,True,9999.99,9999.99,HIGH
validation,GRD,39268d50efe8dae9v,39268d50efe8dae9v_057.91042219999999929314_009.31393170499999989431,S1B_IW_GRDH_1SDV_20200221T054745_20200221T054810_020363_026919_B169,57.910422200000006,9.313931705,4488.0,7388.0,7400.0,4482.0,7377.0,4493.0,22.30162043,ais/manual,True,True,9999.99,9999.99,HIGH
validation,GRD,39268d50efe8dae9v,39268d50efe8dae9v_057.78818890000000152440_007.70041812000000014393,S1B_IW_GRDH_1SDV_20200221T054745_20200221T054810_020363_026919_B169,57.7881889,7.70041812,13623.0,4264.0,4277.0,13617.0,4250.0,13630.0,59.29495336,ais/manual,True,False,9999.99,9999.99,HIGH
validation,GRD,39268d50efe8dae9v,39268d50efe8dae9v_057.67884676999999982172_009.72996096600000015542,S1B_IW_GRDH_1SDV_20200221T054745_20200221T054810_020363_026919_B169,57.67884677,9.729960966,1530.0,5403.0,5406.0,1526.0,5399.0,1532.0,30.53783693,ais/manual,True,True,9999.99,9999.99,HIGH
validation,GRD,39268d50efe8dae9v,39268d50efe8dae9v_057.67692371999999778609_006.37610337699999973893,S1B_IW_GRDH_1SDV_20200221T054745_20200221T054810_020363_026919_B169,57.67692372,6.376103377000001,21178.0,1724.0,1731.0,21174.0,1718.0,21182.0,30.34,ais/manual,True,True,9999.99,9999.99,HIGH
validation,GRD,39268d50efe8dae9v,39268d50efe8dae9v_057.96457893000000183292_006.38486885100000023385,S1B_IW_GRDH_1SDV_20200221T054745_20200221T054810_020363_026919_B169,57.96457893,6.384868851,21652.0,4865.0,4877.0,21647.0,4853.0,21657.0,133.0978956,ais/manual,True,False,9.182168625866112,9999.99,HIGH
validation,GRD,39268d50efe8dae9v,39268d50efe8dae9v_058.09623450000000133286_009.76577961399999949776,S1B_IW_GRDH_1SDV_20200221T054745_20200221T054810_020363_026919_B169,58.0962345,9.765779614,2305.0,9924.0,9929.0,2302.0,9920.0,2309.0,21.95,ais/manual,True,True,9999.99,9999.99,HIGH
validation,GRD,39268d50efe8dae9v,39268d50efe8dae9v_058.18824934999999953789_005.97843466600000006395,S1B_IW_GRDH_1SDV_20200221T054745_20200221T054810_020363_026919_B169,58.18824935,5.978434666,24419.0,6930.0,6947.0,24412.0,6914.0,24425.0,40.305,ais/manual,True,True,9999.99,9999.99,HIGH
validation,GRD,39268d50efe8dae9v,39268d50efe8dae9v_057.68567671000000274262_009.55198405199999989179,S1B_IW_GRDH_1SDV_20200221T054745_20200221T054810_020363_026919_B169,57.68567671,9.551984052,2584.0,5259.0,5267.0,2573.0,5250.0,2595.0,152.49897969999995,ais/manual,True,False,9999.99,9999.99,HIGH
validation,GRD,39268d50efe8dae9v,39268d50efe8dae9v_057.61794726000000110844_008.19668245799999972689,S1B_IW_GRDH_1SDV_20200221T054745_20200221T054810_020363_026919_B169,57.61794726,8.196682458,10362.0,2959.0,2971.0,10356.0,2947.0,10368.0,28.05,ais/manual,True,True,9999.99,9999.99,HIGH
validation,GRD,39268d50efe8dae9v,39268d50efe8dae9v_057.83677105999999668029_009.08020708899999995367,S1B_IW_GRDH_1SDV_20200221T054745_20200221T054810_020363_026919_B169,57.83677106,9.080207089,5679.0,6322.0,6329.0,5667.0,6315.0,5690.0,206.854517,ais/manual,True,False,9999.99,9999.99,HIGH
validation,GRD,39268d50efe8dae9v,39268d50efe8dae9v_057.74389556999999939535_009.62678402400000088335,S1B_IW_GRDH_1SDV_20200221T054745_20200221T054810_020363_026919_B169,57.74389557,9.626784024,2284.0,5975.0,5982.0,2267.0,5967.0,2300.0,233.0569816,ais/manual,True,False,9999.99,9999.99,HIGH
validation,GRD,39268d50efe8dae9v,39268d50efe8dae9v_057.50587755000000100836_006.97971298199999967693,S1B_IW_GRDH_1SDV_20200221T054745_20200221T054810_020363_026919_B169,57.50587755,6.979712982000001,17298.0,458.0,478.0,17288.0,437.0,17307.0,32.12,ais/manual,True,True,9999.99,9999.99,HIGH
validation,GRD,39268d50efe8dae9v,39268d50efe8dae9v_057.58300162999999827207_006.62044680200000001946,S1B_IW_GRDH_1SDV_20200221T054745_20200221T054810_020363_026919_B169,57.58300163,6.620446802000001,19565.0,938.0,952.0,19560.0,924.0,19569.0,33.75,ais/manual,True,True,9999.99,9999.99,HIGH
validation,GRD,39268d50efe8dae9v,39268d50efe8dae9v_058.11486284000000068772_009.83186438599999945609,S1B_IW_GRDH_1SDV_20200221T054745_20200221T054810_020363_026919_B169,58.11486284,9.831864386,1968.0,10204.0,10214.0,1962.0,10195.0,1975.0,23.95,ais/manual,True,True,9999.99,9999.99,HIGH
validation,GRD,39268d50efe8dae9v,39268d50efe8dae9v_057.82548376999999817372_009.81222330800000008821,S1B_IW_GRDH_1SDV_20200221T054745_20200221T054810_020363_026919_B169,57.82548377,9.812223308,1398.0,7076.0,7087.0,1392.0,7066.0,1404.0,135.5874521,ais/manual,True,False,9999.99,9999.99,HIGH
validation,GRD,a9a58462f221a9eev,a9a58462f221a9eev_056.85492556999999891332_006.86130926099999971512,S1B_IW_GRDH_1SDV_20200402T170912_20200402T170937_020968_027C5A_D1AB,56.85492557,6.8613092610000015,4289.0,6048.0,6076.0,4277.0,6019.0,4301.0,211.48437880000003,ais/manual,True,False,9999.99,9999.99,HIGH
validation,GRD,a9a58462f221a9eev,a9a58462f221a9eev_056.54926400000000086266_006.86979706899999964520,S1B_IW_GRDH_1SDV_20200402T170912_20200402T170937_020968_027C5A_D1AB,56.549264,6.869797069,3649.0,9342.0,9347.0,3646.0,9337.0,3653.0,75.78765786,ais/manual,True,False,9999.99,9999.99,HIGH
validation,GRD,a9a58462f221a9eev,a9a58462f221a9eev_056.01933555000000097834_007.19863962199999996017,S1B_IW_GRDH_1SDV_20200402T170912_20200402T170937_020968_027C5A_D1AB,56.01933555,7.198639622000001,4454.0,15434.0,15440.0,4450.0,15427.0,4458.0,75.08,ais/manual,True,False,9999.99,9999.99,HIGH
validation,GRD,a9a58462f221a9eev,a9a58462f221a9eev_057.23005211000000258537_008.23285563600000003248,S1B_IW_GRDH_1SDV_20200402T170912_20200402T170937_020968_027C5A_D1AB,57.23005211,8.232855636,13263.0,3555.0,3566.0,13257.0,3545.0,13269.0,97.66215537,ais/manual,True,False,9999.99,9999.99,HIGH
validation,GRD,a9a58462f221a9eev,a9a58462f221a9eev_056.21293527000000267435_007.14006300900000034915,S1B_IW_GRDH_1SDV_20200402T170912_20200402T170937_020968_027C5A_D1AB,56.21293527,7.140063009,4529.0,13282.0,13289.0,4525.0,13275.0,4533.0,22.75,ais/manual,True,True,9999.99,9999.99,HIGH
validation,GRD,a9a58462f221a9eev,a9a58462f221a9eev_056.78940435999999891692_006.25899881600000007609,S1B_IW_GRDH_1SDV_20200402T170912_20200402T170937_020968_027C5A_D1AB,56.78940436,6.258998816,539.0,6014.0,6021.0,536.0,6008.0,543.0,17.24,ais/manual,True,True,9999.99,9999.99,HIGH
validation,GRD,a9a58462f221a9eev,a9a58462f221a9eev_057.08302563000000162674_008.30023857199999959278,S1B_IW_GRDH_1SDV_20200402T170912_20200402T170937_020968_027C5A_D1AB,57.08302563,8.300238572,13367.0,5218.0,5227.0,13362.0,5208.0,13371.0,100.9326276,ais/manual,True,False,9999.99,9999.99,HIGH
validation,GRD,a9a58462f221a9eev,a9a58462f221a9eev_057.52919581999999820709_009.33475556099999970172,S1B_IW_GRDH_1SDV_20200402T170912_20200402T170937_020968_027C5A_D1AB,57.52919582,9.334755561,20370.0,1428.0,1437.0,20362.0,1419.0,20377.0,136.3884203,ais/manual,True,False,9999.99,9999.99,HIGH
validation,GRD,a9a58462f221a9eev,a9a58462f221a9eev_057.16714472000000313301_008.47227908400000018219,S1B_IW_GRDH_1SDV_20200402T170912_20200402T170937_020968_027C5A_D1AB,57.16714472,8.472279084,14560.0,4489.0,4501.0,14553.0,4478.0,14568.0,81.50401185,ais/manual,True,False,8.61392738997165,8.829474787363162,HIGH
validation,GRD,a9a58462f221a9eev,a9a58462f221a9eev_056.15413802999999859367_006.56016083799999982773,S1B_IW_GRDH_1SDV_20200402T170912_20200402T170937_020968_027C5A_D1AB,56.15413803,6.560160838,870.0,13200.0,13205.0,866.0,13194.0,874.0,195.4880585,ais/manual,True,False,9999.99,9999.99,HIGH
validation,GRD,a9a58462f221a9eev,a9a58462f221a9eev_056.66800257999999956837_007.84616874399999986167,S1B_IW_GRDH_1SDV_20200402T170912_20200402T170937_020968_027C5A_D1AB,56.66800258,7.846168744,9789.0,9204.0,9208.0,9781.0,9200.0,9797.0,128.4471374,ais/manual,True,False,9999.99,9999.99,HIGH
validation,GRD,a9a58462f221a9eev,a9a58462f221a9eev_056.00091626999999760983_007.06253664499999977977,S1B_IW_GRDH_1SDV_20200402T170912_20200402T170937_020968_027C5A_D1AB,56.00091627,7.062536645,3581.0,15466.0,15486.0,3572.0,15447.0,3591.0,169.65089519999995,ais/manual,True,False,9999.99,9999.99,HIGH
validation,GRD,a9a58462f221a9eev,a9a58462f221a9eev_056.19684981000000334461_006.83634030799999958816,S1B_IW_GRDH_1SDV_20200402T170912_20200402T170937_020968_027C5A_D1AB,56.19684981,6.836340308,2647.0,13085.0,13111.0,2635.0,13058.0,2658.0,296.3614926,ais/manual,True,False,9999.99,9999.99,HIGH
validation,GRD,a9a58462f221a9eev,a9a58462f221a9eev_057.61543873000000104412_009.72021220799999952078,S1B_IW_GRDH_1SDV_20200402T170912_20200402T170937_020968_027C5A_D1AB,57.61543873,9.720212208,22802.0,853.0,863.0,22791.0,844.0,22813.0,149.30550280000003,ais/manual,True,False,9999.99,9999.99,HIGH
validation,GRD,a9a58462f221a9eev,a9a58462f221a9eev_057.47846512999999646354_009.35930577000000063492,S1B_IW_GRDH_1SDV_20200402T170912_20200402T170937_020968_027C5A_D1AB,57.47846513,9.35930577,20421.0,2003.0,2011.0,20412.0,1995.0,20431.0,83.85851194,ais/manual,True,False,9999.99,9999.99,HIGH
validation,GRD,a9a58462f221a9eev,a9a58462f221a9eev_057.02830028000000339716_008.05216996100000059755,S1B_IW_GRDH_1SDV_20200402T170912_20200402T170937_020968_027C5A_D1AB,57.02830028,8.052169961,11775.0,5542.0,5546.0,11772.0,5537.0,11778.0,88.43414721,ais/manual,True,False,9999.99,9999.99,HIGH
validation,GRD,a9a58462f221a9eev,a9a58462f221a9eev_056.75014788000000010015_008.10023179699999928971,S1B_IW_GRDH_1SDV_20200402T170912_20200402T170937_020968_027C5A_D1AB,56.75014788,8.100231797000001,11489.0,8600.0,8607.0,11485.0,8592.0,11493.0,30.75,ais/manual,True,True,7.509428981969519,7.571220153696661,HIGH
validation,GRD,a9a58462f221a9eev,a9a58462f221a9eev_056.52426937999999978501_006.59820133699999988863,S1B_IW_GRDH_1SDV_20200402T170912_20200402T170937_020968_027C5A_D1AB,56.52426938,6.598201337000001,1956.0,9278.0,9287.0,1952.0,9269.0,1961.0,103.8726438,ais/manual,True,False,9999.99,9999.99,HIGH
validation,GRD,a9a58462f221a9eev,a9a58462f221a9eev_057.55512636000000270542_008.83031745599999950969,S1B_IW_GRDH_1SDV_20200402T170912_20200402T170937_020968_027C5A_D1AB,57.55512636,8.830317456,17441.0,651.0,660.0,17431.0,642.0,17450.0,225.68208430000004,ais/manual,True,False,9999.99,9999.99,HIGH
validation,GRD,a9a58462f221a9eev,a9a58462f221a9eev_057.14423347000000319440_007.75833777700000037925,S1B_IW_GRDH_1SDV_20200402T170912_20200402T170937_020968_027C5A_D1AB,57.14423347,7.758337777,10266.0,3966.0,3974.0,10257.0,3959.0,10276.0,131.0611697,ais/manual,True,False,9999.99,9999.99,HIGH
validation,GRD,6a2b6ddecd398c6fv,6a2b6ddecd398c6fv_060.90225355999999834467_000.26166700799999997873,S1B_IW_GRDH_1SDV_20200511T062007_20200511T062032_021530_028E04_C616,60.90225356,0.261667008,15488.0,15450.0,15458.0,15482.0,15442.0,15495.0,97.81582754,ais/manual,True,False,9999.99,9999.99,HIGH
validation,GRD,6a2b6ddecd398c6fv,6a2b6ddecd398c6fv_059.56289209999999911815_002.25005607699999998772,S1B_IW_GRDH_1SDV_20200511T062007_20200511T062032_021530_028E04_C616,59.5628921,2.250056077,1702.0,3163.0,3172.0,1696.0,3153.0,1708.0,74.02784235,ais/manual,True,False,9999.99,9999.99,HIGH
validation,GRD,6a2b6ddecd398c6fv,6a2b6ddecd398c6fv_060.48307389000000000578_002.02076062099999997912,S1B_IW_GRDH_1SDV_20200511T062007_20200511T062032_021530_028E04_C616,60.48307389,2.020760621,5145.0,12771.0,12775.0,5140.0,12768.0,5148.0,71.1705236,ais/manual,True,False,9999.99,9999.99,HIGH
validation,GRD,6a2b6ddecd398c6fv,6a2b6ddecd398c6fv_059.77044474000000207070_-01.17855254700000000589,S1B_IW_GRDH_1SDV_20200511T062007_20200511T062032_021530_028E04_C616,59.77044474,-1.178552547,21110.0,1800.0,1810.0,21105.0,1790.0,21116.0,60.78261436,ais/manual,True,False,9999.99,9999.99,HIGH
validation,GRD,6a2b6ddecd398c6fv,6a2b6ddecd398c6fv_059.60329087000000214402_-01.09619807300000005057,S1B_IW_GRDH_1SDV_20200511T062007_20200511T062032_021530_028E04_C616,59.60329087,-1.096198073,20341.0,56.0,66.0,20336.0,47.0,20346.0,27.775,ais/manual,True,True,9999.99,9999.99,HIGH
validation,GRD,6a2b6ddecd398c6fv,6a2b6ddecd398c6fv_060.75413867999999695257_-01.59109580199999989247,S1B_IW_GRDH_1SDV_20200511T062007_20200511T062032_021530_028E04_C616,60.75413868,-1.591095802,25139.0,12167.0,12169.0,25136.0,12164.0,25141.0,38.07,ais/manual,True,True,9999.99,9999.99,HIGH
validation,GRD,6a2b6ddecd398c6fv,6a2b6ddecd398c6fv_060.12975185999999894193_001.09194289899999996685,S1B_IW_GRDH_1SDV_20200511T062007_20200511T062032_021530_028E04_C616,60.12975186,1.091942899,9366.0,7946.0,7956.0,9359.0,7936.0,9371.0,40.08544798,ais/manual,True,False,9999.99,9999.99,HIGH
validation,GRD,6a2b6ddecd398c6fv,6a2b6ddecd398c6fv_060.41450505000000248401_001.19151485899999998175,S1B_IW_GRDH_1SDV_20200511T062007_20200511T062032_021530_028E04_C616,60.41450505,1.191514859,9456.0,11124.0,11130.0,9451.0,11118.0,9460.0,90.0,ais/manual,True,False,9999.99,9999.99,HIGH
validation,GRD,6a2b6ddecd398c6fv,6a2b6ddecd398c6fv_060.69504761999999686850_-00.11836604000000000569,S1B_IW_GRDH_1SDV_20200511T062007_20200511T062032_021530_028E04_C616,60.69504762,-0.11836604,17105.0,12838.0,12848.0,17099.0,12826.0,17110.0,35.28,ais/manual,True,True,9999.99,9999.99,HIGH
validation,GRD,6a2b6ddecd398c6fv,6a2b6ddecd398c6fv_060.58695569999999719357_-00.50947150600000001841,S1B_IW_GRDH_1SDV_20200511T062007_20200511T062032_021530_028E04_C616,60.5869557,-0.509471506,18999.0,11297.0,11300.0,18996.0,11293.0,19001.0,23.02,ais/manual,True,True,9999.99,9999.99,HIGH
validation,GRD,6a2b6ddecd398c6fv,6a2b6ddecd398c6fv_060.09017880999999761116_-01.56164084899999999756,S1B_IW_GRDH_1SDV_20200511T062007_20200511T062032_021530_028E04_C616,60.09017881,-1.561640849,23806.0,4944.0,4955.0,23801.0,4933.0,23809.0,57.07,ais/manual,True,False,8.275564753406352,8.414495934086906,HIGH
validation,GRD,6a2b6ddecd398c6fv,6a2b6ddecd398c6fv_060.08273098000000089769_-01.12070870799999999790,S1B_IW_GRDH_1SDV_20200511T062007_20200511T062032_021530_028E04_C616,60.08273098,-1.120708708,21371.0,5253.0,5257.0,21366.0,5248.0,21376.0,60.9,ais/manual,True,True,3.239483258207693,3.120677176458678,HIGH
validation,GRD,6a2b6ddecd398c6fv,6a2b6ddecd398c6fv_059.73799185000000022683_001.68773157600000001111,S1B_IW_GRDH_1SDV_20200511T062007_20200511T062032_021530_028E04_C616,59.73799185,1.687731576,5216.0,4387.0,4394.0,5211.0,4380.0,5219.0,48.33070502,ais/manual,True,False,9999.99,9999.99,HIGH
validation,GRD,6a2b6ddecd398c6fv,6a2b6ddecd398c6fv_059.77823441000000315171_-00.11470795400000000086,S1B_IW_GRDH_1SDV_20200511T062007_20200511T062032_021530_028E04_C616,59.77823441,-0.114707954,15240.0,2899.0,2907.0,15236.0,2889.0,15244.0,23.0,ais/manual,True,True,9999.99,9999.99,HIGH
validation,GRD,6a2b6ddecd398c6fv,6a2b6ddecd398c6fv_059.89881618999999801645_001.28005598900000006068,S1B_IW_GRDH_1SDV_20200511T062007_20200511T062032_021530_028E04_C616,59.89881619,1.280055989,7822.0,5662.0,5670.0,7813.0,5653.0,7831.0,30.09357418,ais/manual,True,False,9999.99,9999.99,HIGH
validation,GRD,6a2b6ddecd398c6fv,6a2b6ddecd398c6fv_059.84771015999999832502_001.73089198799999999245,S1B_IW_GRDH_1SDV_20200511T062007_20200511T062032_021530_028E04_C616,59.84771016,1.7308919880000002,5234.0,5615.0,5622.0,5228.0,5609.0,5239.0,58.01661979,ais/manual,True,False,9999.99,9999.99,HIGH
validation,GRD,6a2b6ddecd398c6fv,6a2b6ddecd398c6fv_060.79678692000000239659_001.71060243199999995056,S1B_IW_GRDH_1SDV_20200511T062007_20200511T062032_021530_028E04_C616,60.79678692,1.710602432,7533.0,15802.0,15808.0,7529.0,15797.0,7537.0,51.54093872,ais/manual,True,False,9999.99,9999.99,HIGH
validation,GRD,0d8ed29b0760dc59v,0d8ed29b0760dc59v_043.84746266999999875225_015.01361744000000086885,S1B_IW_GRDH_1SDV_20200514T051034_20200514T051059_021573_028F48_8C43,43.84746267,15.01361744,5537.0,7404.0,7415.0,5531.0,7394.0,5543.0,71.36246618,ais/manual,True,False,9999.99,9999.99,HIGH
validation,GRD,0d8ed29b0760dc59v,0d8ed29b0760dc59v_044.12909158000000076072_014.64793238000000030752,S1B_IW_GRDH_1SDV_20200514T051034_20200514T051059_021573_028F48_8C43,44.12909158,14.64793238,8994.0,9914.0,9920.0,8989.0,9909.0,8998.0,85.25102767,ais/manual,True,False,9999.99,9999.99,HIGH
validation,GRD,0d8ed29b0760dc59v,0d8ed29b0760dc59v_043.76860218000000202210_014.01788883000000041079,S1B_IW_GRDH_1SDV_20200514T051034_20200514T051059_021573_028F48_8C43,43.76860218,14.01788883,13262.0,5158.0,5168.0,13253.0,5149.0,13271.0,153.4521084,ais/manual,True,False,9999.99,9999.99,HIGH
validation,GRD,0d8ed29b0760dc59v,0d8ed29b0760dc59v_043.35354665999999923542_014.55903683999999920218,S1B_IW_GRDH_1SDV_20200514T051034_20200514T051059_021573_028F48_8C43,43.35354666,14.55903684,8137.0,1440.0,1450.0,8125.0,1430.0,8150.0,183.23,ais/manual,True,False,9999.99,9999.99,HIGH
validation,GRD,0d8ed29b0760dc59v,0d8ed29b0760dc59v_043.38049448000000296588_014.84475456000000015422,S1B_IW_GRDH_1SDV_20200514T051034_20200514T051059_021573_028F48_8C43,43.38049448,14.84475456,5915.0,2141.0,2150.0,5908.0,2132.0,5922.0,127.3585621,ais/manual,True,False,9999.99,9999.99,HIGH
validation,GRD,0d8ed29b0760dc59v,0d8ed29b0760dc59v_043.37207606999999853770_014.88328751000000060856,S1B_IW_GRDH_1SDV_20200514T051034_20200514T051059_021573_028F48_8C43,43.37207607,14.88328751,5591.0,2106.0,2121.0,5583.0,2092.0,5599.0,110.1513281,ais/manual,True,False,9999.99,9999.99,HIGH
validation,GRD,0d8ed29b0760dc59v,0d8ed29b0760dc59v_043.21094381000000339554_015.15049506000000079098,S1B_IW_GRDH_1SDV_20200514T051034_20200514T051059_021573_028F48_8C43,43.21094381,15.15049506,3125.0,769.0,778.0,3114.0,759.0,3136.0,128.2108857,ais/manual,True,False,9999.99,9999.99,HIGH
validation,GRD,0d8ed29b0760dc59v,0d8ed29b0760dc59v_044.47203526999999922964_012.64905191000000073132,S1B_IW_GRDH_1SDV_20200514T051034_20200514T051059_021573_028F48_8C43,44.47203527,12.64905191,25358.0,11017.0,11024.0,25353.0,11010.0,25361.0,25.1,ais/manual,True,True,9999.99,9999.99,HIGH
validation,GRD,0d8ed29b0760dc59v,0d8ed29b0760dc59v_043.86255409000000327069_013.54845159000000087701,S1B_IW_GRDH_1SDV_20200514T051034_20200514T051059_021573_028F48_8C43,43.86255409,13.54845159,17162.0,5545.0,5550.0,17160.0,5541.0,17165.0,27.375,ais/manual,True,True,9999.99,9999.99,HIGH
validation,GRD,0d8ed29b0760dc59v,0d8ed29b0760dc59v_043.85029397000000273010_013.93070265999999968187,S1B_IW_GRDH_1SDV_20200514T051034_20200514T051059_021573_028F48_8C43,43.85029397,13.93070266,14111.0,5922.0,5928.0,14107.0,5917.0,14114.0,22.9,ais/manual,True,True,9999.99,9999.99,HIGH
validation,GRD,0d8ed29b0760dc59v,0d8ed29b0760dc59v_043.71337436000000309377_014.26506889999999927454,S1B_IW_GRDH_1SDV_20200514T051034_20200514T051059_021573_028F48_8C43,43.71337436,14.2650689,11194.0,4902.0,4906.0,11190.0,4899.0,11196.0,22.23,ais/manual,True,True,9999.99,9999.99,HIGH
validation,GRD,0d8ed29b0760dc59v,0d8ed29b0760dc59v_044.76347561000000041531_012.83260733999999914090,S1B_IW_GRDH_1SDV_20200514T051034_20200514T051059_021573_028F48_8C43,44.76347561,12.83260734,24404.0,14404.0,14413.0,24395.0,14396.0,24412.0,140.88,ais/manual,True,False,9999.99,9999.99,HIGH
validation,GRD,0d8ed29b0760dc59v,0d8ed29b0760dc59v_043.91298145999999746891_013.48657279999999936138,S1B_IW_GRDH_1SDV_20200514T051034_20200514T051059_021573_028F48_8C43,43.91298146,13.4865728,17747.0,6010.0,6019.0,17742.0,6000.0,17751.0,25.5,ais/manual,True,True,9999.99,9999.99,HIGH
validation,GRD,0d8ed29b0760dc59v,0d8ed29b0760dc59v_043.87213263000000296188_013.91687048000000004322,S1B_IW_GRDH_1SDV_20200514T051034_20200514T051059_021573_028F48_8C43,43.87213263,13.91687048,14262.0,6139.0,6145.0,14258.0,6134.0,14265.0,25.6,ais/manual,True,True,9999.99,9999.99,HIGH
validation,GRD,0d8ed29b0760dc59v,0d8ed29b0760dc59v_043.85965939999999818610_013.58323891999999943891,S1B_IW_GRDH_1SDV_20200514T051034_20200514T051059_021573_028F48_8C43,43.8596594,13.58323892,16881.0,5560.0,5566.0,16877.0,5554.0,16885.0,28.1,ais/manual,True,True,9999.99,9999.99,HIGH
validation,GRD,0d8ed29b0760dc59v,0d8ed29b0760dc59v_044.22628037999999861540_012.85592929999999967094,S1B_IW_GRDH_1SDV_20200514T051034_20200514T051059_021573_028F48_8C43,44.22628038,12.8559293,23300.0,8602.0,8607.0,23297.0,8596.0,23304.0,21.7,ais/manual,True,True,9999.99,9999.99,HIGH
validation,GRD,0d8ed29b0760dc59v,0d8ed29b0760dc59v_044.25347029000000276255_013.00500363999999997588,S1B_IW_GRDH_1SDV_20200514T051034_20200514T051059_021573_028F48_8C43,44.25347029,13.00500364,22173.0,9082.0,9092.0,22168.0,9072.0,22177.0,23.04,ais/manual,True,True,9999.99,9999.99,HIGH
validation,GRD,0d8ed29b0760dc59v,0d8ed29b0760dc59v_044.83214530000000053178_012.89910809000000035951,S1B_IW_GRDH_1SDV_20200514T051034_20200514T051059_021573_028F48_8C43,44.8321453,12.89910809,24000.0,15231.0,15234.0,23997.0,15227.0,24002.0,21.25,ais/manual,True,True,9999.99,9999.99,HIGH
validation,GRD,0d8ed29b0760dc59v,0d8ed29b0760dc59v_044.61378176000000195245_014.23678929000000081828,S1B_IW_GRDH_1SDV_20200514T051034_20200514T051059_021573_028F48_8C43,44.61378176,14.23678929,13159.0,14576.0,14581.0,13155.0,14571.0,13162.0,35.66248626,ais/manual,True,False,0.5655705646424382,0.7901398098052624,HIGH
validation,GRD,0d8ed29b0760dc59v,0d8ed29b0760dc59v_044.80588171000000130562_012.89057812000000069474,S1B_IW_GRDH_1SDV_20200514T051034_20200514T051059_021573_028F48_8C43,44.80588171,12.89057812,24023.0,14935.0,14942.0,24020.0,14928.0,24026.0,21.45,ais/manual,True,True,9999.99,9999.99,HIGH
validation,GRD,0d8ed29b0760dc59v,0d8ed29b0760dc59v_044.88890751999999650934_013.07015063999999959776,S1B_IW_GRDH_1SDV_20200514T051034_20200514T051059_021573_028F48_8C43,44.88890752,13.07015064,22758.0,16055.0,16061.0,22755.0,16050.0,22761.0,23.06,ais/manual,True,True,9999.99,9999.99,HIGH
validation,GRD,0d8ed29b0760dc59v,0d8ed29b0760dc59v_044.66035753999999968755_013.15280079000000057476,S1B_IW_GRDH_1SDV_20200514T051034_20200514T051059_021573_028F48_8C43,44.66035754,13.15280079,21722.0,13678.0,13682.0,21719.0,13675.0,21724.0,25.35,ais/manual,True,True,9999.99,9999.99,HIGH
validation,GRD,0d8ed29b0760dc59v,0d8ed29b0760dc59v_043.99933621000000272261_013.45382123000000085256,S1B_IW_GRDH_1SDV_20200514T051034_20200514T051059_021573_028F48_8C43,43.99933621,13.45382123,18167.0,6901.0,6903.0,18165.0,6900.0,18168.0,19.23,ais/manual,True,True,9999.99,9999.99,HIGH
validation,GRD,0d8ed29b0760dc59v,0d8ed29b0760dc59v_044.79885198000000201546_013.18328245000000009668,S1B_IW_GRDH_1SDV_20200514T051034_20200514T051059_021573_028F48_8C43,44.79885198,13.18328245,21724.0,15218.0,15225.0,21719.0,15211.0,21728.0,22.5,ais/manual,True,True,9999.99,9999.99,HIGH
validation,GRD,0d8ed29b0760dc59v,0d8ed29b0760dc59v_043.69412942000000299458_014.29744389000000026613,S1B_IW_GRDH_1SDV_20200514T051034_20200514T051059_021573_028F48_8C43,43.69412942,14.29744389,10899.0,4740.0,4745.0,10896.0,4734.0,10902.0,22.25,ais/manual,True,True,9999.99,9999.99,HIGH
validation,GRD,0d8ed29b0760dc59v,0d8ed29b0760dc59v_044.09596868999999941252_013.97650652999999998372,S1B_IW_GRDH_1SDV_20200514T051034_20200514T051059_021573_028F48_8C43,44.09596869,13.97650653,14220.0,8636.0,8640.0,14219.0,8632.0,14222.0,21.18,ais/manual,True,True,9999.99,9999.99,HIGH
validation,GRD,0d8ed29b0760dc59v,0d8ed29b0760dc59v_044.08591331000000224094_013.79481370999999967353,S1B_IW_GRDH_1SDV_20200514T051034_20200514T051059_021573_028F48_8C43,44.08591331,13.79481371,15635.0,8285.0,8289.0,15632.0,8281.0,15638.0,19.94,ais/manual,True,True,9999.99,9999.99,HIGH
validation,GRD,0d8ed29b0760dc59v,0d8ed29b0760dc59v_043.85861831999999793652_013.57915732000000019752,S1B_IW_GRDH_1SDV_20200514T051034_20200514T051059_021573_028F48_8C43,43.85861832,13.57915732,16911.0,5543.0,5548.0,16909.0,5539.0,16914.0,20.15,ais/manual,True,True,9999.99,9999.99,HIGH
validation,GRD,0d8ed29b0760dc59v,0d8ed29b0760dc59v_043.91939114000000188298_013.03264640000000085251,S1B_IW_GRDH_1SDV_20200514T051034_20200514T051059_021573_028F48_8C43,43.91939114,13.0326464,21355.0,5495.0,5501.0,21351.0,5490.0,21358.0,26.26,ais/manual,True,True,6.787943048455753,6.222809294879829,HIGH
validation,GRD,0d8ed29b0760dc59v,0d8ed29b0760dc59v_043.70175366000000138911_013.39410196999999946854,S1B_IW_GRDH_1SDV_20200514T051034_20200514T051059_021573_028F48_8C43,43.70175366,13.39410197,18087.0,3604.0,3606.0,18084.0,3602.0,18088.0,23.28,ais/manual,True,True,6.5088238134105545,6.450570914756999,HIGH
validation,GRD,0d8ed29b0760dc59v,0d8ed29b0760dc59v_043.47735911000000186277_013.80438185999999944897,S1B_IW_GRDH_1SDV_20200514T051034_20200514T051059_021573_028F48_8C43,43.47735911,13.80438186,14397.0,1725.0,1729.0,14395.0,1721.0,14399.0,14.87,ais/manual,True,True,9999.99,9999.99,HIGH
validation,GRD,0d8ed29b0760dc59v,0d8ed29b0760dc59v_044.60729075999999793112_013.17817576999999928944,S1B_IW_GRDH_1SDV_20200514T051034_20200514T051059_021573_028F48_8C43,44.60729076,13.17817577,21435.0,13135.0,13139.0,21431.0,13130.0,21437.0,27.425,ais/manual,True,True,9999.99,9999.99,HIGH
validation,GRD,0d8ed29b0760dc59v,0d8ed29b0760dc59v_044.11689539999999709607_013.94127774000000030696,S1B_IW_GRDH_1SDV_20200514T051034_20200514T051059_021573_028F48_8C43,44.1168954,13.94127774,14538.0,8815.0,8818.0,14537.0,8812.0,14540.0,22.56,ais/manual,True,True,9999.99,9999.99,HIGH
validation,GRD,0d8ed29b0760dc59v,0d8ed29b0760dc59v_044.94565889999999797055_013.07243245000000086975,S1B_IW_GRDH_1SDV_20200514T051034_20200514T051059_021573_028F48_8C43,44.9456589,13.07243245,22840.0,16674.0,16679.0,22836.0,16669.0,22844.0,26.9,ais/manual,True,True,9999.99,9999.99,HIGH
validation,GRD,0d8ed29b0760dc59v,0d8ed29b0760dc59v_043.89316739000000211490_013.50662185000000015123,S1B_IW_GRDH_1SDV_20200514T051034_20200514T051059_021573_028F48_8C43,43.89316739,13.50662185,17551.0,5822.0,5827.0,17548.0,5816.0,17554.0,27.275,ais/manual,True,True,9999.99,9999.99,HIGH
validation,GRD,0d8ed29b0760dc59v,0d8ed29b0760dc59v_044.85576754000000221367_012.92077686999999919237,S1B_IW_GRDH_1SDV_20200514T051034_20200514T051059_021573_028F48_8C43,44.85576754,12.92077687,23869.0,15513.0,15516.0,23867.0,15511.0,23870.0,17.8,ais/manual,True,True,9999.99,9999.99,HIGH
validation,GRD,0d8ed29b0760dc59v,0d8ed29b0760dc59v_044.22136144000000257392_012.84809560000000061564,S1B_IW_GRDH_1SDV_20200514T051034_20200514T051059_021573_028F48_8C43,44.22136144,12.8480956,23354.0,8539.0,8543.0,23351.0,8534.0,23356.0,21.7,ais/manual,True,True,9999.99,9999.99,HIGH
validation,GRD,0d8ed29b0760dc59v,0d8ed29b0760dc59v_044.17371518000000207849_012.66381913999999930809,S1B_IW_GRDH_1SDV_20200514T051034_20200514T051059_021573_028F48_8C43,44.17371518,12.66381914,24725.0,7795.0,7798.0,24722.0,7793.0,24728.0,21.7,ais/manual,True,True,9999.99,9999.99,HIGH
validation,GRD,0d8ed29b0760dc59v,0d8ed29b0760dc59v_044.85477335000000209675_012.92055955000000011523,S1B_IW_GRDH_1SDV_20200514T051034_20200514T051059_021573_028F48_8C43,44.85477335,12.92055955,23869.0,15502.0,15506.0,23867.0,15499.0,23871.0,24.285,ais/manual,True,True,9999.99,9999.99,HIGH
validation,GRD,0d8ed29b0760dc59v,0d8ed29b0760dc59v_044.62183438000000279544_013.55978372000000042874,S1B_IW_GRDH_1SDV_20200514T051034_20200514T051059_021573_028F48_8C43,44.62183438,13.55978372,18467.0,13775.0,13779.0,18464.0,13771.0,18470.0,23.93,ais/manual,True,True,9999.99,9999.99,HIGH
validation,GRD,0d8ed29b0760dc59v,0d8ed29b0760dc59v_044.82952161000000046442_012.91311885000000003743,S1B_IW_GRDH_1SDV_20200514T051034_20200514T051059_021573_028F48_8C43,44.82952161,12.91311885,23886.0,15219.0,15223.0,23883.0,15215.0,23889.0,16.9,ais/manual,True,True,9999.99,9999.99,HIGH
validation,GRD,0d8ed29b0760dc59v,0d8ed29b0760dc59v_044.83259759999999971569_012.95374417000000022426,S1B_IW_GRDH_1SDV_20200514T051034_20200514T051059_021573_028F48_8C43,44.8325976,12.95374417,23574.0,15302.0,15306.0,23571.0,15298.0,23576.0,18.27566699,ais/manual,True,True,9999.99,9999.99,HIGH
validation,GRD,0d8ed29b0760dc59v,0d8ed29b0760dc59v_044.90487266000000232680_013.06138286999999920113,S1B_IW_GRDH_1SDV_20200514T051034_20200514T051059_021573_028F48_8C43,44.90487266,13.06138287,22854.0,16218.0,16223.0,22850.0,16213.0,22857.0,21.6,ais/manual,True,True,9999.99,9999.99,HIGH
validation,GRD,0d8ed29b0760dc59v,0d8ed29b0760dc59v_043.47280133999999662819_013.81634093000000085283,S1B_IW_GRDH_1SDV_20200514T051034_20200514T051059_021573_028F48_8C43,43.47280134,13.81634093,14293.0,1692.0,1695.0,14290.0,1689.0,14295.0,18.98094979,ais/manual,True,True,9999.99,9999.99,HIGH
validation,GRD,0d8ed29b0760dc59v,0d8ed29b0760dc59v_044.84252573999999924581_012.90062866999999968698,S1B_IW_GRDH_1SDV_20200514T051034_20200514T051059_021573_028F48_8C43,44.84252574,12.90062867,24005.0,15345.0,15349.0,24002.0,15342.0,24006.0,14.74,ais/manual,True,True,9999.99,9999.99,HIGH
validation,GRD,0d8ed29b0760dc59v,0d8ed29b0760dc59v_043.91009309999999743468_013.25263791999999973825,S1B_IW_GRDH_1SDV_20200514T051034_20200514T051059_021573_028F48_8C43,43.91009310000001,13.25263792,19594.0,5675.0,5678.0,19593.0,5672.0,19596.0,21.5,ais/manual,True,True,9999.99,9999.99,HIGH
validation,GRD,0d8ed29b0760dc59v,0d8ed29b0760dc59v_044.28228083999999853404_013.39328051999999935617,S1B_IW_GRDH_1SDV_20200514T051034_20200514T051059_021573_028F48_8C43,44.28228084,13.39328052,19166.0,9885.0,9890.0,19161.0,9881.0,19169.0,24.62,ais/manual,True,True,9999.99,9999.99,HIGH
validation,GRD,0d8ed29b0760dc59v,0d8ed29b0760dc59v_044.16964972000000244634_012.64997048999999940122,S1B_IW_GRDH_1SDV_20200514T051034_20200514T051059_021573_028F48_8C43,44.16964972,12.64997049,24828.0,7734.0,7742.0,24824.0,7725.0,24831.0,21.7,ais/manual,True,True,9999.99,9999.99,HIGH
validation,GRD,0d8ed29b0760dc59v,0d8ed29b0760dc59v_043.87714963999999895350_013.54921747999999936951,S1B_IW_GRDH_1SDV_20200514T051034_20200514T051059_021573_028F48_8C43,43.87714964,13.54921748,17184.0,5704.0,5710.0,17180.0,5698.0,17187.0,24.27,ais/manual,True,True,9999.99,9999.99,HIGH
validation,GRD,0d8ed29b0760dc59v,0d8ed29b0760dc59v_043.98514579999999796200_013.01875390999999915209,S1B_IW_GRDH_1SDV_20200514T051034_20200514T051059_021573_028F48_8C43,43.9851458,13.01875391,21583.0,6190.0,6194.0,21580.0,6187.0,21587.0,22.3,ais/manual,True,True,9999.99,9999.99,HIGH
validation,GRD,0d8ed29b0760dc59v,0d8ed29b0760dc59v_044.83440822000000025582_012.95431265000000031762,S1B_IW_GRDH_1SDV_20200514T051034_20200514T051059_021573_028F48_8C43,44.83440822,12.95431265,23572.0,15322.0,15326.0,23570.0,15319.0,23575.0,18.36,ais/manual,True,True,9999.99,9999.99,HIGH
validation,GRD,0d8ed29b0760dc59v,0d8ed29b0760dc59v_043.61730318000000039547_014.42214944000000009794,S1B_IW_GRDH_1SDV_20200514T051034_20200514T051059_021573_028F48_8C43,43.61730318,14.42214944,9756.0,4086.0,4090.0,9753.0,4082.0,9758.0,20.9,ais/manual,True,True,9999.99,9999.99,HIGH
validation,GRD,0d8ed29b0760dc59v,0d8ed29b0760dc59v_043.85499887999999657495_013.90461376000000015551,S1B_IW_GRDH_1SDV_20200514T051034_20200514T051059_021573_028F48_8C43,43.85499888,13.90461376,14326.0,5938.0,5942.0,14323.0,5933.0,14330.0,26.2,ais/manual,True,True,9999.99,9999.99,HIGH
validation,GRD,0d8ed29b0760dc59v,0d8ed29b0760dc59v_043.74261276000000009390_013.62015524000000077365,S1B_IW_GRDH_1SDV_20200514T051034_20200514T051059_021573_028F48_8C43,43.74261276,13.62015524,16368.0,4343.0,4349.0,16362.0,4338.0,16373.0,17.25,ais/manual,True,True,9999.99,9999.99,HIGH
validation,GRD,0d8ed29b0760dc59v,0d8ed29b0760dc59v_043.83484040999999820087_013.93421262999999932219,S1B_IW_GRDH_1SDV_20200514T051034_20200514T051059_021573_028F48_8C43,43.83484041,13.93421263,14053.0,5760.0,5767.0,14050.0,5753.0,14056.0,26.8,ais/manual,True,True,9999.99,9999.99,HIGH
validation,GRD,0d8ed29b0760dc59v,0d8ed29b0760dc59v_044.85746759999999966340_012.92020941000000000543,S1B_IW_GRDH_1SDV_20200514T051034_20200514T051059_021573_028F48_8C43,44.85746760000001,12.92020941,23876.0,15531.0,15534.0,23874.0,15528.0,23879.0,24.185,ais/manual,True,True,9999.99,9999.99,HIGH
validation,GRD,0d8ed29b0760dc59v,0d8ed29b0760dc59v_044.86530812000000167927_012.91574978000000051281,S1B_IW_GRDH_1SDV_20200514T051034_20200514T051059_021573_028F48_8C43,44.86530812,12.91574978,23924.0,15611.0,15614.0,23921.0,15608.0,23925.0,17.8,ais/manual,True,True,9999.99,9999.99,HIGH
validation,GRD,0d8ed29b0760dc59v,0d8ed29b0760dc59v_043.99604202999999813528_013.32245355000000053280,S1B_IW_GRDH_1SDV_20200514T051034_20200514T051059_021573_028F48_8C43,43.99604203,13.32245355,19200.0,6696.0,6704.0,19196.0,6687.0,19203.0,22.32,ais/manual,True,True,9999.99,9999.99,HIGH
validation,GRD,0d8ed29b0760dc59v,0d8ed29b0760dc59v_044.61743372000000107391_013.13727300000000042246,S1B_IW_GRDH_1SDV_20200514T051034_20200514T051059_021573_028F48_8C43,44.61743372,13.137273,21772.0,13194.0,13201.0,21767.0,13186.0,21776.0,18.74,ais/manual,True,True,9999.99,9999.99,HIGH
validation,GRD,0d8ed29b0760dc59v,0d8ed29b0760dc59v_044.80920340000000123837_012.90474689999999924339,S1B_IW_GRDH_1SDV_20200514T051034_20200514T051059_021573_028F48_8C43,44.8092034,12.9047469,23918.0,14988.0,14991.0,23916.0,14986.0,23919.0,14.82,ais/manual,True,True,9999.99,9999.99,HIGH
validation,GRD,0d8ed29b0760dc59v,0d8ed29b0760dc59v_044.84711904000000259884_012.90564999999999962199,S1B_IW_GRDH_1SDV_20200514T051034_20200514T051059_021573_028F48_8C43,44.84711904,12.90565,23973.0,15401.0,15405.0,23970.0,15397.0,23975.0,17.8,ais/manual,True,True,9999.99,9999.99,HIGH
validation,GRD,0d8ed29b0760dc59v,0d8ed29b0760dc59v_043.51303877000000142061_014.47919077999999970530,S1B_IW_GRDH_1SDV_20200514T051034_20200514T051059_021573_028F48_8C43,43.51303877,14.47919078,9094.0,3043.0,3047.0,9093.0,3040.0,9096.0,22.8,ais/manual,True,True,9999.99,9999.99,HIGH
validation,GRD,0d8ed29b0760dc59v,0d8ed29b0760dc59v_044.29144182000000284916_013.51122872000000008086,S1B_IW_GRDH_1SDV_20200514T051034_20200514T051059_021573_028F48_8C43,44.29144182,13.51122872,18254.0,10136.0,10139.0,18251.0,10134.0,18256.0,24.00614543,ais/manual,True,True,9999.99,9999.99,HIGH
validation,GRD,0d8ed29b0760dc59v,0d8ed29b0760dc59v_044.18374948000000301818_013.32176731000000025062,S1B_IW_GRDH_1SDV_20200514T051034_20200514T051059_021573_028F48_8C43,44.18374948,13.32176731,19549.0,8727.0,8732.0,19546.0,8722.0,19552.0,26.425,ais/manual,True,True,9999.99,9999.99,HIGH
validation,GRD,9c418af4acd217d1v,9c418af4acd217d1v_057.22400177000000098815_008.70085352899999975307,S1B_IW_GRDH_1SDV_20200527T054813_20200527T054838_021763_0294E5_40F3,57.22400177,8.700853529,6539.0,15967.0,15971.0,6536.0,15962.0,6542.0,16.7,ais/manual,True,True,9999.99,9999.99,HIGH
validation,GRD,9c418af4acd217d1v,9c418af4acd217d1v_057.34959326999999973395_007.68145756399999957154,S1B_IW_GRDH_1SDV_20200527T054813_20200527T054838_021763_0294E5_40F3,57.34959327,7.681457564,12841.0,16180.0,16183.0,12837.0,16177.0,12845.0,37.05,ais/manual,True,True,9999.99,9999.99,HIGH
validation,GRD,9c418af4acd217d1v,9c418af4acd217d1v_056.28143221999999923355_007.66756751900000033118,S1B_IW_GRDH_1SDV_20200527T054813_20200527T054838_021763_0294E5_40F3,56.28143222,7.6675675189999986,10715.0,4616.0,4621.0,10711.0,4610.0,10718.0,22.65,ais/manual,True,True,9999.99,9999.99,HIGH
validation,GRD,9c418af4acd217d1v,9c418af4acd217d1v_057.17713421999999923173_006.77920428899999993888,S1B_IW_GRDH_1SDV_20200527T054813_20200527T054838_021763_0294E5_40F3,57.17713422,6.779204289,17857.0,13369.0,13374.0,17854.0,13365.0,17860.0,21.2,ais/manual,True,True,9999.99,9999.99,HIGH
validation,GRD,9c418af4acd217d1v,9c418af4acd217d1v_056.23327304000000026463_005.65667619099999985366,S1B_IW_GRDH_1SDV_20200527T054813_20200527T054838_021763_0294E5_40F3,56.23327304,5.656676191,22897.0,1996.0,2000.0,22893.0,1992.0,22901.0,64.36593835,ais/manual,True,False,9999.99,9999.99,HIGH
validation,GRD,9c418af4acd217d1v,9c418af4acd217d1v_057.14999278999999887674_005.88014341700000020552,S1B_IW_GRDH_1SDV_20200527T054813_20200527T054838_021763_0294E5_40F3,57.14999279,5.880143417,23172.0,12199.0,12204.0,23165.0,12194.0,23177.0,76.425,ais/manual,True,True,9999.99,9999.99,HIGH
validation,GRD,9c418af4acd217d1v,9c418af4acd217d1v_056.39824325000000015962_007.80898745100000013508,S1B_IW_GRDH_1SDV_20200527T054813_20200527T054838_021763_0294E5_40F3,56.39824325,7.808987451,10100.0,6037.0,6039.0,10098.0,6035.0,10102.0,14.02,ais/manual,True,True,9999.99,9999.99,HIGH
validation,GRD,9c418af4acd217d1v,9c418af4acd217d1v_056.58789698999999728812_006.40344432000000018945,S1B_IW_GRDH_1SDV_20200527T054813_20200527T054838_021763_0294E5_40F3,56.58789699,6.40344432,18996.0,6589.0,6595.0,18992.0,6584.0,19000.0,42.0,ais/manual,True,True,9999.99,9999.99,HIGH
validation,GRD,9c418af4acd217d1v,9c418af4acd217d1v_056.08730330000000208202_005.31104724299999997328,S1B_IW_GRDH_1SDV_20200527T054813_20200527T054838_021763_0294E5_40F3,56.0873033,5.311047243,24762.0,77.0,83.0,24760.0,71.0,24765.0,42.3,ais/manual,True,True,9999.99,9999.99,HIGH
validation,GRD,9c418af4acd217d1v,9c418af4acd217d1v_056.13433914000000157785_005.57656213799999989078,S1B_IW_GRDH_1SDV_20200527T054813_20200527T054838_021763_0294E5_40F3,56.13433914,5.576562138,23213.0,841.0,851.0,23208.0,831.0,23217.0,73.91738316,ais/manual,True,False,9999.99,9999.99,HIGH
validation,GRD,9c418af4acd217d1v,9c418af4acd217d1v_056.50023337999999739623_007.03244376800000026151,S1B_IW_GRDH_1SDV_20200527T054813_20200527T054838_021763_0294E5_40F3,56.50023338,7.032443767999999,15016.0,6288.0,6306.0,15007.0,6271.0,15025.0,185.515393,ais/manual,True,False,9999.99,9999.99,HIGH
validation,GRD,9c418af4acd217d1v,9c418af4acd217d1v_057.38084435999999755040_006.09901856200000036523,S1B_IW_GRDH_1SDV_20200527T054813_20200527T054838_021763_0294E5_40F3,57.38084436,6.099018562,22281.0,14921.0,14929.0,22276.0,14913.0,22285.0,15.93177041,ais/manual,True,True,9999.99,9999.99,HIGH
validation,GRD,9c418af4acd217d1v,9c418af4acd217d1v_056.09647962999999748490_006.09121282200000013773,S1B_IW_GRDH_1SDV_20200527T054813_20200527T054838_021763_0294E5_40F3,56.09647963,6.091212822,19985.0,933.0,943.0,19973.0,922.0,19997.0,150.1747229,ais/manual,True,False,9999.99,9999.99,HIGH
validation,GRD,9c418af4acd217d1v,9c418af4acd217d1v_057.09362737000000009857_006.14759125900000036324,S1B_IW_GRDH_1SDV_20200527T054813_20200527T054838_021763_0294E5_40F3,57.09362737,6.147591259,21471.0,11839.0,11843.0,21466.0,11835.0,21477.0,63.97,ais/manual,True,True,9999.99,9999.99,HIGH
validation,GRD,9c418af4acd217d1v,9c418af4acd217d1v_056.59824824999999748343_007.47921831100000034098,S1B_IW_GRDH_1SDV_20200527T054813_20200527T054838_021763_0294E5_40F3,56.59824825,7.479218311,12511.0,7832.0,7843.0,12502.0,7820.0,12520.0,130.55182620000002,ais/manual,True,False,9999.99,9999.99,HIGH
validation,GRD,9c418af4acd217d1v,9c418af4acd217d1v_056.62114418000000171105_006.45088430800000001142,S1B_IW_GRDH_1SDV_20200527T054813_20200527T054838_021763_0294E5_40F3,56.62114418,6.450884307999999,18772.0,6998.0,7006.0,18766.0,6991.0,18776.0,40.9,ais/manual,True,True,9999.99,9999.99,HIGH
validation,GRD,9c418af4acd217d1v,9c418af4acd217d1v_056.86229312999999763178_006.52768858700000009776,S1B_IW_GRDH_1SDV_20200527T054813_20200527T054838_021763_0294E5_40F3,56.86229313,6.527688587,18764.0,9696.0,9699.0,18761.0,9692.0,18765.0,19.20514171,ais/manual,True,True,9999.99,9999.99,HIGH
validation,GRD,9c418af4acd217d1v,9c418af4acd217d1v_057.17729191000000099621_005.57594457400000020897,S1B_IW_GRDH_1SDV_20200527T054813_20200527T054838_021763_0294E5_40F3,57.17729191,5.575944573999998,25037.0,12216.0,12220.0,25035.0,12212.0,25040.0,20.47,ais/manual,True,True,9999.99,9999.99,HIGH
validation,GRD,9c418af4acd217d1v,9c418af4acd217d1v_056.87289169999999671745_006.99895886499999964059,S1B_IW_GRDH_1SDV_20200527T054813_20200527T054838_021763_0294E5_40F3,56.8728917,6.998958865,15953.0,10293.0,10296.0,15950.0,10289.0,15956.0,20.3415132,ais/manual,True,True,9999.99,9999.99,HIGH
validation,GRD,9c418af4acd217d1v,9c418af4acd217d1v_057.08498989999999650991_008.47114838599999941948,S1B_IW_GRDH_1SDV_20200527T054813_20200527T054838_021763_0294E5_40F3,57.0849899,8.471148386,7596.0,14203.0,14208.0,7592.0,14197.0,7599.0,21.915,ais/manual,True,True,4.181050864418633,3.627511257342513,HIGH
validation,GRD,9c418af4acd217d1v,9c418af4acd217d1v_056.99500377999999756184_007.55295073100000013966,S1B_IW_GRDH_1SDV_20200527T054813_20200527T054838_021763_0294E5_40F3,56.99500378,7.552950731,12879.0,12204.0,12212.0,12875.0,12197.0,12884.0,40.2,ais/manual,True,True,9999.99,9999.99,HIGH
validation,GRD,9c418af4acd217d1v,9c418af4acd217d1v_056.44291975000000149976_007.54155628999999994022,S1B_IW_GRDH_1SDV_20200527T054813_20200527T054838_021763_0294E5_40F3,56.44291975,7.54155629,11815.0,6220.0,6224.0,11810.0,6217.0,11819.0,16.13,ais/manual,True,True,9999.99,9999.99,HIGH
validation,GRD,9c418af4acd217d1v,9c418af4acd217d1v_057.12676837000000062972_008.59295073100000017519,S1B_IW_GRDH_1SDV_20200527T054813_20200527T054838_021763_0294E5_40F3,57.12676837,8.592950731,6964.0,14794.0,14799.0,6959.0,14789.0,6968.0,20.26144935,ais/manual,True,True,0.3979248793930202,0.5186519773886513,HIGH
validation,GRD,9c418af4acd217d1v,9c418af4acd217d1v_056.48425770000000056825_006.57166731500000000921,S1B_IW_GRDH_1SDV_20200527T054813_20200527T054838_021763_0294E5_40F3,56.48425770000001,6.571667315,17780.0,5634.0,5638.0,17777.0,5631.0,17783.0,30.15,ais/manual,True,True,9999.99,9999.99,HIGH
validation,GRD,9c418af4acd217d1v,9c418af4acd217d1v_057.16652229000000318138_005.76971272299999959898,S1B_IW_GRDH_1SDV_20200527T054813_20200527T054838_021763_0294E5_40F3,57.16652229,5.769712723,23861.0,12277.0,12281.0,23857.0,12272.0,23864.0,22.96,ais/manual,True,True,9999.99,9999.99,HIGH
validation,GRD,9c418af4acd217d1v,9c418af4acd217d1v_057.16226114999999907695_008.56858703099999985398,S1B_IW_GRDH_1SDV_20200527T054813_20200527T054838_021763_0294E5_40F3,57.16226115,8.568587031,7187.0,15148.0,15153.0,7184.0,15143.0,7189.0,22.75,ais/manual,True,True,4.497080600858348,4.652664137316513,HIGH
validation,GRD,9c418af4acd217d1v,9c418af4acd217d1v_056.70429233000000124321_008.15229695100000029129,S1B_IW_GRDH_1SDV_20200527T054813_20200527T054838_021763_0294E5_40F3,56.70429233,8.152296951,8678.0,9731.0,9737.0,8673.0,9726.0,8683.0,44.4,ais/manual,True,True,2.8368378294053214,2.971438799821364,HIGH
validation,GRD,9c418af4acd217d1v,9c418af4acd217d1v_056.62979270000000298069_006.50508979800000020077,S1B_IW_GRDH_1SDV_20200527T054813_20200527T054838_021763_0294E5_40F3,56.6297927,6.505089797999999,18460.0,7147.0,7153.0,18455.0,7141.0,18465.0,49.95,ais/manual,True,True,9999.99,9999.99,HIGH
validation,GRD,9c418af4acd217d1v,9c418af4acd217d1v_056.58710917999999878703_005.30366817699999959501,S1B_IW_GRDH_1SDV_20200527T054813_20200527T054838_021763_0294E5_40F3,56.58710918,5.303668177,25664.0,5525.0,5527.0,25662.0,5523.0,25666.0,23.35,ais/manual,True,True,9999.99,9999.99,HIGH
validation,GRD,9c418af4acd217d1v,9c418af4acd217d1v_056.65143620999999996002_006.10978076800000025059,S1B_IW_GRDH_1SDV_20200527T054813_20200527T054838_021763_0294E5_40F3,56.65143621,6.109780767999999,20892.0,6989.0,7009.0,20884.0,6969.0,20900.0,67.38990455,ais/manual,True,False,9999.99,9999.99,HIGH
validation,GRD,9c418af4acd217d1v,9c418af4acd217d1v_057.01541404999999684833_007.43472257400000025029,S1B_IW_GRDH_1SDV_20200527T054813_20200527T054838_021763_0294E5_40F3,57.01541405,7.4347225739999985,13627.0,12298.0,12302.0,13623.0,12294.0,13630.0,40.2,ais/manual,True,True,9999.99,9999.99,HIGH
validation,GRD,9c418af4acd217d1v,9c418af4acd217d1v_056.37997256999999962090_006.91555132700000019241,S1B_IW_GRDH_1SDV_20200527T054813_20200527T054838_021763_0294E5_40F3,56.37997257,6.915551327,15489.0,4861.0,4865.0,15485.0,4857.0,15492.0,22.0,ais/manual,True,True,9999.99,9999.99,HIGH
validation,GRD,9c418af4acd217d1v,9c418af4acd217d1v_056.89881465999999932137_005.60346352799999980476,S1B_IW_GRDH_1SDV_20200527T054813_20200527T054838_021763_0294E5_40F3,56.89881466,5.603463528,24390.0,9202.0,9207.0,24386.0,9198.0,24394.0,61.75,ais/manual,True,True,9999.99,9999.99,HIGH
validation,GRD,9c418af4acd217d1v,9c418af4acd217d1v_057.02669394000000124834_006.14876804000000021233,S1B_IW_GRDH_1SDV_20200527T054813_20200527T054838_021763_0294E5_40F3,57.02669394,6.14876804,21343.0,11111.0,11115.0,21336.0,11106.0,21349.0,65.0,ais/manual,True,True,9999.99,9999.99,HIGH
validation,GRD,9c418af4acd217d1v,9c418af4acd217d1v_056.18419115999999746691_005.24692605300000014523,S1B_IW_GRDH_1SDV_20200527T054813_20200527T054838_021763_0294E5_40F3,56.18419116,5.246926053,25323.0,1074.0,1091.0,25315.0,1057.0,25330.0,95.38475805,ais/manual,True,False,9999.99,9999.99,HIGH
validation,GRD,9c418af4acd217d1v,9c418af4acd217d1v_057.12535813000000217698_008.60138998699999923758,S1B_IW_GRDH_1SDV_20200527T054813_20200527T054838_021763_0294E5_40F3,57.12535813,8.601389987000001,6911.0,14788.0,14793.0,6905.0,14784.0,6916.0,46.97966064,ais/manual,True,False,0.1465213926705176,0.1187720982667877,HIGH
validation,GRD,9c418af4acd217d1v,9c418af4acd217d1v_056.12186576999999942927_005.31819912799999983122,S1B_IW_GRDH_1SDV_20200527T054813_20200527T054838_021763_0294E5_40F3,56.12186577,5.318199128,24778.0,460.0,464.0,24774.0,457.0,24781.0,39.65,ais/manual,True,True,9999.99,9999.99,HIGH
validation,GRD,9c418af4acd217d1v,9c418af4acd217d1v_057.16430489999999764450_007.54022455099999966421,S1B_IW_GRDH_1SDV_20200527T054813_20200527T054838_021763_0294E5_40F3,57.1643049,7.540224551,13300.0,14023.0,14028.0,13296.0,14017.0,13303.0,24.07,ais/manual,True,True,9999.99,9999.99,HIGH
validation,GRD,9c418af4acd217d1v,9c418af4acd217d1v_057.06509979999999870870_008.23742799000000047727,S1B_IW_GRDH_1SDV_20200527T054813_20200527T054838_021763_0294E5_40F3,57.0650998,8.23742799,8944.0,13721.0,13726.0,8940.0,13715.0,8948.0,17.24,ais/manual,True,True,9999.99,9999.99,HIGH
validation,GRD,9c418af4acd217d1v,9c418af4acd217d1v_057.27637615999999809446_007.94862431499999999573,S1B_IW_GRDH_1SDV_20200527T054813_20200527T054838_021763_0294E5_40F3,57.27637616,7.948624315,11107.0,15679.0,15684.0,11104.0,15674.0,11109.0,22.5,ais/manual,True,True,9999.99,9999.99,HIGH
validation,GRD,9c418af4acd217d1v,9c418af4acd217d1v_056.91520365000000225564_005.51634146499999999946,S1B_IW_GRDH_1SDV_20200527T054813_20200527T054838_021763_0294E5_40F3,56.91520365,5.516341465,24943.0,9301.0,9304.0,24938.0,9297.0,24947.0,64.0,ais/manual,True,True,9999.99,9999.99,HIGH
validation,GRD,9c418af4acd217d1v,9c418af4acd217d1v_057.12639991000000350141_008.59014676600000015583,S1B_IW_GRDH_1SDV_20200527T054813_20200527T054838_021763_0294E5_40F3,57.12639991,8.590146766,6980.0,14787.0,14791.0,6977.0,14782.0,6983.0,14.22,ais/manual,True,True,0.4369624099516058,0.6026151032893523,HIGH
validation,GRD,9c418af4acd217d1v,9c418af4acd217d1v_057.03597217000000085818_006.67093818800000004643,S1B_IW_GRDH_1SDV_20200527T054813_20200527T054838_021763_0294E5_40F3,57.03597217,6.670938187999999,18234.0,11727.0,11731.0,18230.0,11724.0,18237.0,23.48666667,ais/manual,True,True,9999.99,9999.99,HIGH
validation,GRD,9c418af4acd217d1v,9c418af4acd217d1v_057.03943972999999800777_007.49634128699999990886,S1B_IW_GRDH_1SDV_20200527T054813_20200527T054838_021763_0294E5_40F3,57.03943973,7.496341287000001,13308.0,12624.0,12630.0,13304.0,12618.0,13312.0,42.0,ais/manual,True,True,9999.99,9999.99,HIGH
validation,GRD,9c418af4acd217d1v,9c418af4acd217d1v_057.06635726999999747022_007.56996634900000042734,S1B_IW_GRDH_1SDV_20200527T054813_20200527T054838_021763_0294E5_40F3,57.06635727,7.569966348999999,12924.0,12995.0,12998.0,12920.0,12991.0,12927.0,34.40320223,ais/manual,True,True,9999.99,9999.99,HIGH
validation,GRD,9c418af4acd217d1v,9c418af4acd217d1v_056.86296358999999966954_007.48030141100000012244,S1B_IW_GRDH_1SDV_20200527T054813_20200527T054838_021763_0294E5_40F3,56.86296359,7.480301411,13045.0,10697.0,10700.0,13041.0,10694.0,13048.0,17.24,ais/manual,True,True,9999.99,9999.99,HIGH
validation,GRD,9c418af4acd217d1v,9c418af4acd217d1v_057.15652518000000270604_005.85378879599999990546,S1B_IW_GRDH_1SDV_20200527T054813_20200527T054838_021763_0294E5_40F3,57.15652518,5.853788796,23341.0,12246.0,12251.0,23336.0,12240.0,23346.0,42.5,ais/manual,True,True,9999.99,9999.99,HIGH
validation,GRD,9c418af4acd217d1v,9c418af4acd217d1v_056.62970748000000043021_006.45650307599999973007,S1B_IW_GRDH_1SDV_20200527T054813_20200527T054838_021763_0294E5_40F3,56.62970748,6.4565030760000015,18754.0,7097.0,7101.0,18750.0,7092.0,18758.0,40.25,ais/manual,True,True,9999.99,9999.99,HIGH
validation,GRD,9c418af4acd217d1v,9c418af4acd217d1v_057.28550821000000325967_007.15133291700000039981,S1B_IW_GRDH_1SDV_20200527T054813_20200527T054838_021763_0294E5_40F3,57.28550821,7.151332917,15854.0,14926.0,14930.0,15850.0,14923.0,15858.0,21.56355807,ais/manual,True,True,9999.99,9999.99,HIGH
validation,GRD,9c418af4acd217d1v,9c418af4acd217d1v_056.96340596000000289223_005.52977832300000038401,S1B_IW_GRDH_1SDV_20200527T054813_20200527T054838_021763_0294E5_40F3,56.96340596,5.529778323,24945.0,9839.0,9843.0,24942.0,9836.0,24947.0,27.75,ais/manual,True,True,9999.99,9999.99,HIGH
validation,GRD,acf76647ba3f524bv,acf76647ba3f524bv_056.70128972999999916738_011.49536830999999992287,S1B_IW_GRDH_1SDV_20200615T054004_20200615T054029_022040_029D41_AA74,56.70128973,11.49536831,934.0,13740.0,13742.0,932.0,13738.0,936.0,14.99,ais/manual,True,True,1.7360664040842042,1.4810925437077138,HIGH
validation,GRD,acf76647ba3f524bv,acf76647ba3f524bv_057.00886591999999808422_008.35605910900000026231,S1B_IW_GRDH_1SDV_20200615T054004_20200615T054029_022040_029D41_AA74,57.00886592,8.356059109,20389.0,13563.0,13565.0,20387.0,13561.0,20390.0,9.92,ais/manual,True,True,4.1753439807383295,3.84771926961915,HIGH
validation,GRD,acf76647ba3f524bv,acf76647ba3f524bv_056.74383001000000348313_008.09409579100000087237,S1B_IW_GRDH_1SDV_20200615T054004_20200615T054029_022040_029D41_AA74,56.74383001,8.094095791,21479.0,10423.0,10428.0,21472.0,10418.0,21485.0,65.0,ais/manual,True,True,7.65180586892856,7.987642513981856,HIGH
validation,GRD,acf76647ba3f524bv,acf76647ba3f524bv_056.91348308999999972002_008.02659309899999939830,S1B_IW_GRDH_1SDV_20200615T054004_20200615T054029_022040_029D41_AA74,56.91348309,8.026593099,22193.0,12206.0,12207.0,22191.0,12205.0,22194.0,13.96679834,ais/manual,True,True,9999.99,9999.99,HIGH
validation,GRD,acf76647ba3f524bv,acf76647ba3f524bv_057.11953757999999936601_008.24233357299999980228,S1B_IW_GRDH_1SDV_20200615T054004_20200615T054029_022040_029D41_AA74,57.11953758,8.242333573,21273.0,14657.0,14659.0,21270.0,14655.0,21275.0,13.38485645,ais/manual,True,True,9999.99,9999.99,HIGH
validation,GRD,acf76647ba3f524bv,acf76647ba3f524bv_057.01928035000000249966_008.39063164699999930463,S1B_IW_GRDH_1SDV_20200615T054004_20200615T054029_022040_029D41_AA74,57.01928035,8.390631647000001,20201.0,13710.0,13712.0,20199.0,13708.0,20202.0,14.916902599999998,ais/manual,True,True,3.03583386649686,2.7233737611410187,HIGH
validation,GRD,acf76647ba3f524bv,acf76647ba3f524bv_057.12978696999999783657_008.47174474400000043772,S1B_IW_GRDH_1SDV_20200615T054004_20200615T054029_022040_029D41_AA74,57.12978697,8.471744744,19921.0,14991.0,14994.0,19915.0,14988.0,19927.0,76.25,ais/manual,True,True,6.780343927251275,6.578762461909242,HIGH
validation,GRD,acf76647ba3f524bv,acf76647ba3f524bv_056.32604196999999857098_007.98903787199999992907,S1B_IW_GRDH_1SDV_20200615T054004_20200615T054029_022040_029D41_AA74,56.32604197,7.989037872000001,21359.0,5773.0,5776.0,21356.0,5769.0,21361.0,10.27,ais/manual,True,True,8.061116265878386,7.925660436752087,HIGH
validation,GRD,acf76647ba3f524bv,acf76647ba3f524bv_055.72427170999999646028_010.07629110999999966225,S1B_IW_GRDH_1SDV_20200615T054004_20200615T054029_022040_029D41_AA74,55.72427171,10.07629111,7358.0,1509.0,1517.0,7353.0,1500.0,7363.0,51.38526088,ais/manual,True,False,2.282039921612117,1.526220233305681,HIGH
validation,GRD,acf76647ba3f524bv,acf76647ba3f524bv_056.51544834999999977754_007.90485415299999960581,S1B_IW_GRDH_1SDV_20200615T054004_20200615T054029_022040_029D41_AA74,56.51544835,7.904854153,22213.0,7753.0,7758.0,22210.0,7749.0,22216.0,17.24,ais/manual,True,True,9999.99,9999.99,HIGH
validation,GRD,acf76647ba3f524bv,acf76647ba3f524bv_055.60184171000000219465_010.02865326000000045781,S1B_IW_GRDH_1SDV_20200615T054004_20200615T054029_022040_029D41_AA74,55.60184171,10.02865326,7388.0,133.0,138.0,7386.0,128.0,7390.0,15.99,ais/manual,True,True,4.715483401262567,4.819476496755741,HIGH
validation,GRD,acf76647ba3f524bv,acf76647ba3f524bv_057.22996524999999934380_008.03549848699999991197,S1B_IW_GRDH_1SDV_20200615T054004_20200615T054029_022040_029D41_AA74,57.22996525,8.035498487,22707.0,15663.0,15667.0,22703.0,15658.0,22709.0,27.75,ais/manual,True,True,9999.99,9999.99,HIGH
validation,GRD,acf76647ba3f524bv,acf76647ba3f524bv_055.82221082000000222934_010.24818997000000031505,S1B_IW_GRDH_1SDV_20200615T054004_20200615T054029_022040_029D41_AA74,55.82221082,10.24818997,6512.0,2768.0,2771.0,6510.0,2765.0,6514.0,22.87546073,ais/manual,True,False,3.7860995946482734,3.506254666650963,HIGH
validation,GRD,acf76647ba3f524bv,acf76647ba3f524bv_056.15365066999999754671_010.66382577000000075884,S1B_IW_GRDH_1SDV_20200615T054004_20200615T054029_022040_029D41_AA74,56.15365067,10.66382577,4701.0,6834.0,6837.0,4699.0,6832.0,4704.0,,ais/manual,True,False,0.1804282984006201,0.0448018814464685,HIGH
validation,GRD,acf76647ba3f524bv,acf76647ba3f524bv_056.96601599000000248907_007.89397180599999970241,S1B_IW_GRDH_1SDV_20200615T054004_20200615T054029_022040_029D41_AA74,56.96601599,7.8939718060000015,23083.0,12653.0,12670.0,23075.0,12635.0,23092.0,144.36207919999995,ais/manual,True,False,9999.99,9999.99,HIGH
validation,GRD,acf76647ba3f524bv,acf76647ba3f524bv_056.17155713999999733232_007.39231181300000006473,S1B_IW_GRDH_1SDV_20200615T054004_20200615T054029_022040_029D41_AA74,56.17155714,7.392311812999999,24737.0,3518.0,3521.0,24735.0,3514.0,24739.0,23.98,ais/manual,True,True,9999.99,9999.99,HIGH
validation,GRD,acf76647ba3f524bv,acf76647ba3f524bv_057.25556347999999928788_008.77443683199999924227,S1B_IW_GRDH_1SDV_20200615T054004_20200615T054029_022040_029D41_AA74,57.25556348,8.774436832000001,18354.0,16659.0,16662.0,18350.0,16656.0,18356.0,17.24,ais/manual,True,True,9999.99,9999.99,HIGH
validation,GRD,acf76647ba3f524bv,acf76647ba3f524bv_057.04156283999999743628_008.39125571599999986461,S1B_IW_GRDH_1SDV_20200615T054004_20200615T054029_022040_029D41_AA74,57.04156284,8.391255716,20239.0,13953.0,13955.0,20236.0,13951.0,20241.0,14.67,ais/manual,True,True,4.261281546240853,4.0374819173950645,HIGH
validation,GRD,acf76647ba3f524bv,acf76647ba3f524bv_056.71344778999999647340_008.12978715600000079178,S1B_IW_GRDH_1SDV_20200615T054004_20200615T054029_022040_029D41_AA74,56.71344779,8.129787156,21208.0,10127.0,10132.0,21203.0,10122.0,21214.0,30.28912866,ais/manual,True,False,4.50195725200807,4.8793260863201855,HIGH
validation,GRD,acf76647ba3f524bv,acf76647ba3f524bv_057.20053465000000159080_008.17960135999999948808,S1B_IW_GRDH_1SDV_20200615T054004_20200615T054029_022040_029D41_AA74,57.20053465,8.17960136,21794.0,15479.0,15483.0,21790.0,15474.0,21798.0,93.92946302,ais/manual,True,False,9999.99,9999.99,HIGH
validation,GRD,acf76647ba3f524bv,acf76647ba3f524bv_056.00142592000000263397_008.03649540099999981635,S1B_IW_GRDH_1SDV_20200615T054004_20200615T054029_022040_029D41_AA74,56.00142592,8.036495401,20476.0,2287.0,2289.0,20474.0,2285.0,20478.0,22.65,ais/manual,True,True,4.528702587051038,4.239005080893333,HIGH
validation,GRD,acf76647ba3f524bv,acf76647ba3f524bv_057.11562720999999953619_008.54955726400000060039,S1B_IW_GRDH_1SDV_20200615T054004_20200615T054029_022040_029D41_AA74,57.11562721,8.549557264,19430.0,14914.0,14918.0,19426.0,14911.0,19433.0,15.261088399999998,ais/manual,True,True,1.8909544687455744,1.7869156352354645,HIGH
validation,GRD,acf76647ba3f524bv,acf76647ba3f524bv_057.27266076000000083468_008.12459856299999927387,S1B_IW_GRDH_1SDV_20200615T054004_20200615T054029_022040_029D41_AA74,57.27266076,8.124598563,22252.0,16212.0,16220.0,22242.0,16204.0,22261.0,139.9919898,ais/manual,True,False,9999.99,9999.99,HIGH
validation,GRD,acf76647ba3f524bv,acf76647ba3f524bv_057.17769014000000282749_008.69469014499999914847,S1B_IW_GRDH_1SDV_20200615T054004_20200615T054029_022040_029D41_AA74,57.17769014,8.694690145,18681.0,15733.0,15737.0,18677.0,15729.0,18684.0,11.99,ais/manual,True,True,6.908490494064292,6.523431231694455,HIGH
validation,GRD,acf76647ba3f524bv,acf76647ba3f524bv_056.49852108999999700245_011.03275713000000024522,S1B_IW_GRDH_1SDV_20200615T054004_20200615T054029_022040_029D41_AA74,56.49852109,11.03275713,3245.0,10991.0,10994.0,3243.0,10987.0,3248.0,27.75947879,ais/manual,True,False,6.856394853255904,6.7796767206785,HIGH
validation,GRD,acf76647ba3f524bv,acf76647ba3f524bv_056.14088971999999699847_010.29631874000000024694,S1B_IW_GRDH_1SDV_20200615T054004_20200615T054029_022040_029D41_AA74,56.14088972,10.29631874,6912.0,6258.0,6260.0,6910.0,6256.0,6915.0,27.43737718,ais/manual,True,False,2.957650417948177,4.191095848455673,HIGH
validation,GRD,acf76647ba3f524bv,acf76647ba3f524bv_056.58628088999999761199_011.14201951000000079262,S1B_IW_GRDH_1SDV_20200615T054004_20200615T054029_022040_029D41_AA74,56.58628089,11.14201951,2788.0,12067.0,12070.0,2786.0,12065.0,2790.0,30.41921734,ais/manual,True,False,9999.99,9999.99,HIGH
validation,GRD,acf76647ba3f524bv,acf76647ba3f524bv_056.69120113000000316106_008.14777055699999941396,S1B_IW_GRDH_1SDV_20200615T054004_20200615T054029_022040_029D41_AA74,56.69120113,8.147770557000001,21059.0,9902.0,9907.0,21055.0,9898.0,21062.0,54.71578313,ais/manual,True,False,2.520337335447152,2.887561598686,HIGH
validation,GRD,acf76647ba3f524bv,acf76647ba3f524bv_055.85801098000000308730_010.26227878000000082181,S1B_IW_GRDH_1SDV_20200615T054004_20200615T054029_022040_029D41_AA74,55.85801098,10.26227878,6504.0,3170.0,3176.0,6500.0,3165.0,6507.0,18.290152,ais/manual,True,False,2.5924318294963613,2.482003521748483,HIGH
validation,GRD,acf76647ba3f524bv,acf76647ba3f524bv_057.04690332999999924368_008.38111396999999946900,S1B_IW_GRDH_1SDV_20200615T054004_20200615T054029_022040_029D41_AA74,57.04690333,8.38111397,20309.0,14001.0,14005.0,20306.0,13997.0,20311.0,21.915,ais/manual,True,True,5.084805920606552,4.858182188016396,HIGH
validation,GRD,acf76647ba3f524bv,acf76647ba3f524bv_056.46818447999999790454_007.76110122199999974413,S1B_IW_GRDH_1SDV_20200615T054004_20200615T054029_022040_029D41_AA74,56.46818448,7.761101222000001,23003.0,7101.0,7104.0,23000.0,7097.0,23005.0,16.13,ais/manual,True,True,9999.99,9999.99,HIGH
validation,GRD,acf76647ba3f524bv,acf76647ba3f524bv_056.07381158999999826165_011.09710663000000074874,S1B_IW_GRDH_1SDV_20200615T054004_20200615T054029_022040_029D41_AA74,56.07381159,11.09710663,1881.0,6509.0,6524.0,1873.0,6494.0,1890.0,169.0576833,ais/manual,True,False,9999.99,9999.99,HIGH
validation,GRD,acf76647ba3f524bv,acf76647ba3f524bv_056.17295782000000059497_007.94860924400000001810,S1B_IW_GRDH_1SDV_20200615T054004_20200615T054029_022040_029D41_AA74,56.17295782,7.948609244,21328.0,4067.0,4072.0,21325.0,4061.0,21331.0,16.99,ais/manual,True,True,9999.99,9999.99,HIGH
validation,GRD,acf76647ba3f524bv,acf76647ba3f524bv_057.12541463000000163674_008.60130267199999920535,S1B_IW_GRDH_1SDV_20200615T054004_20200615T054029_022040_029D41_AA74,57.12541463,8.601302672000001,19139.0,15072.0,15077.0,19132.0,15067.0,19147.0,46.63810518,ais/manual,True,False,0.1553479577693334,0.2502868660867985,HIGH
validation,GRD,acf76647ba3f524bv,acf76647ba3f524bv_057.09945845000000019809_008.11217893499999931350,S1B_IW_GRDH_1SDV_20200615T054004_20200615T054029_022040_029D41_AA74,57.09945845,8.112178935,22014.0,14313.0,14322.0,22005.0,14305.0,22022.0,164.74607450000005,ais/manual,True,False,9999.99,9999.99,HIGH
validation,GRD,acf76647ba3f524bv,acf76647ba3f524bv_057.19220358999999831440_008.40731284099999953696,S1B_IW_GRDH_1SDV_20200615T054004_20200615T054029_022040_029D41_AA74,57.19220359,8.407312841,20421.0,15607.0,15615.0,20414.0,15600.0,20428.0,33.75,ais/manual,True,True,9999.99,9999.99,HIGH
validation,GRD,acf76647ba3f524bv,acf76647ba3f524bv_057.13963988999999799034_008.18177530100000005575,S1B_IW_GRDH_1SDV_20200615T054004_20200615T054029_022040_029D41_AA74,57.13963989,8.181775301,21671.0,14818.0,14820.0,21668.0,14815.0,21673.0,42.45,ais/manual,True,True,9999.99,9999.99,HIGH
validation,GRD,acf76647ba3f524bv,acf76647ba3f524bv_056.12988090999999712949_010.25733373999999997750,S1B_IW_GRDH_1SDV_20200615T054004_20200615T054029_022040_029D41_AA74,56.12988091,10.25733374,7126.0,6093.0,6096.0,7123.0,6090.0,7128.0,54.1848181,ais/manual,True,False,1.9447579484056787,1.7781369686826278,HIGH
validation,GRD,acf76647ba3f524bv,acf76647ba3f524bv_057.05224508999999954995_007.91234655099999972805,S1B_IW_GRDH_1SDV_20200615T054004_20200615T054029_022040_029D41_AA74,57.05224509,7.9123465510000015,23126.0,13610.0,13618.0,23120.0,13602.0,23131.0,110.437128,ais/manual,True,False,9999.99,9999.99,HIGH
validation,GRD,acf76647ba3f524bv,acf76647ba3f524bv_055.69870020999999837841_010.98785112000000019350,S1B_IW_GRDH_1SDV_20200615T054004_20200615T054029_022040_029D41_AA74,55.69870021,10.98785112,1687.0,2346.0,2352.0,1676.0,2340.0,1697.0,98.64087147,ais/manual,True,False,1.72288559188017,1.1422461194696107,HIGH
validation,GRD,acf76647ba3f524bv,acf76647ba3f524bv_057.24871047999999973399_008.16958194200000065166,S1B_IW_GRDH_1SDV_20200615T054004_20200615T054029_022040_029D41_AA74,57.24871048,8.169581942,21941.0,15994.0,15996.0,21938.0,15992.0,21943.0,19.26337141,ais/manual,True,True,9999.99,9999.99,HIGH
validation,GRD,acf76647ba3f524bv,acf76647ba3f524bv_056.35975349000000278465_008.01355715200000062737,S1B_IW_GRDH_1SDV_20200615T054004_20200615T054029_022040_029D41_AA74,56.35975349,8.013557152,21270.0,6164.0,6166.0,21268.0,6162.0,21272.0,12.5,ais/manual,True,True,6.443689920651362,6.440573469405607,HIGH
validation,GRD,acf76647ba3f524bv,acf76647ba3f524bv_056.13293606999999951768_007.77849996199999971225,S1B_IW_GRDH_1SDV_20200615T054004_20200615T054029_022040_029D41_AA74,56.13293607,7.778499962000001,22300.0,3465.0,3467.0,22297.0,3463.0,22301.0,11.66,ais/manual,True,True,9999.99,9999.99,HIGH
validation,GRD,acf76647ba3f524bv,acf76647ba3f524bv_056.14674193999999829430_010.30375918000000012853,S1B_IW_GRDH_1SDV_20200615T054004_20200615T054029_022040_029D41_AA74,56.14674194,10.30375918,6880.0,6330.0,6339.0,6867.0,6321.0,6892.0,151.506987,ais/manual,True,False,3.2731672786124792,4.632466503378741,HIGH
validation,GRD,acf76647ba3f524bv,acf76647ba3f524bv_056.16253602999999827716_007.95936063999999987573,S1B_IW_GRDH_1SDV_20200615T054004_20200615T054029_022040_029D41_AA74,56.16253603,7.95936064,21243.0,3964.0,3969.0,21239.0,3959.0,21246.0,21.79,ais/manual,True,True,9.67727780391068,9.45553589028214,HIGH
validation,GRD,acf76647ba3f524bv,acf76647ba3f524bv_056.68073119000000303913_007.51155971100000030560,S1B_IW_GRDH_1SDV_20200615T054004_20200615T054029_022040_029D41_AA74,56.68073119,7.511559711,24890.0,9185.0,9201.0,24880.0,9168.0,24898.0,200.3121839,ais/manual,True,False,9999.99,9999.99,HIGH
validation,GRD,acf76647ba3f524bv,acf76647ba3f524bv_056.96149761000000211197_007.87091713700000017440,S1B_IW_GRDH_1SDV_20200615T054004_20200615T054029_022040_029D41_AA74,56.96149761,7.870917137,23214.0,12582.0,12585.0,23211.0,12579.0,23215.0,11.97,ais/manual,True,True,9999.99,9999.99,HIGH
validation,GRD,acf76647ba3f524bv,acf76647ba3f524bv_057.20448509999999942011_008.52844712899999990441,S1B_IW_GRDH_1SDV_20200615T054004_20200615T054029_022040_029D41_AA74,57.2044851,8.528447129,19722.0,15860.0,15864.0,19718.0,15855.0,19725.0,18.27327438,ais/manual,True,True,9.76989625884531,9999.99,HIGH
validation,GRD,acf76647ba3f524bv,acf76647ba3f524bv_057.21010937999999867998_008.43301763200000031873,S1B_IW_GRDH_1SDV_20200615T054004_20200615T054029_022040_029D41_AA74,57.21010938,8.433017632,20301.0,15827.0,15831.0,20299.0,15824.0,20303.0,20.26144935,ais/manual,True,True,9999.99,9999.99,HIGH
validation,GRD,8204efcfe9f09f94v,8204efcfe9f09f94v_044.42802307000000183734_012.70009437999999946101,S1B_IW_GRDH_1SDV_20200620T165738_20200620T165803_022120_029FAC_17D8,44.42802307,12.70009438,3855.0,8411.0,8419.0,3846.0,8404.0,3865.0,108.6715135,ais/manual,True,False,9999.99,9999.99,HIGH
validation,GRD,8204efcfe9f09f94v,8204efcfe9f09f94v_044.51203263000000021066_012.33256124999999947534,S1B_IW_GRDH_1SDV_20200620T165738_20200620T165803_022120_029FAC_17D8,44.51203263,12.33256125,1162.0,6970.0,6975.0,1158.0,6966.0,1166.0,60.71933764,ais/manual,True,False,3.890859574528056,3.7258906142923847,HIGH
validation,GRD,8204efcfe9f09f94v,8204efcfe9f09f94v_043.98905220000000326763_013.26693625999999959220,S1B_IW_GRDH_1SDV_20200620T165738_20200620T165803_022120_029FAC_17D8,43.9890522,13.26693626,7399.0,13944.0,13947.0,7394.0,13942.0,7404.0,58.76440152,ais/manual,True,False,9999.99,9999.99,HIGH
validation,GRD,8204efcfe9f09f94v,8204efcfe9f09f94v_044.50548436999999779573_012.41576169999999912363,S1B_IW_GRDH_1SDV_20200620T165738_20200620T165803_022120_029FAC_17D8,44.50548437,12.4157617,1797.0,7163.0,7167.0,1794.0,7160.0,1802.0,90.98246639,ais/manual,True,False,9.761301718959006,9999.99,HIGH
validation,GRD,8204efcfe9f09f94v,8204efcfe9f09f94v_045.27660514000000091528_013.30441682999999919446,S1B_IW_GRDH_1SDV_20200620T165738_20200620T165803_022120_029FAC_17D8,45.27660514,13.30441683,10285.0,129.0,133.0,10281.0,126.0,10289.0,16.15,ais/manual,True,True,9999.99,9999.99,HIGH
validation,GRD,8204efcfe9f09f94v,8204efcfe9f09f94v_044.42902105000000290147_012.65620853999999972928,S1B_IW_GRDH_1SDV_20200620T165738_20200620T165803_022120_029FAC_17D8,44.42902105,12.65620854,3514.0,8336.0,8348.0,3503.0,8326.0,3527.0,162.7608369,ais/manual,True,False,9999.99,9999.99,HIGH
validation,GRD,8204efcfe9f09f94v,8204efcfe9f09f94v_044.68210054000000042151_014.12765646999999979982,S1B_IW_GRDH_1SDV_20200620T165738_20200620T165803_022120_029FAC_17D8,44.68210054,14.12765647,15522.0,7647.0,7653.0,15519.0,7642.0,15525.0,15.56,ais/manual,True,True,6.219502700851023,8.951152768438138,HIGH
validation,GRD,8204efcfe9f09f94v,8204efcfe9f09f94v_044.70745857000000000880_014.15984508000000019479,S1B_IW_GRDH_1SDV_20200620T165738_20200620T165803_022120_029FAC_17D8,44.70745857,14.15984508,15821.0,7416.0,7419.0,15819.0,7412.0,15824.0,14.68554132,ais/manual,True,False,2.494157761863471,8.048741177993634,HIGH
validation,GRD,8204efcfe9f09f94v,8204efcfe9f09f94v_044.01860101999999841382_015.19272622000000083631,S1B_IW_GRDH_1SDV_20200620T165738_20200620T165803_022120_029FAC_17D8,44.01860102,15.19272622,22662.0,16197.0,16202.0,22660.0,16191.0,22665.0,26.09605432,ais/manual,True,True,1.5489482128520091,1.6201282328549698,HIGH
validation,GRD,8204efcfe9f09f94v,8204efcfe9f09f94v_044.39294557000000196467_012.34488591999999940185,S1B_IW_GRDH_1SDV_20200620T165738_20200620T165803_022120_029FAC_17D8,44.39294557,12.34488592,1003.0,8266.0,8268.0,1001.0,8264.0,1006.0,13.36914283,ais/manual,True,False,2.0423754599944224,2.5679619664726983,HIGH
validation,GRD,8204efcfe9f09f94v,8204efcfe9f09f94v_045.06796343999999976404_012.85100644999999985885,S1B_IW_GRDH_1SDV_20200620T165738_20200620T165803_022120_029FAC_17D8,45.06796344,12.85100645,6358.0,1748.0,1756.0,6353.0,1740.0,6362.0,53.86002212,ais/manual,True,False,9999.99,9999.99,HIGH
validation,GRD,8204efcfe9f09f94v,8204efcfe9f09f94v_044.47710897000000329626_013.85245349999999930901,S1B_IW_GRDH_1SDV_20200620T165738_20200620T165803_022120_029FAC_17D8,44.47710897,13.8524535,12975.0,9495.0,9499.0,12972.0,9492.0,12977.0,17.15048251,ais/manual,True,True,9999.99,9999.99,HIGH
validation,GRD,8204efcfe9f09f94v,8204efcfe9f09f94v_044.03317255000000329801_014.22808500000000009322,S1B_IW_GRDH_1SDV_20200620T165738_20200620T165803_022120_029FAC_17D8,44.03317255,14.228085,15067.0,14793.0,14803.0,15058.0,14783.0,15076.0,180.3222356,ais/manual,True,False,9999.99,9999.99,HIGH
validation,GRD,8204efcfe9f09f94v,8204efcfe9f09f94v_044.73968241000000034546_013.93290808999999974560,S1B_IW_GRDH_1SDV_20200620T165738_20200620T165803_022120_029FAC_17D8,44.73968241,13.93290809,14112.0,6768.0,6770.0,14109.0,6766.0,14114.0,17.31347709,ais/manual,True,True,3.019556784557917,3.4758001177921143,HIGH
validation,GRD,8204efcfe9f09f94v,8204efcfe9f09f94v_044.50962581999999656546_012.45181131999999912807,S1B_IW_GRDH_1SDV_20200620T165738_20200620T165803_022120_029FAC_17D8,44.50962582,12.45181132,2088.0,7172.0,7182.0,2081.0,7162.0,2095.0,156.89655180000003,ais/manual,True,False,9999.99,9999.99,HIGH
validation,GRD,8204efcfe9f09f94v,8204efcfe9f09f94v_044.66896377999999856456_014.03878854999999958864,S1B_IW_GRDH_1SDV_20200620T165738_20200620T165803_022120_029FAC_17D8,44.66896378,14.03878855,14802.0,7672.0,7674.0,14801.0,7671.0,14805.0,17.15881348,ais/manual,True,False,9999.99,9999.99,HIGH
validation,GRD,8204efcfe9f09f94v,8204efcfe9f09f94v_044.50370606999999978370_012.46087505000000028588,S1B_IW_GRDH_1SDV_20200620T165738_20200620T165803_022120_029FAC_17D8,44.50370607,12.46087505,2146.0,7249.0,7264.0,2138.0,7234.0,2153.0,156.1500604,ais/manual,True,False,9999.99,9999.99,HIGH
validation,GRD,8204efcfe9f09f94v,8204efcfe9f09f94v_044.13510818999999685275_015.12572298000000081686,S1B_IW_GRDH_1SDV_20200620T165738_20200620T165803_022120_029FAC_17D8,44.13510819,15.12572298,22343.0,14849.0,14852.0,22341.0,14847.0,22345.0,13.65152759,ais/manual,True,False,0.9214277640641876,1.3536739073791468,HIGH
validation,GRD,8204efcfe9f09f94v,8204efcfe9f09f94v_044.75649124000000256274_014.21902226999999996337,S1B_IW_GRDH_1SDV_20200620T165738_20200620T165803_022120_029FAC_17D8,44.75649124,14.21902227,16376.0,6963.0,6972.0,16372.0,6953.0,16381.0,73.08902283,ais/manual,True,False,4.487167754802692,6.668454799813183,HIGH
validation,GRD,8204efcfe9f09f94v,8204efcfe9f09f94v_045.08640173999999944954_012.85018784000000025003,S1B_IW_GRDH_1SDV_20200620T165738_20200620T165803_022120_029FAC_17D8,45.08640174,12.85018784,6389.0,1548.0,1565.0,6380.0,1533.0,6399.0,163.7651649,ais/manual,True,False,9999.99,9999.99,HIGH
validation,GRD,8204efcfe9f09f94v,8204efcfe9f09f94v_045.07065109999999918955_012.47246761999999975501,S1B_IW_GRDH_1SDV_20200620T165738_20200620T165803_022120_029FAC_17D8,45.0706511,12.47246762,3434.0,1179.0,1183.0,3432.0,1175.0,3438.0,33.52138406,ais/manual,True,False,6.053827849801414,6.923670441779377,HIGH
validation,GRD,8204efcfe9f09f94v,8204efcfe9f09f94v_045.19344929999999749271_013.10523217000000073540,S1B_IW_GRDH_1SDV_20200620T165738_20200620T165803_022120_029FAC_17D8,45.1934493,13.10523217,8580.0,752.0,755.0,8577.0,749.0,8582.0,28.99605032,ais/manual,True,False,9999.99,9999.99,HIGH
validation,GRD,8204efcfe9f09f94v,8204efcfe9f09f94v_044.51757616999999811469_012.46115316999999933500,S1B_IW_GRDH_1SDV_20200620T165738_20200620T165803_022120_029FAC_17D8,44.51757617,12.46115317,2177.0,7100.0,7115.0,2169.0,7087.0,2186.0,172.7070786,ais/manual,True,False,9999.99,9999.99,HIGH
validation,GRD,2e80028071b89173v,2e80028071b89173v_059.06779741999999799873_005.32187040799999966367,S1B_IW_GRDH_1SDV_20200719T055554_20200719T055619_022536_02AC5E_4DD3,59.06779742,5.3218704080000006,17947.0,10832.0,10839.0,17938.0,10825.0,17954.0,91.61130703,ais/manual,True,False,3.651305184975544,4.231490377507932,HIGH
validation,GRD,2e80028071b89173v,2e80028071b89173v_058.82872829000000081123_003.99624133799999992078,S1B_IW_GRDH_1SDV_20200719T055554_20200719T055619_022536_02AC5E_4DD3,58.82872829,3.996241338,25048.0,7005.0,7024.0,25040.0,6986.0,25055.0,142.5680764,ais/manual,True,False,9999.99,9999.99,HIGH
validation,GRD,2e80028071b89173v,2e80028071b89173v_058.96027786999999875661_005.52301856099999977090,S1B_IW_GRDH_1SDV_20200719T055554_20200719T055619_022536_02AC5E_4DD3,58.96027787,5.5230185610000015,16604.0,9862.0,9865.0,16600.0,9859.0,16606.0,16.50925152,ais/manual,True,False,0.6413526201364829,2.976323143154751,HIGH
validation,GRD,2e80028071b89173v,2e80028071b89173v_058.58009940000000170812_005.08713643399999959627,S1B_IW_GRDH_1SDV_20200719T055554_20200719T055619_022536_02AC5E_4DD3,58.5800994,5.087136434,18366.0,5305.0,5322.0,18358.0,5288.0,18374.0,126.612639,ais/manual,True,False,9999.99,9999.99,HIGH
validation,GRD,2e80028071b89173v,2e80028071b89173v_059.45459908000000126549_004.60685857699999967707,S1B_IW_GRDH_1SDV_20200719T055554_20200719T055619_022536_02AC5E_4DD3,59.45459908,4.606858577,22675.0,14375.0,14395.0,22667.0,14355.0,22684.0,99.16511521,ais/manual,True,False,9999.99,9999.99,HIGH
validation,GRD,2e80028071b89173v,2e80028071b89173v_057.97310345000000353366_007.60351960399999970974,S1B_IW_GRDH_1SDV_20200719T055554_20200719T055619_022536_02AC5E_4DD3,57.97310345,7.603519604,2598.0,1492.0,1497.0,2592.0,1488.0,2603.0,21.28268153,ais/manual,True,False,0.0780480480801187,3.898804131312435,HIGH
validation,GRD,2e80028071b89173v,2e80028071b89173v_058.83773948000000331149_005.35602272000000034780,S1B_IW_GRDH_1SDV_20200719T055554_20200719T055619_022536_02AC5E_4DD3,58.83773948,5.35602272,17317.0,8367.0,8387.0,17304.0,8346.0,17328.0,176.4377054,ais/manual,True,False,6.143385390615267,9999.99,HIGH
validation,GRD,2e80028071b89173v,2e80028071b89173v_058.55041392999999771973_003.88356563399999998865,S1B_IW_GRDH_1SDV_20200719T055554_20200719T055619_022536_02AC5E_4DD3,58.55041393,3.883565634,25226.0,3867.0,3876.0,25220.0,3858.0,25232.0,70.3,ais/manual,True,True,9999.99,9999.99,HIGH
validation,GRD,2e80028071b89173v,2e80028071b89173v_059.22731087999999743943_005.75907085299999987882,S1B_IW_GRDH_1SDV_20200719T055554_20200719T055619_022536_02AC5E_4DD3,59.22731088,5.759070853,15795.0,12994.0,12998.0,15792.0,12989.0,15798.0,18.07013325,ais/manual,True,False,0.3783448275909549,2.321160176739888,HIGH
validation,GRD,2e80028071b89173v,2e80028071b89173v_058.62286103999999653524_005.15146658499999965386,S1B_IW_GRDH_1SDV_20200719T055554_20200719T055619_022536_02AC5E_4DD3,58.62286104,5.151466585,18079.0,5832.0,5838.0,18075.0,5827.0,18083.0,40.2,ais/manual,True,True,9999.99,9999.99,HIGH
validation,GRD,2e80028071b89173v,2e80028071b89173v_058.84894741000000095710_004.95965496999999988503,S1B_IW_GRDH_1SDV_20200719T055554_20200719T055619_022536_02AC5E_4DD3,58.84894741,4.95965497,19591.0,8105.0,8122.0,19578.0,8088.0,19602.0,216.2569695,ais/manual,True,False,9999.99,9999.99,HIGH
validation,GRD,2e80028071b89173v,2e80028071b89173v_058.92790907999999916456_005.17890613800000032541,S1B_IW_GRDH_1SDV_20200719T055554_20200719T055619_022536_02AC5E_4DD3,58.92790908,5.178906138,18494.0,9174.0,9183.0,18488.0,9164.0,18498.0,79.95376367,ais/manual,True,False,9999.99,9999.99,HIGH
validation,GRD,2e80028071b89173v,2e80028071b89173v_058.31790098999999827356_005.81457603700000014157,S1B_IW_GRDH_1SDV_20200719T055554_20200719T055619_022536_02AC5E_4DD3,58.31790099,5.814576037,13676.0,3196.0,3208.0,13669.0,3182.0,13684.0,101.4249126,ais/manual,True,False,9999.99,9999.99,HIGH
validation,GRD,2e80028071b89173v,2e80028071b89173v_058.34817785999999983915_003.85079028399999989674,S1B_IW_GRDH_1SDV_20200719T055554_20200719T055619_022536_02AC5E_4DD3,58.34817786,3.850790284,25080.0,1630.0,1641.0,25074.0,1618.0,25085.0,56.0,ais/manual,True,True,9999.99,9999.99,HIGH
validation,GRD,2e80028071b89173v,2e80028071b89173v_059.12208343000000354550_005.28999397499999979289,S1B_IW_GRDH_1SDV_20200719T055554_20200719T055619_022536_02AC5E_4DD3,59.12208343,5.289993975,18230.0,11391.0,11400.0,18221.0,11381.0,18239.0,98.50574069,ais/manual,True,False,1.907383415016472,2.7714200149999586,HIGH
validation,GRD,2e80028071b89173v,2e80028071b89173v_058.00055562000000008993_007.29804522900000041119,S1B_IW_GRDH_1SDV_20200719T055554_20200719T055619_022536_02AC5E_4DD3,58.00055562,7.298045228999999,4429.0,1423.0,1431.0,4425.0,1415.0,4432.0,16.01746848,ais/manual,True,False,0.3634080938442535,2.8934683124633254,HIGH
validation,GRD,2e80028071b89173v,2e80028071b89173v_059.08213398000000182719_005.42948334400000032218,S1B_IW_GRDH_1SDV_20200719T055554_20200719T055619_022536_02AC5E_4DD3,59.08213398,5.429483343999999,17367.0,11093.0,11096.0,17364.0,11088.0,17371.0,43.84327415,ais/manual,True,False,0.5273681579150947,1.0469918762910244,HIGH
validation,GRD,2e80028071b89173v,2e80028071b89173v_058.97602566999999851305_005.10723316500000024121,S1B_IW_GRDH_1SDV_20200719T055554_20200719T055619_022536_02AC5E_4DD3,58.97602567,5.107233165,18988.0,9628.0,9636.0,18982.0,9618.0,18993.0,35.47095539,ais/manual,True,False,9999.99,9999.99,HIGH
validation,GRD,2e80028071b89173v,2e80028071b89173v_058.71244516000000146505_004.02525194399999985961,S1B_IW_GRDH_1SDV_20200719T055554_20200719T055619_022536_02AC5E_4DD3,58.71244516,4.025251944,24685.0,5761.0,5772.0,24678.0,5749.0,24693.0,128.91922759999997,ais/manual,True,False,9999.99,9999.99,HIGH
validation,GRD,2e80028071b89173v,2e80028071b89173v_058.33669855000000126211_003.86290136300000019887,S1B_IW_GRDH_1SDV_20200719T055554_20200719T055619_022536_02AC5E_4DD3,58.33669855,3.862901363,24990.0,1515.0,1529.0,24983.0,1501.0,24997.0,54.6,ais/manual,True,True,9999.99,9999.99,HIGH
validation,GRD,2e80028071b89173v,2e80028071b89173v_058.30966693999999961306_004.29349066600000028870,S1B_IW_GRDH_1SDV_20200719T055554_20200719T055619_022536_02AC5E_4DD3,58.30966694,4.293490666,22451.0,1610.0,1620.0,22445.0,1599.0,22455.0,95.61,ais/manual,True,False,9999.99,9999.99,HIGH
validation,GRD,2e80028071b89173v,2e80028071b89173v_058.45385050000000148884_005.63732043100000002056,S1B_IW_GRDH_1SDV_20200719T055554_20200719T055619_022536_02AC5E_4DD3,58.4538505,5.637320431,14968.0,4485.0,4491.0,14959.0,4477.0,14976.0,107.1739541,ais/manual,True,False,8.924575214220974,9.712072253330945,HIGH
validation,GRD,2e80028071b89173v,2e80028071b89173v_058.50042246999999662194_003.95703460899999992506,S1B_IW_GRDH_1SDV_20200719T055554_20200719T055619_022536_02AC5E_4DD3,58.50042247,3.957034609,24718.0,3386.0,3397.0,24712.0,3376.0,24723.0,61.54,ais/manual,True,True,9999.99,9999.99,HIGH
validation,GRD,2e80028071b89173v,2e80028071b89173v_059.40650148999999657917_004.65825352099999978606,S1B_IW_GRDH_1SDV_20200719T055554_20200719T055619_022536_02AC5E_4DD3,59.40650149,4.658253521000001,22300.0,13897.0,13915.0,22293.0,13878.0,22307.0,60.53176800000001,ais/manual,True,False,9999.99,9999.99,HIGH
validation,GRD,f9eb760aaf6e798dv,f9eb760aaf6e798dv_043.97944463000000325792_013.63632357000000006053,S1B_IW_GRDH_1SDV_20200726T165740_20200726T165805_022645_02AFAD_1863,43.97944463,13.63632357,10302.0,14568.0,14581.0,10287.0,14556.0,10317.0,160.493055,ais/manual,True,False,9999.99,9999.99,HIGH
validation,GRD,f9eb760aaf6e798dv,f9eb760aaf6e798dv_044.44889423000000050479_014.25321411000000004776,S1B_IW_GRDH_1SDV_20200726T165740_20200726T165805_022645_02AFAD_1863,44.44889423,14.25321411,16072.0,10335.0,10349.0,16065.0,10322.0,16080.0,151.4937935,ais/manual,True,False,6.731501696220932,6.698913027823472,HIGH
validation,GRD,f9eb760aaf6e798dv,f9eb760aaf6e798dv_044.38470253999999926009_014.64484427999999915926,S1B_IW_GRDH_1SDV_20200726T165740_20200726T165805_022645_02AFAD_1863,44.38470254,14.64484428,19027.0,11538.0,11540.0,19025.0,11535.0,19029.0,27.4,ais/manual,True,False,1.7170000891777728,1.9391996019250164,HIGH
validation,GRD,f9eb760aaf6e798dv,f9eb760aaf6e798dv_044.27056835999999861997_014.10586887999999916588,S1B_IW_GRDH_1SDV_20200726T165740_20200726T165805_022645_02AFAD_1863,44.27056836,14.10586888,14574.0,12067.0,12068.0,14572.0,12066.0,14576.0,18.59062976,ais/manual,True,True,9999.99,9999.99,HIGH
validation,GRD,f9eb760aaf6e798dv,f9eb760aaf6e798dv_045.11649927999999931671_012.36750654000000082533,S1B_IW_GRDH_1SDV_20200726T165740_20200726T165805_022645_02AFAD_1863,45.11649928,12.36750654,2730.0,536.0,541.0,2726.0,532.0,2735.0,17.17,ais/manual,True,True,2.915953926377175,2.9157916187756494,HIGH
validation,GRD,f9eb760aaf6e798dv,f9eb760aaf6e798dv_045.15521531000000265976_013.55856832999999994627,S1B_IW_GRDH_1SDV_20200726T165740_20200726T165805_022645_02AFAD_1863,45.15521531,13.55856833,12020.0,1784.0,1789.0,12017.0,1778.0,12023.0,27.94471175,ais/manual,True,True,2.226603684563218,3.068518516482188,HIGH
validation,GRD,f9eb760aaf6e798dv,f9eb760aaf6e798dv_044.68493806000000034828_014.84491754000000085512,S1B_IW_GRDH_1SDV_20200726T165740_20200726T165805_022645_02AFAD_1863,44.68493806,14.84491754,21144.0,8538.0,8541.0,21141.0,8536.0,21149.0,43.25808407,ais/manual,True,False,0.1624490208751699,0.2923417364993694,HIGH
validation,GRD,f9eb760aaf6e798dv,f9eb760aaf6e798dv_044.82591696000000069944_013.75705065000000004716,S1B_IW_GRDH_1SDV_20200726T165740_20200726T165805_022645_02AFAD_1863,44.82591696,13.75705065,12918.0,5604.0,5608.0,12914.0,5599.0,12922.0,,ais/manual,True,False,5.10267336012792,5.163557288017769,HIGH
validation,GRD,f9eb760aaf6e798dv,f9eb760aaf6e798dv_044.71413945999999839387_012.43607362000000016167,S1B_IW_GRDH_1SDV_20200726T165740_20200726T165805_022645_02AFAD_1863,44.71413946,12.43607362,2409.0,4956.0,4957.0,2408.0,4954.0,2411.0,22.97855326,ais/manual,True,True,8.628638684869623,8.35917038172356,HIGH
validation,GRD,f9eb760aaf6e798dv,f9eb760aaf6e798dv_043.91137402999999750364_013.47908838000000031343,S1B_IW_GRDH_1SDV_20200726T165740_20200726T165805_022645_02AFAD_1863,43.91137403,13.47908838,8924.0,15082.0,15088.0,8918.0,15076.0,8931.0,83.948453,ais/manual,True,False,9999.99,9999.99,HIGH
validation,GRD,f9eb760aaf6e798dv,f9eb760aaf6e798dv_045.12261611000000272043_012.69616410999999978060,S1B_IW_GRDH_1SDV_20200726T165740_20200726T165805_022645_02AFAD_1863,45.12261611,12.69616411,5283.0,943.0,947.0,5281.0,939.0,5285.0,16.95,ais/manual,True,True,9.345851092316671,9999.99,HIGH
validation,GRD,f9eb760aaf6e798dv,f9eb760aaf6e798dv_044.08656921000000039612_012.58076531999999936318,S1B_IW_GRDH_1SDV_20200726T165740_20200726T165805_022645_02AFAD_1863,44.08656921,12.58076532,2210.0,11904.0,11907.0,2208.0,11900.0,2212.0,22.32,ais/manual,True,True,0.6253224754118274,1.1555558312455267,HIGH
validation,GRD,f9eb760aaf6e798dv,f9eb760aaf6e798dv_044.21529621999999903892_013.39792966999999990207,S1B_IW_GRDH_1SDV_20200726T165740_20200726T165805_022645_02AFAD_1863,44.21529622,13.39792967,8900.0,11695.0,11702.0,8895.0,11689.0,8906.0,117.2732685,ais/manual,True,False,9999.99,9999.99,HIGH
validation,GRD,f9eb760aaf6e798dv,f9eb760aaf6e798dv_044.22349790999999896712_013.28089750000000002217,S1B_IW_GRDH_1SDV_20200726T165740_20200726T165805_022645_02AFAD_1863,44.22349791,13.2808975,7997.0,11443.0,11447.0,7992.0,11439.0,8003.0,69.6832755,ais/manual,True,False,9999.99,9999.99,HIGH
validation,GRD,f9eb760aaf6e798dv,f9eb760aaf6e798dv_045.17656150999999908890_012.72886094999999961885,S1B_IW_GRDH_1SDV_20200726T165740_20200726T165805_022645_02AFAD_1863,45.17656151,12.72886095,5647.0,409.0,417.0,5639.0,401.0,5656.0,135.03825580000003,ais/manual,True,False,9999.99,9999.99,HIGH
validation,GRD,f9eb760aaf6e798dv,f9eb760aaf6e798dv_044.67473513000000195916_012.80432440000000049452,S1B_IW_GRDH_1SDV_20200726T165740_20200726T165805_022645_02AFAD_1863,44.67473513,12.8043244,5193.0,5912.0,5915.0,5191.0,5909.0,5197.0,26.44417917,ais/manual,True,False,9999.99,9999.99,HIGH
validation,GRD,f9eb760aaf6e798dv,f9eb760aaf6e798dv_044.26430280999999666847_014.04369692000000036103,S1B_IW_GRDH_1SDV_20200726T165740_20200726T165805_022645_02AFAD_1863,44.26430281,14.04369692,14073.0,12052.0,12054.0,14071.0,12049.0,14076.0,17.15048251,ais/manual,True,True,9999.99,9999.99,HIGH
validation,GRD,f9eb760aaf6e798dv,f9eb760aaf6e798dv_044.26125211000000092554_014.03422516999999913878,S1B_IW_GRDH_1SDV_20200726T165740_20200726T165805_022645_02AFAD_1863,44.26125211,14.03422517,13993.0,12072.0,12074.0,13991.0,12069.0,13995.0,16.35231384,ais/manual,True,True,9999.99,9999.99,HIGH
validation,GRD,f9eb760aaf6e798dv,f9eb760aaf6e798dv_044.46337434000000143897_012.39818058000000000618,S1B_IW_GRDH_1SDV_20200726T165740_20200726T165805_022645_02AFAD_1863,44.46337434,12.39818058,1581.0,7591.0,7605.0,1573.0,7577.0,1589.0,21.7,ais/manual,True,True,8.3124090036027,8.164887902208548,HIGH
validation,GRD,f9eb760aaf6e798dv,f9eb760aaf6e798dv_045.10390506000000243603_012.69679009999999941272,S1B_IW_GRDH_1SDV_20200726T165740_20200726T165805_022645_02AFAD_1863,45.10390506,12.6967901,5249.0,1145.0,1149.0,5246.0,1140.0,5252.0,16.46,ais/manual,True,True,8.83878287414191,9999.99,HIGH
validation,GRD,f9eb760aaf6e798dv,f9eb760aaf6e798dv_044.55440404000000143014_012.82006170999999916660,S1B_IW_GRDH_1SDV_20200726T165740_20200726T165805_022645_02AFAD_1863,44.55440404,12.82006171,5067.0,7228.0,7244.0,5056.0,7212.0,5078.0,142.44463190000005,ais/manual,True,False,9999.99,9999.99,HIGH
validation,GRD,f9eb760aaf6e798dv,f9eb760aaf6e798dv_044.94389618000000297116_013.20591092999999993651,S1B_IW_GRDH_1SDV_20200726T165740_20200726T165805_022645_02AFAD_1863,44.94389618,13.20591093,8866.0,3581.0,3586.0,8863.0,3576.0,8871.0,25.40828301,ais/manual,True,False,9999.99,9999.99,HIGH
validation,GRD,f9eb760aaf6e798dv,f9eb760aaf6e798dv_044.94983043999999949847_014.63034769999999973322,S1B_IW_GRDH_1SDV_20200726T165740_20200726T165805_022645_02AFAD_1863,44.94983044,14.630347699999998,19951.0,5398.0,5401.0,19949.0,5395.0,19954.0,16.9,ais/manual,True,True,2.1537006795968843,1.992019687163629,HIGH
validation,GRD,5c3d986db930f848v,5c3d986db930f848v_066.42158958000000268385_-23.28321465000000145551,S1B_IW_GRDH_1SDV_20200803T075721_20200803T075746_022756_02B2FF_033A,66.42158958,-23.28321465,20174.0,13123.0,13125.0,20172.0,13120.0,20175.0,8.73,ais/manual,True,True,6.5217280621000215,6.238592090012963,HIGH
validation,GRD,5c3d986db930f848v,5c3d986db930f848v_066.34592616999999847849_-23.22716799999999892634,S1B_IW_GRDH_1SDV_20200803T075721_20200803T075746_022756_02B2FF_033A,66.34592617,-23.227168,19773.0,12346.0,12350.0,19771.0,12342.0,19775.0,15.71118752,ais/manual,True,True,1.5292623719834588,0.9288924734328854,HIGH
validation,GRD,5c3d986db930f848v,5c3d986db930f848v_066.41048021000000289860_-23.30012586000000140984,S1B_IW_GRDH_1SDV_20200803T075721_20200803T075746_022756_02B2FF_033A,66.41048021,-23.30012586,20226.0,12989.0,12991.0,20223.0,12986.0,20228.0,7.95,ais/manual,True,True,7.507652399946678,7.005705112724669,HIGH
validation,GRD,5c3d986db930f848v,5c3d986db930f848v_065.86732446999999979198_-24.04651885999999905152,S1B_IW_GRDH_1SDV_20200803T075721_20200803T075746_022756_02B2FF_033A,65.86732447,-24.04651886,22462.0,6504.0,6506.0,22461.0,6502.0,22464.0,19.87044607,ais/manual,True,True,6.801606932833148,6.781080076705463,HIGH
validation,GRD,5c3d986db930f848v,5c3d986db930f848v_066.13229690999999377254_-19.98992583000000067273,S1B_IW_GRDH_1SDV_20200803T075721_20200803T075746_022756_02B2FF_033A,66.13229691,-19.98992583,5036.0,12994.0,12995.0,5034.0,12992.0,5037.0,14.98,ais/manual,True,True,4.958737438809392,5.216376586941748,HIGH
validation,GRD,5c3d986db930f848v,5c3d986db930f848v_065.96593518000000244683_-20.62517562000000026501,S1B_IW_GRDH_1SDV_20200803T075721_20200803T075746_022756_02B2FF_033A,65.96593518,-20.62517562,7413.0,10573.0,10579.0,7409.0,10567.0,7416.0,11.1,ais/manual,True,True,9999.99,9999.99,HIGH
validation,GRD,5c3d986db930f848v,5c3d986db930f848v_065.26248006000000145832_-23.57084466999999960990,S1B_IW_GRDH_1SDV_20200803T075721_20200803T075746_022756_02B2FF_033A,65.26248006,-23.57084467,19097.0,308.0,312.0,19094.0,305.0,19098.0,22.01851621,ais/manual,True,True,9999.99,9999.99,HIGH
validation,GRD,5c3d986db930f848v,5c3d986db930f848v_065.30986124000000359047_-23.70557157000000003677,S1B_IW_GRDH_1SDV_20200803T075721_20200803T075746_022756_02B2FF_033A,65.30986124,-23.70557157,19812.0,712.0,715.0,19809.0,710.0,19813.0,8.41,ais/manual,True,True,9999.99,9999.99,HIGH
validation,GRD,5c3d986db930f848v,5c3d986db930f848v_066.07628744000000153846_-22.94154345999999833339,S1B_IW_GRDH_1SDV_20200803T075721_20200803T075746_022756_02B2FF_033A,66.07628744,-22.94154346,17946.0,9654.0,9660.0,17944.0,9648.0,17949.0,13.77,ais/manual,True,True,2.116196248157164,1.7914720677170983,HIGH
validation,GRD,5c3d986db930f848v,5c3d986db930f848v_065.57508939999999597603_-24.03830259000000069136,S1B_IW_GRDH_1SDV_20200803T075721_20200803T075746_022756_02B2FF_033A,65.5750894,-24.03830259,21860.0,3330.0,3336.0,21856.0,3325.0,21864.0,11.85,ais/manual,True,True,0.8104585363066645,0.8082818743054401,HIGH
validation,GRD,5c3d986db930f848v,5c3d986db930f848v_065.98324671999999679883_-20.70595078999999927305,S1B_IW_GRDH_1SDV_20200803T075721_20200803T075746_022756_02B2FF_033A,65.98324672,-20.70595079,7814.0,10679.0,10683.0,7811.0,10675.0,7816.0,9.97,ais/manual,True,True,9999.99,9999.99,HIGH
validation,GRD,5c3d986db930f848v,5c3d986db930f848v_066.55012539999999887641_-21.73718524999999957004,S1B_IW_GRDH_1SDV_20200803T075721_20200803T075746_022756_02B2FF_033A,66.5501254,-21.73718525,13696.0,15810.0,15822.0,13690.0,15799.0,13701.0,15.48375511,ais/manual,True,True,9999.99,9999.99,HIGH
validation,GRD,5c3d986db930f848v,5c3d986db930f848v_065.63387122999999689910_-24.13324048000000132674,S1B_IW_GRDH_1SDV_20200803T075721_20200803T075746_022756_02B2FF_033A,65.63387123,-24.13324048,22405.0,3896.0,3900.0,22402.0,3893.0,22407.0,17.28159561,ais/manual,True,True,2.867874560400974,2.4295707494627634,HIGH
validation,GRD,5c3d986db930f848v,5c3d986db930f848v_066.55639193000000375378_-22.34673661000000066679,S1B_IW_GRDH_1SDV_20200803T075721_20200803T075746_022756_02B2FF_033A,66.55639193,-22.34673661,16363.0,15350.0,15352.0,16361.0,15347.0,16365.0,8.68,ais/manual,True,True,9999.99,9999.99,HIGH
validation,GRD,5c3d986db930f848v,5c3d986db930f848v_066.35173672999999894273_-23.26613019999999920628,S1B_IW_GRDH_1SDV_20200803T075721_20200803T075746_022756_02B2FF_033A,66.35173673,-23.2661302,19956.0,12378.0,12380.0,19954.0,12376.0,19958.0,13.76208207,ais/manual,True,True,3.2632093171994927,2.539026083189432,HIGH
validation,GRD,5c3d986db930f848v,5c3d986db930f848v_066.21201958000000331594_-21.37782028000000167367,S1B_IW_GRDH_1SDV_20200803T075721_20200803T075746_022756_02B2FF_033A,66.21201958,-21.37782028,11337.0,12494.0,12497.0,11334.0,12491.0,11338.0,12.6,ais/manual,True,True,9999.99,9999.99,HIGH
validation,GRD,5c3d986db930f848v,5c3d986db930f848v_066.14168956999999693380_-20.95691555000000150244,S1B_IW_GRDH_1SDV_20200803T075721_20200803T075746_022756_02B2FF_033A,66.14168957,-20.95691555,9314.0,12135.0,12137.0,9311.0,12133.0,9315.0,8.74,ais/manual,True,True,9999.99,9999.99,HIGH
validation,GRD,5c3d986db930f848v,5c3d986db930f848v_066.25353678000000456905_-23.70355905999999990286,S1B_IW_GRDH_1SDV_20200803T075721_20200803T075746_022756_02B2FF_033A,66.25353678,-23.70355906,21687.0,10969.0,10974.0,21684.0,10963.0,21690.0,12.48279206,ais/manual,True,True,9999.99,9999.99,HIGH
validation,GRD,5c3d986db930f848v,5c3d986db930f848v_065.69029059000000358992_-24.19716134000000096194,S1B_IW_GRDH_1SDV_20200803T075721_20200803T075746_022756_02B2FF_033A,65.69029059,-24.19716134,22801.0,4462.0,4465.0,22799.0,4458.0,22804.0,11.94,ais/manual,True,True,6.109542544039577,5.687096660540504,HIGH
validation,GRD,5c3d986db930f848v,5c3d986db930f848v_066.24210696999999470336_-23.41697316999999856080,S1B_IW_GRDH_1SDV_20200803T075721_20200803T075746_022756_02B2FF_033A,66.24210697,-23.41697317,20396.0,11068.0,11072.0,20392.0,11064.0,20399.0,12.46,ais/manual,True,True,5.084350709185054,4.771612478385629,HIGH
validation,GRD,5c3d986db930f848v,5c3d986db930f848v_066.40940716000000065833_-23.29375393999999843686,S1B_IW_GRDH_1SDV_20200803T075721_20200803T075746_022756_02B2FF_033A,66.40940716,-23.29375394,20196.0,12982.0,12984.0,20193.0,12980.0,20197.0,9.67,ais/manual,True,True,7.272124166002135,6.729949284473304,HIGH
validation,GRD,5c3d986db930f848v,5c3d986db930f848v_066.18266008000000510947_-23.16350004999999967481,S1B_IW_GRDH_1SDV_20200803T075721_20200803T075746_022756_02B2FF_033A,66.18266008,-23.16350005,19153.0,10625.0,10631.0,19150.0,10619.0,19157.0,14.35875214,ais/manual,True,True,3.769743709113847,3.5321346040671253,HIGH
validation,GRD,5c3d986db930f848v,5c3d986db930f848v_066.40509097000000338085_-23.26356563999999949033,S1B_IW_GRDH_1SDV_20200803T075721_20200803T075746_022756_02B2FF_033A,66.40509097,-23.26356564,20054.0,12959.0,12961.0,20052.0,12957.0,20056.0,15.07297879,ais/manual,True,True,6.183729084569826,5.546389645153346,HIGH
validation,GRD,5c3d986db930f848v,5c3d986db930f848v_065.60488521000000616823_-21.09645533999999855723,S1B_IW_GRDH_1SDV_20200803T075721_20200803T075746_022756_02B2FF_033A,65.60488521,-21.09645534,8624.0,6236.0,6239.0,8621.0,6234.0,8627.0,11.51,ais/manual,True,True,7.938254958726967,7.577247141865556,HIGH
validation,GRD,5c3d986db930f848v,5c3d986db930f848v_066.33721583999999893422_-18.87526499999999884949,S1B_IW_GRDH_1SDV_20200803T075721_20200803T075746_022756_02B2FF_033A,66.33721584,-18.875265,720.0,16355.0,16362.0,714.0,16346.0,724.0,14.8,ais/manual,True,True,9999.99,9999.99,HIGH
validation,GRD,5c3d986db930f848v,5c3d986db930f848v_065.79474242000000572261_-24.32346443999999863195,S1B_IW_GRDH_1SDV_20200803T075721_20200803T075746_022756_02B2FF_033A,65.79474242,-24.32346444,23568.0,5504.0,5506.0,23567.0,5502.0,23569.0,14.87010813,ais/manual,True,True,9.780581558602234,8.996129188906696,HIGH
validation,GRD,5c3d986db930f848v,5c3d986db930f848v_066.50483212999999693693_-22.76732179000000044766,S1B_IW_GRDH_1SDV_20200803T075721_20200803T075746_022756_02B2FF_033A,66.50483213,-22.76732179,18087.0,14441.0,14443.0,18086.0,14438.0,18089.0,19.6483285,ais/manual,True,True,5.851160882814874,5.768061851259183,HIGH
validation,GRD,5c3d986db930f848v,5c3d986db930f848v_066.20688563999999587395_-23.09223609000000010383,S1B_IW_GRDH_1SDV_20200803T075721_20200803T075746_022756_02B2FF_033A,66.20688564,-23.09223609,18888.0,10946.0,10948.0,18885.0,10943.0,18890.0,15.3687598,ais/manual,True,True,5.774028661797942,4.512424571040529,HIGH
validation,GRD,5c3d986db930f848v,5c3d986db930f848v_066.08823644999999658012_-24.02363328999999936286,S1B_IW_GRDH_1SDV_20200803T075721_20200803T075746_022756_02B2FF_033A,66.08823645,-24.02363329,22784.0,8926.0,8931.0,22781.0,8921.0,22787.0,9.53,ais/manual,True,True,9999.99,9999.99,HIGH
validation,GRD,5c3d986db930f848v,5c3d986db930f848v_066.06510557000000005701_-23.90967443999999986204,S1B_IW_GRDH_1SDV_20200803T075721_20200803T075746_022756_02B2FF_033A,66.06510557,-23.90967444,22231.0,8761.0,8764.0,22228.0,8757.0,22232.0,9.13,ais/manual,True,True,5.286367385753162,4.488820073446839,HIGH
validation,GRD,5c3d986db930f848v,5c3d986db930f848v_066.64686998000000528464_-22.00639634999999927345,S1B_IW_GRDH_1SDV_20200803T075721_20200803T075746_022756_02B2FF_033A,66.64686998,-22.00639635,15083.0,16619.0,16631.0,15078.0,16607.0,15088.0,9.1,ais/manual,True,True,9999.99,9999.99,HIGH
validation,GRD,5c3d986db930f848v,5c3d986db930f848v_066.07222436000000698186_-24.03875864999999834026,S1B_IW_GRDH_1SDV_20200803T075721_20200803T075746_022756_02B2FF_033A,66.07222436,-24.03875865,22820.0,8740.0,8747.0,22817.0,8733.0,22823.0,17.23229496,ais/manual,True,True,9999.99,9999.99,HIGH
validation,GRD,a6073537a4ea5fb9v,a6073537a4ea5fb9v_057.49363927000000273893_007.69186588699999962415,S1B_IW_GRDH_1SDV_20200807T054752_20200807T054817_022813_02B4C5_9152,57.49363927,7.691865887,13066.0,1071.0,1075.0,13063.0,1068.0,13069.0,28.05,ais/manual,True,True,9999.99,9999.99,HIGH
validation,GRD,a6073537a4ea5fb9v,a6073537a4ea5fb9v_057.86800165999999734368_009.83828240799999953481,S1B_IW_GRDH_1SDV_20200807T054752_20200807T054817_022813_02B4C5_9152,57.86800166,9.838282408,1341.0,7569.0,7572.0,1339.0,7567.0,1343.0,21.75647321,ais/manual,True,True,9999.99,9999.99,HIGH
validation,GRD,a6073537a4ea5fb9v,a6073537a4ea5fb9v_057.49026959999999775164_009.00786775399999939395,S1B_IW_GRDH_1SDV_20200807T054752_20200807T054817_022813_02B4C5_9152,57.4902696,9.007867754,5315.0,2514.0,2515.0,5313.0,2513.0,5316.0,12.90086849,ais/manual,True,True,9999.99,9999.99,HIGH
validation,GRD,a6073537a4ea5fb9v,a6073537a4ea5fb9v_057.70319297000000346998_009.79252133700000015892,S1B_IW_GRDH_1SDV_20200807T054752_20200807T054817_022813_02B4C5_9152,57.70319297,9.792521337,1216.0,5746.0,5749.0,1213.0,5743.0,1219.0,16.74,ais/manual,True,False,9999.99,9999.99,HIGH
validation,GRD,a6073537a4ea5fb9v,a6073537a4ea5fb9v_058.02571048000000075717_007.96321143599999992091,S1B_IW_GRDH_1SDV_20200807T054752_20200807T054817_022813_02B4C5_9152,58.02571048,7.963211436,12573.0,7119.0,7125.0,12569.0,7112.0,12578.0,16.40038607,ais/manual,True,False,2.261988982044636,4.40165692447571,HIGH
validation,GRD,a6073537a4ea5fb9v,a6073537a4ea5fb9v_057.76756636999999727777_009.49942750299999971730,S1B_IW_GRDH_1SDV_20200807T054752_20200807T054817_022813_02B4C5_9152,57.76756637,9.499427503,3074.0,6080.0,6082.0,3072.0,6078.0,3076.0,16.51279675,ais/manual,True,True,9999.99,9999.99,HIGH
validation,GRD,a6073537a4ea5fb9v,a6073537a4ea5fb9v_057.47367836000000096419_007.00465889500000038481,S1B_IW_GRDH_1SDV_20200807T054752_20200807T054817_022813_02B4C5_9152,57.47367836,7.004658895,17082.0,139.0,141.0,17079.0,136.0,17084.0,30.34,ais/manual,True,True,9999.99,9999.99,HIGH
validation,GRD,a6073537a4ea5fb9v,a6073537a4ea5fb9v_057.65598385999999919704_009.77138207800000024861,S1B_IW_GRDH_1SDV_20200807T054752_20200807T054817_022813_02B4C5_9152,57.65598386,9.771382078,1228.0,5214.0,5223.0,1217.0,5204.0,1237.0,174.5337341,ais/manual,True,False,9999.99,9999.99,HIGH
validation,GRD,a6073537a4ea5fb9v,a6073537a4ea5fb9v_057.56416389999999694282_008.49188162499999954491,S1B_IW_GRDH_1SDV_20200807T054752_20200807T054817_022813_02B4C5_9152,57.5641639,8.491881625,8508.0,2714.0,2716.0,8506.0,2712.0,8510.0,27.555,ais/manual,True,True,9999.99,9999.99,HIGH
validation,GRD,a6073537a4ea5fb9v,a6073537a4ea5fb9v_057.55772185000000007449_007.35611186099999958543,S1B_IW_GRDH_1SDV_20200807T054752_20200807T054817_022813_02B4C5_9152,57.55772185,7.356111861,15174.0,1411.0,1414.0,15168.0,1408.0,15179.0,77.1758711,ais/manual,True,False,9999.99,9999.99,HIGH
validation,GRD,a6073537a4ea5fb9v,a6073537a4ea5fb9v_057.96367256999999995060_009.80958431800000063561,S1B_IW_GRDH_1SDV_20200807T054752_20200807T054817_022813_02B4C5_9152,57.96367257,9.809584318,1734.0,8561.0,8566.0,1730.0,8555.0,1738.0,19.13500213,ais/manual,True,True,9999.99,9999.99,HIGH
validation,GRD,a6073537a4ea5fb9v,a6073537a4ea5fb9v_057.42841886000000073409_007.84858468799999986487,S1B_IW_GRDH_1SDV_20200807T054752_20200807T054817_022813_02B4C5_9152,57.42841886,7.848584688,12007.0,535.0,536.0,12006.0,534.0,12008.0,19.22767892,ais/manual,True,True,9999.99,9999.99,HIGH
validation,GRD,a6073537a4ea5fb9v,a6073537a4ea5fb9v_058.19061943999999897414_005.80564105300000043997,S1B_IW_GRDH_1SDV_20200807T054752_20200807T054817_022813_02B4C5_9152,58.19061944,5.805641053,25421.0,6808.0,6819.0,25415.0,6795.0,25425.0,27.4,ais/manual,True,True,9999.99,9999.99,HIGH
validation,GRD,a6073537a4ea5fb9v,a6073537a4ea5fb9v_057.81796849999999921010_009.20420616900000077010,S1B_IW_GRDH_1SDV_20200807T054752_20200807T054817_022813_02B4C5_9152,57.817968500000006,9.204206169,4908.0,6270.0,6274.0,4905.0,6267.0,4912.0,17.49,ais/manual,True,True,9999.99,9999.99,HIGH
validation,GRD,a6073537a4ea5fb9v,a6073537a4ea5fb9v_057.96199518000000239226_005.99867538400000022136,S1B_IW_GRDH_1SDV_20200807T054752_20200807T054817_022813_02B4C5_9152,57.96199518,5.9986753839999984,23898.0,4485.0,4490.0,23890.0,4479.0,23905.0,76.25,ais/manual,True,True,9999.99,9999.99,HIGH
validation,GRD,a6073537a4ea5fb9v,a6073537a4ea5fb9v_057.48342120000000221580_007.67688544600000000173,S1B_IW_GRDH_1SDV_20200807T054752_20200807T054817_022813_02B4C5_9152,57.48342120000001,7.676885446,13133.0,945.0,948.0,13129.0,941.0,13137.0,33.75,ais/manual,True,True,9999.99,9999.99,HIGH
validation,GRD,a6073537a4ea5fb9v,a6073537a4ea5fb9v_057.32055021000000039066_008.51600360299999969982,S1B_IW_GRDH_1SDV_20200807T054752_20200807T054817_022813_02B4C5_9152,57.32055021,8.516003603,7836.0,115.0,119.0,7832.0,111.0,7839.0,36.77990958,ais/manual,True,True,9999.99,9999.99,HIGH
validation,GRD,a6073537a4ea5fb9v,a6073537a4ea5fb9v_057.34584305999999997994_009.13445019999999985316,S1B_IW_GRDH_1SDV_20200807T054752_20200807T054817_022813_02B4C5_9152,57.34584306,9.1344502,4243.0,1111.0,1114.0,4239.0,1108.0,4245.0,18.858865,ais/manual,True,True,9999.99,9999.99,HIGH
validation,GRD,a6073537a4ea5fb9v,a6073537a4ea5fb9v_057.64123459999999710135_009.48563097199999916143,S1B_IW_GRDH_1SDV_20200807T054752_20200807T054817_022813_02B4C5_9152,57.6412346,9.485630972,2861.0,4707.0,4714.0,2853.0,4700.0,2869.0,76.12638085,ais/manual,True,True,9999.99,9999.99,HIGH
validation,GRD,a6073537a4ea5fb9v,a6073537a4ea5fb9v_058.00393186000000156355_009.90051012500000027217,S1B_IW_GRDH_1SDV_20200807T054752_20200807T054817_022813_02B4C5_9152,58.00393186,9.900510125,1303.0,9103.0,9107.0,1300.0,9100.0,1306.0,22.5,ais/manual,True,True,9999.99,9999.99,HIGH
validation,GRD,a6073537a4ea5fb9v,a6073537a4ea5fb9v_057.54118244000000004235_008.77568299500000037483,S1B_IW_GRDH_1SDV_20200807T054752_20200807T054817_022813_02B4C5_9152,57.54118244,8.775682995,6792.0,2791.0,2794.0,6788.0,2789.0,6795.0,16.25,ais/manual,True,True,9999.99,9999.99,HIGH
validation,GRD,a6073537a4ea5fb9v,a6073537a4ea5fb9v_057.56726365000000100736_008.60517885500000012655,S1B_IW_GRDH_1SDV_20200807T054752_20200807T054817_022813_02B4C5_9152,57.56726365,8.605178855,7850.0,2876.0,2885.0,7844.0,2868.0,7855.0,71.17713358,ais/manual,True,False,9999.99,9999.99,HIGH
validation,GRD,a6073537a4ea5fb9v,a6073537a4ea5fb9v_057.47926292999999731137_007.15914831899999981601,S1B_IW_GRDH_1SDV_20200807T054752_20200807T054817_022813_02B4C5_9152,57.47926293,7.159148319,16180.0,357.0,362.0,16176.0,351.0,16185.0,44.1,ais/manual,True,True,9999.99,9999.99,HIGH
validation,GRD,a6073537a4ea5fb9v,a6073537a4ea5fb9v_057.89678787999999798330_009.80403131899999991106,S1B_IW_GRDH_1SDV_20200807T054752_20200807T054817_022813_02B4C5_9152,57.89678788,9.804031319,1608.0,7836.0,7839.0,1605.0,7834.0,1609.0,15.01469545,ais/manual,True,True,9999.99,9999.99,HIGH
validation,GRD,a6073537a4ea5fb9v,a6073537a4ea5fb9v_057.95034649000000115393_007.59806466900000021525,S1B_IW_GRDH_1SDV_20200807T054752_20200807T054817_022813_02B4C5_9152,57.95034649,7.598064668999998,14543.0,5918.0,5919.0,14542.0,5917.0,14544.0,18.6,ais/manual,True,True,1.8320975329612093,5.27513177492254,HIGH
validation,GRD,a6073537a4ea5fb9v,a6073537a4ea5fb9v_057.69428151000000326576_006.46394760799999978929,S1B_IW_GRDH_1SDV_20200807T054752_20200807T054817_022813_02B4C5_9152,57.69428151,6.463947608,20687.0,2003.0,2006.0,20683.0,2000.0,20690.0,28.1,ais/manual,True,True,9999.99,9999.99,HIGH
validation,GRD,a6073537a4ea5fb9v,a6073537a4ea5fb9v_057.28266149000000240221_009.05675637500000085822,S1B_IW_GRDH_1SDV_20200807T054752_20200807T054817_022813_02B4C5_9152,57.28266149,9.056756375,4557.0,339.0,341.0,4555.0,337.0,4559.0,13.05,ais/manual,True,True,9999.99,9999.99,HIGH
validation,GRD,a6073537a4ea5fb9v,a6073537a4ea5fb9v_057.74280946999999741820_009.18900047099999994771,S1B_IW_GRDH_1SDV_20200807T054752_20200807T054817_022813_02B4C5_9152,57.74280947,9.189000471,4826.0,5444.0,5448.0,4822.0,5439.0,4830.0,24.0527272,ais/manual,True,True,9999.99,9999.99,HIGH
validation,GRD,a6073537a4ea5fb9v,a6073537a4ea5fb9v_058.59771406000000126824_009.09569082199999989768,S1B_IW_GRDH_1SDV_20200807T054752_20200807T054817_022813_02B4C5_9152,58.59771406,9.095690822,7286.0,14538.0,14540.0,7283.0,14537.0,7289.0,19.59027637,ais/manual,True,False,0.0154448012577604,1.2588790853808307,HIGH
validation,GRD,a6073537a4ea5fb9v,a6073537a4ea5fb9v_057.93231732999999650247_007.24579195200000025778,S1B_IW_GRDH_1SDV_20200807T054752_20200807T054817_022813_02B4C5_9152,57.93231733,7.245791952,16560.0,5361.0,5363.0,16556.0,5358.0,16565.0,68.8921557,ais/manual,True,False,5.36322516423674,9.930594536483982,HIGH
validation,GRD,a6073537a4ea5fb9v,a6073537a4ea5fb9v_058.45129496999999929585_008.87666378900000019314,S1B_IW_GRDH_1SDV_20200807T054752_20200807T054817_022813_02B4C5_9152,58.45129497,8.876663789,8214.0,12714.0,12717.0,8212.0,12711.0,8215.0,16.789611899999993,ais/manual,True,False,0.0544740652212315,0.0288822505197198,HIGH
validation,GRD,a6073537a4ea5fb9v,a6073537a4ea5fb9v_057.72935051999999700456_009.17885546900000015569,S1B_IW_GRDH_1SDV_20200807T054752_20200807T054817_022813_02B4C5_9152,57.72935052,9.178855469,4855.0,5287.0,5292.0,4850.0,5283.0,4858.0,26.78968773,ais/manual,True,True,9999.99,9999.99,HIGH
validation,GRD,a6073537a4ea5fb9v,a6073537a4ea5fb9v_057.62921722000000102071_009.77098202900000067928,S1B_IW_GRDH_1SDV_20200807T054752_20200807T054817_022813_02B4C5_9152,57.62921722,9.770982029,1167.0,4926.0,4928.0,1164.0,4924.0,1169.0,15.68253896,ais/manual,True,False,9999.99,9999.99,HIGH
validation,GRD,a6073537a4ea5fb9v,a6073537a4ea5fb9v_058.25557475000000096088_005.89562084599999991497,S1B_IW_GRDH_1SDV_20200807T054752_20200807T054817_022813_02B4C5_9152,58.25557475,5.895620846,25010.0,7596.0,7601.0,25006.0,7591.0,25013.0,23.95,ais/manual,True,True,9999.99,9999.99,HIGH
validation,GRD,a6073537a4ea5fb9v,a6073537a4ea5fb9v_057.63139215999999720452_006.73938836900000026731,S1B_IW_GRDH_1SDV_20200807T054752_20200807T054817_022813_02B4C5_9152,57.63139216,6.739388368999999,18949.0,1587.0,1591.0,18945.0,1582.0,18951.0,27.13,ais/manual,True,True,9999.99,9999.99,HIGH
validation,GRD,a6073537a4ea5fb9v,a6073537a4ea5fb9v_057.65942483999999979005_009.14080339999999935685,S1B_IW_GRDH_1SDV_20200807T054752_20200807T054817_022813_02B4C5_9152,57.65942484,9.1408034,4918.0,4490.0,4503.0,4907.0,4478.0,4929.0,169.1120308,ais/manual,True,False,9999.99,9999.99,HIGH
validation,GRD,a6073537a4ea5fb9v,a6073537a4ea5fb9v_057.88288233000000104767_009.45667491000000026702,S1B_IW_GRDH_1SDV_20200807T054752_20200807T054817_022813_02B4C5_9152,57.88288233,9.45667491,3590.0,7267.0,7272.0,3587.0,7263.0,3593.0,20.79,ais/manual,True,True,9999.99,9999.99,HIGH
validation,GRD,a6073537a4ea5fb9v,a6073537a4ea5fb9v_057.60484169000000065353_008.55992426299999920047,S1B_IW_GRDH_1SDV_20200807T054752_20200807T054817_022813_02B4C5_9152,57.60484169,8.559924263,8197.0,3230.0,3232.0,8195.0,3228.0,8200.0,23.61,ais/manual,True,True,9999.99,9999.99,HIGH
validation,GRD,a6073537a4ea5fb9v,a6073537a4ea5fb9v_057.68035344999999836091_006.15556040400000004098,S1B_IW_GRDH_1SDV_20200807T054752_20200807T054817_022813_02B4C5_9152,57.68035345,6.155560404,22477.0,1559.0,1566.0,22467.0,1552.0,22486.0,116.6015309,ais/manual,True,False,9999.99,9999.99,HIGH
validation,GRD,a6073537a4ea5fb9v,a6073537a4ea5fb9v_057.67276933000000127549_009.08418878600000034851,S1B_IW_GRDH_1SDV_20200807T054752_20200807T054817_022813_02B4C5_9152,57.67276933,9.084188786,5279.0,4567.0,4573.0,5275.0,4562.0,5283.0,20.26144935,ais/manual,True,True,9999.99,9999.99,HIGH
validation,GRD,a6073537a4ea5fb9v,a6073537a4ea5fb9v_057.67420864999999707834_009.34674601799999926754,S1B_IW_GRDH_1SDV_20200807T054752_20200807T054817_022813_02B4C5_9152,57.67420865,9.346746018,3749.0,4894.0,4897.0,3746.0,4891.0,3750.0,23.34461483,ais/manual,True,False,9999.99,9999.99,HIGH
validation,GRD,a6073537a4ea5fb9v,a6073537a4ea5fb9v_057.59013000000000204182_009.52860835599999944634,S1B_IW_GRDH_1SDV_20200807T054752_20200807T054817_022813_02B4C5_9152,57.59013,9.528608356,2491.0,4210.0,4221.0,2486.0,4199.0,2496.0,10.49576827,ais/manual,True,True,9999.99,9999.99,HIGH
validation,GRD,a6073537a4ea5fb9v,a6073537a4ea5fb9v_057.59237040000000007467_009.77371532799999975794,S1B_IW_GRDH_1SDV_20200807T054752_20200807T054817_022813_02B4C5_9152,57.5923704,9.773715328,1063.0,4534.0,4537.0,1061.0,4532.0,1066.0,11.7515191,ais/manual,True,True,8.990678629259087,8.595402445745787,HIGH
validation,GRD,a6073537a4ea5fb9v,a6073537a4ea5fb9v_058.28549920999999756077_008.58152649300000014421,S1B_IW_GRDH_1SDV_20200807T054752_20200807T054817_022813_02B4C5_9152,58.28549921,8.581526493,9548.0,10597.0,10600.0,9545.0,10593.0,9550.0,15.467038,ais/manual,True,False,1.2136422213590663,2.73001935337754,HIGH
validation,GRD,a6073537a4ea5fb9v,a6073537a4ea5fb9v_057.56191994000000278220_008.90993794399999927691,S1B_IW_GRDH_1SDV_20200807T054752_20200807T054817_022813_02B4C5_9152,57.56191994,8.909937944,6050.0,3170.0,3191.0,6027.0,3150.0,6073.0,265.9382536,ais/manual,True,False,9999.99,9999.99,HIGH
validation,GRD,a6073537a4ea5fb9v,a6073537a4ea5fb9v_058.65153893000000095981_009.71464613899999918090,S1B_IW_GRDH_1SDV_20200807T054752_20200807T054817_022813_02B4C5_9152,58.65153893,9.714646139,3889.0,15831.0,15838.0,3884.0,15825.0,3894.0,87.84288065,ais/manual,True,False,9999.99,9999.99,HIGH
validation,GRD,a6073537a4ea5fb9v,a6073537a4ea5fb9v_057.64834100000000205455_007.09160678000000022081,S1B_IW_GRDH_1SDV_20200807T054752_20200807T054817_022813_02B4C5_9152,57.648341,7.09160678,16909.0,2123.0,2126.0,16905.0,2119.0,16911.0,27.4,ais/manual,True,True,9999.99,9999.99,HIGH
validation,GRD,a6073537a4ea5fb9v,a6073537a4ea5fb9v_057.89491441999999921109_009.48213050500000065313,S1B_IW_GRDH_1SDV_20200807T054752_20200807T054817_022813_02B4C5_9152,57.89491442,9.482130505,3470.0,7427.0,7430.0,3467.0,7425.0,3472.0,19.36208593,ais/manual,True,True,9999.99,9999.99,HIGH
validation,GRD,a6073537a4ea5fb9v,a6073537a4ea5fb9v_057.69141736000000264539_006.01556097699999980932,S1B_IW_GRDH_1SDV_20200807T054752_20200807T054817_022813_02B4C5_9152,57.69141736,6.015560977000001,23321.0,1549.0,1558.0,23316.0,1541.0,23324.0,32.55,ais/manual,True,True,9999.99,9999.99,HIGH
validation,GRD,a6073537a4ea5fb9v,a6073537a4ea5fb9v_057.76992916999999749805_009.68572095000000032883,S1B_IW_GRDH_1SDV_20200807T054752_20200807T054817_022813_02B4C5_9152,57.76992917,9.68572095,1996.0,6331.0,6337.0,1985.0,6325.0,2006.0,159.6452286,ais/manual,True,False,9999.99,9999.99,HIGH
validation,GRD,a6073537a4ea5fb9v,a6073537a4ea5fb9v_057.53102152999999674421_008.76990035300000059237,S1B_IW_GRDH_1SDV_20200807T054752_20200807T054817_022813_02B4C5_9152,57.53102153,8.769900352999999,6803.0,2675.0,2679.0,6800.0,2672.0,6807.0,30.75,ais/manual,True,True,9999.99,9999.99,HIGH
validation,GRD,a6073537a4ea5fb9v,a6073537a4ea5fb9v_057.81507255999999728147_009.50227213199999987125,S1B_IW_GRDH_1SDV_20200807T054752_20200807T054817_022813_02B4C5_9152,57.81507256,9.502272132,3168.0,6594.0,6599.0,3164.0,6588.0,3171.0,16.09619615,ais/manual,True,True,9999.99,9999.99,HIGH
validation,GRD,a6073537a4ea5fb9v,a6073537a4ea5fb9v_058.37435520999999738478_005.90160966699999978147,S1B_IW_GRDH_1SDV_20200807T054752_20200807T054817_022813_02B4C5_9152,58.37435521,5.901609667000001,25181.0,8899.0,8906.0,25176.0,8891.0,25185.0,54.37143394,ais/manual,True,False,4.292081801721193,5.730299887266988,HIGH
validation,GRD,a6073537a4ea5fb9v,a6073537a4ea5fb9v_057.59174471000000039567_009.52913362299999988636,S1B_IW_GRDH_1SDV_20200807T054752_20200807T054817_022813_02B4C5_9152,57.59174471,9.529133623,2492.0,4228.0,4232.0,2488.0,4225.0,2495.0,27.5,ais/manual,True,True,9999.99,9999.99,HIGH
validation,GRD,a6073537a4ea5fb9v,a6073537a4ea5fb9v_057.30457308999999810339_009.07073186000000042384,S1B_IW_GRDH_1SDV_20200807T054752_20200807T054817_022813_02B4C5_9152,57.30457309,9.07073186,4525.0,591.0,593.0,4522.0,589.0,4527.0,22.75,ais/manual,True,True,9999.99,9999.99,HIGH
validation,GRD,a6073537a4ea5fb9v,a6073537a4ea5fb9v_057.58375281000000001086_008.77140728000000002851,S1B_IW_GRDH_1SDV_20200807T054752_20200807T054817_022813_02B4C5_9152,57.58375281,8.77140728,6911.0,3245.0,3251.0,6906.0,3238.0,6915.0,19.57,ais/manual,True,True,9999.99,9999.99,HIGH
validation,GRD,a6073537a4ea5fb9v,a6073537a4ea5fb9v_057.83384025000000150385_009.56753646499999987896,S1B_IW_GRDH_1SDV_20200807T054752_20200807T054817_022813_02B4C5_9152,57.83384025,9.567536465,2832.0,6874.0,6876.0,2830.0,6871.0,2835.0,17.37944259,ais/manual,True,True,9999.99,9999.99,HIGH
validation,GRD,a6073537a4ea5fb9v,a6073537a4ea5fb9v_058.03915917999999862786_006.81212846000000027402,S1B_IW_GRDH_1SDV_20200807T054752_20200807T054817_022813_02B4C5_9152,58.03915918,6.81212846,19293.0,6091.0,6094.0,19289.0,6087.0,19295.0,22.00403121,ais/manual,True,False,1.3862202330606677,2.704373838584389,HIGH
validation,GRD,a6073537a4ea5fb9v,a6073537a4ea5fb9v_058.56523365000000325153_009.74503293999999975483,S1B_IW_GRDH_1SDV_20200807T054752_20200807T054817_022813_02B4C5_9152,58.56523365,9.74503294,3516.0,14940.0,14949.0,3510.0,14931.0,3521.0,101.0393915,ais/manual,True,False,9999.99,9999.99,HIGH
validation,GRD,a6073537a4ea5fb9v,a6073537a4ea5fb9v_057.86155766000000255644_009.35579226299999966443,S1B_IW_GRDH_1SDV_20200807T054752_20200807T054817_022813_02B4C5_9152,57.86155766,9.355792263,4127.0,6918.0,6920.0,4125.0,6916.0,4128.0,16.99,ais/manual,True,True,9999.99,9999.99,HIGH
validation,GRD,a6073537a4ea5fb9v,a6073537a4ea5fb9v_057.80533627999999879421_008.58760572099999919260,S1B_IW_GRDH_1SDV_20200807T054752_20200807T054817_022813_02B4C5_9152,57.80533628,8.587605721000001,8472.0,5423.0,5429.0,8461.0,5418.0,8483.0,136.47087919999998,ais/manual,True,False,9999.99,9999.99,HIGH
validation,GRD,a6073537a4ea5fb9v,a6073537a4ea5fb9v_058.13204336999999810587_006.50305158699999985572,S1B_IW_GRDH_1SDV_20200807T054752_20200807T054817_022813_02B4C5_9152,58.13204337,6.503051587000001,21263.0,6805.0,6811.0,21261.0,6800.0,21266.0,12.13,ais/manual,True,True,3.3035013056271647,3.820078377306188,HIGH
validation,GRD,a6073537a4ea5fb9v,a6073537a4ea5fb9v_057.48662317000000143707_009.55513473799999957237,S1B_IW_GRDH_1SDV_20200807T054752_20200807T054817_022813_02B4C5_9152,57.48662317,9.555134738,2094.0,3131.0,3134.0,2092.0,3129.0,2097.0,18.4,ais/manual,True,True,9999.99,9999.99,HIGH
validation,GRD,a6073537a4ea5fb9v,a6073537a4ea5fb9v_057.82188330000000320297_009.16853944500000039852,S1B_IW_GRDH_1SDV_20200807T054752_20200807T054817_022813_02B4C5_9152,57.8218833,9.168539445,5125.0,6270.0,6274.0,5121.0,6267.0,5128.0,36.06345825,ais/manual,True,False,9999.99,9999.99,HIGH
validation,GRD,a6073537a4ea5fb9v,a6073537a4ea5fb9v_057.78365008000000102584_009.72213776299999921093,S1B_IW_GRDH_1SDV_20200807T054752_20200807T054817_022813_02B4C5_9152,57.78365008,9.722137763,1816.0,6523.0,6530.0,1804.0,6516.0,1828.0,195.5901708,ais/manual,True,False,9999.99,9999.99,HIGH
validation,GRD,a6073537a4ea5fb9v,a6073537a4ea5fb9v_057.51780107999999813728_009.57363816099999986875,S1B_IW_GRDH_1SDV_20200807T054752_20200807T054817_022813_02B4C5_9152,57.51780108,9.573638161,2059.0,3489.0,3491.0,2056.0,3487.0,2060.0,65.95886734,ais/manual,True,False,9999.99,9999.99,HIGH
validation,GRD,a6073537a4ea5fb9v,a6073537a4ea5fb9v_057.98493681000000066206_009.82731366600000022515,S1B_IW_GRDH_1SDV_20200807T054752_20200807T054817_022813_02B4C5_9152,57.98493681,9.827313666,1681.0,8810.0,8813.0,1679.0,8808.0,1684.0,18.32322026,ais/manual,True,True,9999.99,9999.99,HIGH
validation,GRD,a6073537a4ea5fb9v,a6073537a4ea5fb9v_057.89008427000000267526_007.41603652700000015585,S1B_IW_GRDH_1SDV_20200807T054752_20200807T054817_022813_02B4C5_9152,57.89008427,7.416036527,15484.0,5076.0,5085.0,15479.0,5068.0,15488.0,26.2,ais/manual,True,True,9.059470510962068,9999.99,HIGH
validation,GRD,a6073537a4ea5fb9v,a6073537a4ea5fb9v_057.97504605000000310611_007.68164101200000004610,S1B_IW_GRDH_1SDV_20200807T054752_20200807T054817_022813_02B4C5_9152,57.97504605,7.681641012,14106.0,6273.0,6275.0,14104.0,6270.0,14108.0,12.52,ais/manual,True,True,2.295639929475912,4.949617057920295,HIGH
validation,GRD,a6073537a4ea5fb9v,a6073537a4ea5fb9v_058.02453887000000065655_007.96273741699999959565,S1B_IW_GRDH_1SDV_20200807T054752_20200807T054817_022813_02B4C5_9152,58.02453887,7.962737417,12574.0,7105.0,7112.0,12568.0,7098.0,12578.0,23.0,ais/manual,True,True,2.400647031797724,4.542007011397801,HIGH
validation,GRD,a6073537a4ea5fb9v,a6073537a4ea5fb9v_057.58112381000000112863_008.88631105300000001534,S1B_IW_GRDH_1SDV_20200807T054752_20200807T054817_022813_02B4C5_9152,57.58112381,8.886311053,6232.0,3350.0,3356.0,6228.0,3343.0,6235.0,24.07,ais/manual,True,True,9999.99,9999.99,HIGH
validation,GRD,a6073537a4ea5fb9v,a6073537a4ea5fb9v_057.83193440000000151713_009.48566740100000060920,S1B_IW_GRDH_1SDV_20200807T054752_20200807T054817_022813_02B4C5_9152,57.8319344,9.485667401,3304.0,6755.0,6760.0,3293.0,6749.0,3314.0,190.1868836,ais/manual,True,False,9999.99,9999.99,HIGH
validation,GRD,a6073537a4ea5fb9v,a6073537a4ea5fb9v_057.56269663999999863790_008.87299681999999911852,S1B_IW_GRDH_1SDV_20200807T054752_20200807T054817_022813_02B4C5_9152,57.56269664,8.87299682,6269.0,3136.0,3141.0,6265.0,3130.0,6272.0,21.56355807,ais/manual,True,True,9999.99,9999.99,HIGH
validation,GRD,a6073537a4ea5fb9v,a6073537a4ea5fb9v_058.02734541000000234590_006.80438210600000026318,S1B_IW_GRDH_1SDV_20200807T054752_20200807T054817_022813_02B4C5_9152,58.02734541,6.804382106,19316.0,5955.0,5962.0,19307.0,5948.0,19324.0,89.06146928,ais/manual,True,False,2.3457226867474232,3.967698509153184,HIGH
validation,GRD,a6073537a4ea5fb9v,a6073537a4ea5fb9v_058.04638529000000346514_009.93020745499999968331,S1B_IW_GRDH_1SDV_20200807T054752_20200807T054817_022813_02B4C5_9152,58.04638529,9.930207455,1233.0,9595.0,9599.0,1229.0,9591.0,1237.0,17.42685886,ais/manual,True,True,9999.99,9999.99,HIGH
validation,GRD,a6073537a4ea5fb9v,a6073537a4ea5fb9v_057.86807558000000284437_009.70815150500000001443,S1B_IW_GRDH_1SDV_20200807T054752_20200807T054817_022813_02B4C5_9152,57.86807558,9.708151505,2096.0,7411.0,7415.0,2092.0,7408.0,2099.0,21.50291672,ais/manual,True,True,9999.99,9999.99,HIGH
validation,GRD,a6073537a4ea5fb9v,a6073537a4ea5fb9v_057.42701679999999697657_007.84263323700000025696,S1B_IW_GRDH_1SDV_20200807T054752_20200807T054817_022813_02B4C5_9152,57.4270168,7.842633237,12039.0,513.0,514.0,12038.0,512.0,12041.0,18.90165776,ais/manual,True,False,9999.99,9999.99,HIGH
validation,GRD,a6073537a4ea5fb9v,a6073537a4ea5fb9v_057.57968726000000003751_008.64467665599999968151,S1B_IW_GRDH_1SDV_20200807T054752_20200807T054817_022813_02B4C5_9152,57.57968726,8.644676656,7645.0,3055.0,3060.0,7642.0,3051.0,7648.0,16.0,ais/manual,True,True,9999.99,9999.99,HIGH
validation,GRD,a6073537a4ea5fb9v,a6073537a4ea5fb9v_057.45461638999999820498_008.50290126500000020826,S1B_IW_GRDH_1SDV_20200807T054752_20200807T054817_022813_02B4C5_9152,57.45461639,8.502901265,8205.0,1545.0,1550.0,8203.0,1541.0,8207.0,19.26337141,ais/manual,True,True,9999.99,9999.99,HIGH
validation,GRD,eeddcc0db3cff0d8v,eeddcc0db3cff0d8v_056.20838171999999843820_005.65029836600000034963,S1B_IW_GRDH_1SDV_20200807T054817_20200807T054842_022813_02B4C5_427B,56.20838172,5.650298366,22884.0,1721.0,1726.0,22880.0,1717.0,22887.0,22.0,ais/manual,True,True,9999.99,9999.99,HIGH
validation,GRD,eeddcc0db3cff0d8v,eeddcc0db3cff0d8v_056.77778459999999682850_007.71991140500000039282,S1B_IW_GRDH_1SDV_20200807T054817_20200807T054842_022813_02B4C5_427B,56.7777846,7.719911405,11423.0,10041.0,10046.0,11418.0,10036.0,11428.0,59.75,ais/manual,True,False,9999.99,9999.99,HIGH
validation,GRD,eeddcc0db3cff0d8v,eeddcc0db3cff0d8v_057.29148235000000255468_008.34773661900000085723,S1B_IW_GRDH_1SDV_20200807T054817_20200807T054842_022813_02B4C5_427B,57.29148235,8.347736618999999,8768.0,16291.0,16294.0,8764.0,16287.0,8771.0,40.2,ais/manual,True,True,9999.99,9999.99,HIGH
validation,GRD,eeddcc0db3cff0d8v,eeddcc0db3cff0d8v_057.06911845999999854939_007.63171612400000043408,S1B_IW_GRDH_1SDV_20200807T054817_20200807T054842_022813_02B4C5_427B,57.06911846,7.631716123999999,12552.0,13094.0,13105.0,12542.0,13083.0,12563.0,179.5429866,ais/manual,True,False,9999.99,9999.99,HIGH
validation,GRD,eeddcc0db3cff0d8v,eeddcc0db3cff0d8v_057.25381838999999928319_005.43133636700000010933,S1B_IW_GRDH_1SDV_20200807T054817_20200807T054842_022813_02B4C5_427B,57.25381839,5.431336367,26023.0,12924.0,12933.0,26018.0,12914.0,26028.0,123.7645882,ais/manual,True,False,9999.99,9999.99,HIGH
validation,GRD,eeddcc0db3cff0d8v,eeddcc0db3cff0d8v_057.20694654999999784195_007.18573060299999966105,S1B_IW_GRDH_1SDV_20200807T054817_20200807T054842_022813_02B4C5_427B,57.20694655,7.185730603,15486.0,14113.0,14115.0,15484.0,14110.0,15489.0,20.3415132,ais/manual,True,True,9999.99,9999.99,HIGH
validation,GRD,eeddcc0db3cff0d8v,eeddcc0db3cff0d8v_057.17259726000000341628_007.75029000199999984488,S1B_IW_GRDH_1SDV_20200807T054817_20200807T054842_022813_02B4C5_427B,57.17259726,7.750290002000001,12060.0,14343.0,14346.0,12057.0,14340.0,12061.0,16.26552698,ais/manual,True,True,9999.99,9999.99,HIGH
validation,GRD,eeddcc0db3cff0d8v,eeddcc0db3cff0d8v_056.99881026999999988902_008.09030333900000009351,S1B_IW_GRDH_1SDV_20200807T054817_20200807T054842_022813_02B4C5_427B,56.99881027,8.090303339,9670.0,12842.0,12848.0,9663.0,12836.0,9677.0,95.37244481,ais/manual,True,False,9999.99,9999.99,HIGH
validation,GRD,eeddcc0db3cff0d8v,eeddcc0db3cff0d8v_057.38090126000000168460_007.40521037999999975909,S1B_IW_GRDH_1SDV_20200807T054817_20200807T054842_022813_02B4C5_427B,57.38090126,7.40521038,14531.0,16228.0,16232.0,14528.0,16224.0,14533.0,10.65,ais/manual,True,True,9999.99,9999.99,HIGH
validation,GRD,eeddcc0db3cff0d8v,eeddcc0db3cff0d8v_057.18583831000000117228_008.70513580100000083917,S1B_IW_GRDH_1SDV_20200807T054817_20200807T054842_022813_02B4C5_427B,57.18583831,8.705135801,6420.0,15563.0,15567.0,6418.0,15560.0,6422.0,24.34582526,ais/manual,True,True,7.941902672048164,7.444735883041594,HIGH
validation,GRD,eeddcc0db3cff0d8v,eeddcc0db3cff0d8v_057.17501515000000011923_007.86285040899999998487,S1B_IW_GRDH_1SDV_20200807T054817_20200807T054842_022813_02B4C5_427B,57.17501515,7.862850409,11396.0,14492.0,14495.0,11392.0,14490.0,11398.0,20.17428203,ais/manual,True,True,9999.99,9999.99,HIGH
validation,GRD,eeddcc0db3cff0d8v,eeddcc0db3cff0d8v_057.02412484999999975344_007.71837515899999981883,S1B_IW_GRDH_1SDV_20200807T054817_20200807T054842_022813_02B4C5_427B,57.02412485,7.718375159,11943.0,12702.0,12707.0,11938.0,12697.0,11948.0,42.45,ais/manual,True,True,9999.99,9999.99,HIGH
validation,GRD,eeddcc0db3cff0d8v,eeddcc0db3cff0d8v_055.95811023000000261618_008.10204876999999967779,S1B_IW_GRDH_1SDV_20200807T054817_20200807T054842_022813_02B4C5_427B,55.95811023,8.10204877,7367.0,1630.0,1632.0,7364.0,1628.0,7368.0,23.89,ais/manual,True,True,2.157718965110301,1.836318289933812,HIGH
validation,GRD,eeddcc0db3cff0d8v,eeddcc0db3cff0d8v_056.01075688000000241118_006.87645113399999985404,S1B_IW_GRDH_1SDV_20200807T054817_20200807T054842_022813_02B4C5_427B,56.01075688,6.876451134,14993.0,820.0,830.0,14984.0,809.0,15002.0,139.25473300000002,ais/manual,True,False,9999.99,9999.99,HIGH
validation,GRD,eeddcc0db3cff0d8v,eeddcc0db3cff0d8v_057.14548056000000286758_008.57242128400000069632,S1B_IW_GRDH_1SDV_20200807T054817_20200807T054842_022813_02B4C5_427B,57.14548056,8.572421283999999,7119.0,14974.0,14980.0,7115.0,14969.0,7122.0,19.36810785,ais/manual,True,True,2.754662390996565,2.908102436940893,HIGH
validation,GRD,eeddcc0db3cff0d8v,eeddcc0db3cff0d8v_057.19294922000000269691_008.44412654699999976060,S1B_IW_GRDH_1SDV_20200807T054817_20200807T054842_022813_02B4C5_427B,57.19294922,8.444126547,7983.0,15338.0,15346.0,7974.0,15331.0,7992.0,170.35150910000004,ais/manual,True,False,9999.99,9999.99,HIGH
validation,GRD,eeddcc0db3cff0d8v,eeddcc0db3cff0d8v_055.92446409000000073775_007.31093534700000002857,S1B_IW_GRDH_1SDV_20200807T054817_20200807T054842_022813_02B4C5_427B,55.92446409,7.310935347000001,12151.0,361.0,366.0,12146.0,355.0,12156.0,66.75779965,ais/manual,True,False,9999.99,9999.99,HIGH
validation,GRD,eeddcc0db3cff0d8v,eeddcc0db3cff0d8v_056.19771867000000042935_005.72879736700000030680,S1B_IW_GRDH_1SDV_20200807T054817_20200807T054842_022813_02B4C5_427B,56.19771867,5.728797367,22384.0,1681.0,1686.0,22379.0,1675.0,22388.0,24.2,ais/manual,True,True,9999.99,9999.99,HIGH
validation,GRD,eeddcc0db3cff0d8v,eeddcc0db3cff0d8v_057.42139399999999938018_007.23475366500000038883,S1B_IW_GRDH_1SDV_20200807T054817_20200807T054842_022813_02B4C5_427B,57.42139399999999,7.234753665,15620.0,16489.0,16492.0,15615.0,16485.0,15624.0,31.53427259,ais/manual,True,True,9999.99,9999.99,HIGH
validation,GRD,eeddcc0db3cff0d8v,eeddcc0db3cff0d8v_056.60221128999999962161_007.78156626400000028809,S1B_IW_GRDH_1SDV_20200807T054817_20200807T054842_022813_02B4C5_427B,56.60221129,7.7815662639999985,10686.0,8212.0,8214.0,10684.0,8210.0,10688.0,16.99,ais/manual,True,True,9999.99,9999.99,HIGH
validation,GRD,eeddcc0db3cff0d8v,eeddcc0db3cff0d8v_056.79781365000000192822_007.61819793400000033756,S1B_IW_GRDH_1SDV_20200807T054817_20200807T054842_022813_02B4C5_427B,56.79781365,7.618197933999999,12076.0,10145.0,10148.0,12073.0,10142.0,12077.0,15.48,ais/manual,True,True,9999.99,9999.99,HIGH
validation,GRD,eeddcc0db3cff0d8v,eeddcc0db3cff0d8v_056.97052998000000201273_006.58897337299999996674,S1B_IW_GRDH_1SDV_20200807T054817_20200807T054842_022813_02B4C5_427B,56.97052998,6.588973373,18592.0,10936.0,10941.0,18587.0,10932.0,18596.0,40.76961136,ais/manual,True,True,9999.99,9999.99,HIGH
validation,GRD,eeddcc0db3cff0d8v,eeddcc0db3cff0d8v_057.12299285999999653995_008.53882221699999988118,S1B_IW_GRDH_1SDV_20200807T054817_20200807T054842_022813_02B4C5_427B,57.12299286,8.538822217,7269.0,14693.0,14695.0,7267.0,14692.0,7270.0,,ais/manual,True,False,2.8644181401908098,2.6789965548181627,HIGH
validation,GRD,eeddcc0db3cff0d8v,eeddcc0db3cff0d8v_055.92485407000000208200_006.98983837699999988047,S1B_IW_GRDH_1SDV_20200807T054817_20200807T054842_022813_02B4C5_427B,55.92485407,6.989838377000001,14126.0,12.0,25.0,14114.0,2.0,14137.0,153.1266648,ais/manual,True,False,9999.99,9999.99,HIGH
validation,GRD,eeddcc0db3cff0d8v,eeddcc0db3cff0d8v_056.39944209000000086007_006.45616904500000021727,S1B_IW_GRDH_1SDV_20200807T054817_20200807T054842_022813_02B4C5_427B,56.39944209,6.456169045,18312.0,4598.0,4606.0,18308.0,4588.0,18317.0,73.43808173,ais/manual,True,False,9999.99,9999.99,HIGH
validation,GRD,eeddcc0db3cff0d8v,eeddcc0db3cff0d8v_056.37875900000000228829_007.76393142900000032824,S1B_IW_GRDH_1SDV_20200807T054817_20200807T054842_022813_02B4C5_427B,56.378759,7.7639314289999986,10324.0,5778.0,5783.0,10322.0,5774.0,10327.0,28.90025589,ais/manual,True,False,9999.99,9999.99,HIGH
validation,GRD,eeddcc0db3cff0d8v,eeddcc0db3cff0d8v_057.18891531999999955360_007.57830932999999973276,S1B_IW_GRDH_1SDV_20200807T054817_20200807T054842_022813_02B4C5_427B,57.18891532,7.57830933,13116.0,14333.0,14336.0,13113.0,14330.0,13118.0,22.5,ais/manual,True,True,9999.99,9999.99,HIGH
validation,GRD,eeddcc0db3cff0d8v,eeddcc0db3cff0d8v_056.57636226000000334579_008.47941117799999943827,S1B_IW_GRDH_1SDV_20200807T054817_20200807T054842_022813_02B4C5_427B,56.57636226,8.479411178,6423.0,8735.0,8738.0,6420.0,8733.0,6426.0,27.59001208,ais/manual,True,False,2.1241107564083705,1.788091090574258,HIGH
validation,GRD,eeddcc0db3cff0d8v,eeddcc0db3cff0d8v_057.39454749000000077785_007.44755032800000016380,S1B_IW_GRDH_1SDV_20200807T054817_20200807T054842_022813_02B4C5_427B,57.39454749,7.447550327999999,14308.0,16420.0,16423.0,14305.0,16418.0,14309.0,18.83078058,ais/manual,True,True,9999.99,9999.99,HIGH
validation,GRD,eeddcc0db3cff0d8v,eeddcc0db3cff0d8v_057.15987120999999859805_008.34691392400000076179,S1B_IW_GRDH_1SDV_20200807T054817_20200807T054842_022813_02B4C5_427B,57.15987121,8.346913923999999,8488.0,14870.0,14873.0,8485.0,14868.0,8491.0,206.8520191,ais/manual,True,False,9999.99,9999.99,HIGH
validation,GRD,eeddcc0db3cff0d8v,eeddcc0db3cff0d8v_057.29474641000000190161_008.49038070299999958479,S1B_IW_GRDH_1SDV_20200807T054817_20200807T054842_022813_02B4C5_427B,57.29474641,8.490380703,7931.0,16489.0,16492.0,7928.0,16485.0,7935.0,23.88,ais/manual,True,True,9999.99,9999.99,HIGH
validation,GRD,eeddcc0db3cff0d8v,eeddcc0db3cff0d8v_056.18259067999999700760_007.32039886799999983680,S1B_IW_GRDH_1SDV_20200807T054817_20200807T054842_022813_02B4C5_427B,56.18259068,7.320398868,12619.0,3163.0,3166.0,12615.0,3160.0,12622.0,22.65,ais/manual,True,True,9999.99,9999.99,HIGH
validation,GRD,eeddcc0db3cff0d8v,eeddcc0db3cff0d8v_056.26378914000000008855_005.34948290200000009520,S1B_IW_GRDH_1SDV_20200807T054817_20200807T054842_022813_02B4C5_427B,56.26378914,5.349482902,24823.0,2041.0,2045.0,24820.0,2036.0,24825.0,22.96,ais/manual,True,True,9999.99,9999.99,HIGH
validation,GRD,eeddcc0db3cff0d8v,eeddcc0db3cff0d8v_056.04067236000000207241_005.98316772899999982371,S1B_IW_GRDH_1SDV_20200807T054817_20200807T054842_022813_02B4C5_427B,56.04067236,5.983167729,20538.0,221.0,226.0,20535.0,216.0,20541.0,18.1,ais/manual,True,True,9999.99,9999.99,HIGH
validation,GRD,eeddcc0db3cff0d8v,eeddcc0db3cff0d8v_057.26715595000000291748_008.48744564799999956506,S1B_IW_GRDH_1SDV_20200807T054817_20200807T054842_022813_02B4C5_427B,57.26715595,8.487445648,7888.0,16188.0,16190.0,7886.0,16185.0,7891.0,15.146938199999996,ais/manual,True,True,9999.99,9999.99,HIGH
validation,GRD,eeddcc0db3cff0d8v,eeddcc0db3cff0d8v_056.10919848000000342836_006.21766326799999990982,S1B_IW_GRDH_1SDV_20200807T054817_20200807T054842_022813_02B4C5_427B,56.10919848,6.217663268,19225.0,1202.0,1219.0,19217.0,1184.0,19231.0,65.5,ais/manual,True,False,9999.99,9999.99,HIGH
validation,GRD,eeddcc0db3cff0d8v,eeddcc0db3cff0d8v_057.19554061000000189097_007.85758572000000032887,S1B_IW_GRDH_1SDV_20200807T054817_20200807T054842_022813_02B4C5_427B,57.19554061,7.85758572,11470.0,14708.0,14713.0,11467.0,14703.0,11473.0,22.5,ais/manual,True,True,9999.99,9999.99,HIGH
validation,GRD,eeddcc0db3cff0d8v,eeddcc0db3cff0d8v_057.31369158999999768866_008.05398438900000002150,S1B_IW_GRDH_1SDV_20200807T054817_20200807T054842_022813_02B4C5_427B,57.31369159,8.053984389,10553.0,16201.0,16204.0,10551.0,16199.0,10556.0,13.46265417,ais/manual,True,True,9999.99,9999.99,HIGH
validation,GRD,eeddcc0db3cff0d8v,eeddcc0db3cff0d8v_057.24688401000000226304_008.82876856899999928885,S1B_IW_GRDH_1SDV_20200807T054817_20200807T054842_022813_02B4C5_427B,57.24688401,8.828768569,5824.0,16366.0,16368.0,5821.0,16363.0,5827.0,19.31278537,ais/manual,True,True,9999.99,9999.99,HIGH
validation,GRD,eeddcc0db3cff0d8v,eeddcc0db3cff0d8v_056.23560478999999645566_007.09089527600000035790,S1B_IW_GRDH_1SDV_20200807T054817_20200807T054842_022813_02B4C5_427B,56.23560479,7.090895276,14126.0,3487.0,3490.0,14123.0,3483.0,14129.0,22.0,ais/manual,True,True,9999.99,9999.99,HIGH
validation,GRD,eeddcc0db3cff0d8v,eeddcc0db3cff0d8v_056.16405590000000103146_007.02132717699999986394,S1B_IW_GRDH_1SDV_20200807T054817_20200807T054842_022813_02B4C5_427B,56.1640559,7.021327177000001,14409.0,2637.0,2648.0,14401.0,2626.0,14416.0,118.3517502,ais/manual,True,False,9999.99,9999.99,HIGH
validation,GRD,eeddcc0db3cff0d8v,eeddcc0db3cff0d8v_056.48651491999999763038_008.04121372800000067116,S1B_IW_GRDH_1SDV_20200807T054817_20200807T054842_022813_02B4C5_427B,56.48651492,8.041213727999999,8873.0,7257.0,7259.0,8871.0,7255.0,8874.0,20.80877672,ais/manual,True,False,4.835477077657085,4.470068037488872,HIGH
validation,GRD,eeddcc0db3cff0d8v,eeddcc0db3cff0d8v_057.17352108000000043830_008.63312538199999934818,S1B_IW_GRDH_1SDV_20200807T054817_20200807T054842_022813_02B4C5_427B,57.17352108,8.633125382000001,6820.0,15347.0,15349.0,6818.0,15345.0,6822.0,14.56425546,ais/manual,True,True,5.232091769316733,5.223692187458931,HIGH
validation,GRD,eeddcc0db3cff0d8v,eeddcc0db3cff0d8v_057.12540929000000033966_008.19803612499999978525,S1B_IW_GRDH_1SDV_20200807T054817_20200807T054842_022813_02B4C5_427B,57.12540929,8.198036125,9299.0,14330.0,14332.0,9296.0,14328.0,9300.0,18.27327438,ais/manual,True,True,9999.99,9999.99,HIGH
validation,GRD,eeddcc0db3cff0d8v,eeddcc0db3cff0d8v_056.39035177000000231828_005.42214670099999995756,S1B_IW_GRDH_1SDV_20200807T054817_20200807T054842_022813_02B4C5_427B,56.39035177,5.422146701,24597.0,3489.0,3493.0,24594.0,3486.0,24599.0,22.19610496,ais/manual,True,True,9999.99,9999.99,HIGH
validation,GRD,eeddcc0db3cff0d8v,eeddcc0db3cff0d8v_056.19334621000000140612_005.50035346800000013445,S1B_IW_GRDH_1SDV_20200807T054817_20200807T054842_022813_02B4C5_427B,56.19334621,5.500353467999999,23776.0,1414.0,1419.0,23772.0,1410.0,23780.0,28.42,ais/manual,True,True,9999.99,9999.99,HIGH
validation,GRD,eeddcc0db3cff0d8v,eeddcc0db3cff0d8v_057.15519693000000245320_008.16466014899999947829,S1B_IW_GRDH_1SDV_20200807T054817_20200807T054842_022813_02B4C5_427B,57.15519693,8.164660149,9561.0,14614.0,14616.0,9558.0,14611.0,9563.0,13.38485645,ais/manual,True,True,9999.99,9999.99,HIGH
validation,GRD,eeddcc0db3cff0d8v,eeddcc0db3cff0d8v_057.13128299000000254182_007.11805370500000034184,S1B_IW_GRDH_1SDV_20200807T054817_20200807T054842_022813_02B4C5_427B,57.13128299,7.118053705,15740.0,13222.0,13225.0,15737.0,13219.0,15742.0,15.93177041,ais/manual,True,True,9999.99,9999.99,HIGH
validation,GRD,eeddcc0db3cff0d8v,eeddcc0db3cff0d8v_057.28312658000000112679_008.52836171100000051126,S1B_IW_GRDH_1SDV_20200807T054817_20200807T054842_022813_02B4C5_427B,57.28312658,8.528361711,7681.0,16407.0,16409.0,7679.0,16405.0,7683.0,16.2,ais/manual,True,True,9999.99,9999.99,HIGH
validation,GRD,eeddcc0db3cff0d8v,eeddcc0db3cff0d8v_056.11151320999999825290_007.04010874599999958434,S1B_IW_GRDH_1SDV_20200807T054817_20200807T054842_022813_02B4C5_427B,56.11151321,7.0401087460000005,14190.0,2088.0,2098.0,14182.0,2078.0,14197.0,166.4154517,ais/manual,True,False,9999.99,9999.99,HIGH
validation,GRD,eeddcc0db3cff0d8v,eeddcc0db3cff0d8v_056.87203343000000188567_008.06434534499999955415,S1B_IW_GRDH_1SDV_20200807T054817_20200807T054842_022813_02B4C5_427B,56.87203343,8.064345345,9556.0,11444.0,11460.0,9547.0,11428.0,9564.0,124.9267924,ais/manual,True,False,9999.99,9999.99,HIGH
validation,GRD,eeddcc0db3cff0d8v,eeddcc0db3cff0d8v_056.15724004999999863230_007.57735942999999956271,S1B_IW_GRDH_1SDV_20200807T054817_20200807T054842_022813_02B4C5_427B,56.15724005,7.57735943,10998.0,3175.0,3177.0,10995.0,3173.0,11000.0,17.01,ais/manual,True,True,9999.99,9999.99,HIGH
validation,GRD,9a5aa7310c195f14v,9a5aa7310c195f14v_044.48635134999999962702_013.67607090999999996939,S1B_IW_GRDH_1SDV_20200823T051852_20200823T051917_023046_02BC20_01ED,44.48635135,13.67607091,1216.0,13970.0,13983.0,1204.0,13957.0,1226.0,198.1624304,ais/manual,True,False,9999.99,9999.99,HIGH
validation,GRD,9a5aa7310c195f14v,9a5aa7310c195f14v_043.66278419000000354799_013.51223835999999955959,S1B_IW_GRDH_1SDV_20200823T051852_20200823T051917_023046_02BC20_01ED,43.66278419,13.51223836,741.0,4895.0,4898.0,737.0,4891.0,745.0,29.127646,ais/manual,True,False,3.480739296289561,3.478495981499055,HIGH
validation,GRD,9a5aa7310c195f14v,9a5aa7310c195f14v_044.68066755000000256359_012.29567064000000087276,S1B_IW_GRDH_1SDV_20200823T051852_20200823T051917_023046_02BC20_01ED,44.68066755,12.29567064,12390.0,14108.0,14110.0,12387.0,14104.0,12392.0,26.93494783,ais/manual,True,False,3.4274454455091337,3.6278211990696256,HIGH
validation,GRD,9a5aa7310c195f14v,9a5aa7310c195f14v_044.50441090000000343707_012.44460474999999988199,S1B_IW_GRDH_1SDV_20200823T051852_20200823T051917_023046_02BC20_01ED,44.5044109,12.44460475,10880.0,12409.0,12416.0,10873.0,12402.0,10886.0,99.01020034,ais/manual,True,False,9999.99,9999.99,HIGH
validation,GRD,9a5aa7310c195f14v,9a5aa7310c195f14v_044.50550118000000310303_012.42103263999999995804,S1B_IW_GRDH_1SDV_20200823T051852_20200823T051917_023046_02BC20_01ED,44.50550118,12.42103264,11066.0,12389.0,12396.0,11058.0,12381.0,11074.0,139.6889351,ais/manual,True,False,9999.99,9999.99,HIGH
validation,GRD,9a5aa7310c195f14v,9a5aa7310c195f14v_043.68543147999999831654_013.52284520999999983815,S1B_IW_GRDH_1SDV_20200823T051852_20200823T051917_023046_02BC20_01ED,43.68543148,13.52284521,706.0,5154.0,5162.0,701.0,5146.0,709.0,153.1755956,ais/manual,True,False,6.086298033487886,5.965485356968286,HIGH
validation,GRD,c8bbfb37522617e9v,c8bbfb37522617e9v_057.18544933999999813068_007.95044415000000004312,S1B_IW_GRDH_1SDV_20200826T054008_20200826T054033_023090_02BD74_B091,57.18544934,7.95044415,23138.0,15099.0,15107.0,23124.0,15091.0,23151.0,184.7276842,ais/manual,True,False,9999.99,9999.99,HIGH
validation,GRD,c8bbfb37522617e9v,c8bbfb37522617e9v_057.20381102999999711756_008.42929151799999942796,S1B_IW_GRDH_1SDV_20200826T054008_20200826T054033_023090_02BD74_B091,57.20381103,8.429291518,20315.0,15757.0,15763.0,20311.0,15750.0,20319.0,35.15,ais/manual,True,True,9999.99,9999.99,HIGH
validation,GRD,c8bbfb37522617e9v,c8bbfb37522617e9v_056.95927087999999827161_007.57314666699999960997,S1B_IW_GRDH_1SDV_20200826T054008_20200826T054033_023090_02BD74_B091,56.95927088,7.573146667,25003.0,12283.0,12290.0,24996.0,12276.0,25009.0,85.67542274,ais/manual,True,False,9999.99,9999.99,HIGH
validation,GRD,c8bbfb37522617e9v,c8bbfb37522617e9v_056.07610145000000301252_011.13690786999999993157,S1B_IW_GRDH_1SDV_20200826T054008_20200826T054033_023090_02BD74_B091,56.07610145,11.13690787,1648.0,6586.0,6604.0,1637.0,6568.0,1658.0,177.322504,ais/manual,True,False,9999.99,9999.99,HIGH
validation,GRD,c8bbfb37522617e9v,c8bbfb37522617e9v_057.07102420999999736750_008.08001994600000017499,S1B_IW_GRDH_1SDV_20200826T054008_20200826T054033_023090_02BD74_B091,57.07102421,8.080019946,22159.0,13975.0,13983.0,22154.0,13966.0,22164.0,23.88,ais/manual,True,True,9999.99,9999.99,HIGH
validation,GRD,c8bbfb37522617e9v,c8bbfb37522617e9v_056.24147523999999975786_007.37855608300000032074,S1B_IW_GRDH_1SDV_20200826T054008_20200826T054033_023090_02BD74_B091,56.24147524,7.378556082999999,24946.0,4270.0,4281.0,24937.0,4259.0,24954.0,139.80319409999998,ais/manual,True,False,9999.99,9999.99,HIGH
validation,GRD,c8bbfb37522617e9v,c8bbfb37522617e9v_057.17093342999999805443_007.95499018900000010035,S1B_IW_GRDH_1SDV_20200826T054008_20200826T054033_023090_02BD74_B091,57.17093343,7.954990189,23085.0,14945.0,14955.0,23073.0,14935.0,23098.0,162.9827369,ais/manual,True,False,9999.99,9999.99,HIGH
validation,GRD,c8bbfb37522617e9v,c8bbfb37522617e9v_056.69605160999999782234_008.10812855200000015543,S1B_IW_GRDH_1SDV_20200826T054008_20200826T054033_023090_02BD74_B091,56.69605161,8.108128552,21311.0,9918.0,9923.0,21306.0,9914.0,21315.0,40.95890117,ais/manual,True,True,4.944222378990552,5.241734610070283,HIGH
validation,GRD,c8bbfb37522617e9v,c8bbfb37522617e9v_057.17708154999999692336_008.15066277100000036171,S1B_IW_GRDH_1SDV_20200826T054008_20200826T054033_023090_02BD74_B091,57.17708155,8.150662771,21928.0,15197.0,15207.0,21919.0,15187.0,21938.0,147.4425656,ais/manual,True,False,9999.99,9999.99,HIGH
validation,GRD,c8bbfb37522617e9v,c8bbfb37522617e9v_056.15311040999999647738_010.25340839999999964505,S1B_IW_GRDH_1SDV_20200826T054008_20200826T054033_023090_02BD74_B091,56.15311041,10.2534084,7204.0,6341.0,6347.0,7200.0,6335.0,7208.0,27.13368384,ais/manual,True,False,0.2382808742018972,1.5074449103125298,HIGH
validation,GRD,c8bbfb37522617e9v,c8bbfb37522617e9v_056.10349401999999940927_007.45205544199999980748,S1B_IW_GRDH_1SDV_20200826T054008_20200826T054033_023090_02BD74_B091,56.10349402,7.452055442000001,24256.0,2833.0,2839.0,24253.0,2827.0,24260.0,21.34,ais/manual,True,True,9999.99,9999.99,HIGH
validation,GRD,c8bbfb37522617e9v,c8bbfb37522617e9v_056.82004172999999980220_007.98001550199999964974,S1B_IW_GRDH_1SDV_20200826T054008_20200826T054033_023090_02BD74_B091,56.82004173,7.980015502,22308.0,11145.0,11151.0,22305.0,11139.0,22311.0,15.00623316,ais/manual,True,True,9999.99,9999.99,HIGH
validation,GRD,c8bbfb37522617e9v,c8bbfb37522617e9v_056.93476670999999811329_007.66480182599999970705,S1B_IW_GRDH_1SDV_20200826T054008_20200826T054033_023090_02BD74_B091,56.93476671,7.6648018260000015,24409.0,12100.0,12106.0,24402.0,12093.0,24416.0,126.154934,ais/manual,True,False,9999.99,9999.99,HIGH
validation,GRD,c8bbfb37522617e9v,c8bbfb37522617e9v_057.17789744000000240476_008.11276455199999979584,S1B_IW_GRDH_1SDV_20200826T054008_20200826T054033_023090_02BD74_B091,57.17789744,8.112764552,22156.0,15170.0,15183.0,22146.0,15157.0,22166.0,126.612639,ais/manual,True,False,9999.99,9999.99,HIGH
validation,GRD,c8bbfb37522617e9v,c8bbfb37522617e9v_055.94329717000000101734_010.99042198999999975229,S1B_IW_GRDH_1SDV_20200826T054008_20200826T054033_023090_02BD74_B091,55.94329717,10.99042199,2236.0,4977.0,4983.0,2231.0,4971.0,2240.0,58.62179462,ais/manual,True,False,6.11945239155046,6.255930140043233,HIGH
validation,GRD,c8bbfb37522617e9v,c8bbfb37522617e9v_056.76896251000000148679_007.45176670699999998959,S1B_IW_GRDH_1SDV_20200826T054008_20200826T054033_023090_02BD74_B091,56.76896251,7.451766707000001,25407.0,10095.0,10100.0,25400.0,10090.0,25412.0,59.83471927,ais/manual,True,False,9999.99,9999.99,HIGH
validation,GRD,c8bbfb37522617e9v,c8bbfb37522617e9v_056.40341602000000165162_011.12069757000000080893,S1B_IW_GRDH_1SDV_20200826T054008_20200826T054033_023090_02BD74_B091,56.40341602,11.12069757,2500.0,10079.0,10091.0,2494.0,10067.0,2506.0,76.65002122,ais/manual,True,False,9999.99,9999.99,HIGH
validation,GRD,c8bbfb37522617e9v,c8bbfb37522617e9v_055.96210662000000013450_010.61376768999999953280,S1B_IW_GRDH_1SDV_20200826T054008_20200826T054033_023090_02BD74_B091,55.96210662,10.61376769,4582.0,4715.0,4718.0,4580.0,4713.0,4584.0,17.41810381,ais/manual,True,False,2.52133279867097,2.243839195134168,HIGH
validation,GRD,c8bbfb37522617e9v,c8bbfb37522617e9v_056.87072863000000211287_008.21897594800000064197,S1B_IW_GRDH_1SDV_20200826T054008_20200826T054033_023090_02BD74_B091,56.87072863,8.218975947999999,20961.0,11928.0,11933.0,20958.0,11922.0,20964.0,23.35,ais/manual,True,True,3.507783144671336,3.1439722883099765,HIGH
validation,GRD,c8bbfb37522617e9v,c8bbfb37522617e9v_056.06125283000000081302_007.67539338999999998236,S1B_IW_GRDH_1SDV_20200826T054008_20200826T054033_023090_02BD74_B091,56.06125283,7.67539339,22809.0,2586.0,2588.0,22806.0,2583.0,22813.0,19.96,ais/manual,True,True,9999.99,9999.99,HIGH
validation,GRD,e40c9251a4fce150v,e40c9251a4fce150v_058.08005099999999742977_005.66584719400000036416,S1B_IW_GRDH_1SDV_20200831T054753_20200831T054818_023163_02BFB2_EBE9,58.080051,5.665847194,26045.0,5477.0,5484.0,26041.0,5470.0,26049.0,23.95,ais/manual,True,True,9999.99,9999.99,HIGH
validation,GRD,e40c9251a4fce150v,e40c9251a4fce150v_057.67561256999999841355_006.68679122899999978102,S1B_IW_GRDH_1SDV_20200831T054753_20200831T054818_023163_02BFB2_EBE9,57.67561257,6.686791229,19341.0,2016.0,2017.0,19339.0,2015.0,19343.0,26.14,ais/manual,True,True,9999.99,9999.99,HIGH
validation,GRD,e40c9251a4fce150v,e40c9251a4fce150v_057.74780906000000157974_009.28710727099999999723,S1B_IW_GRDH_1SDV_20200831T054753_20200831T054818_023163_02BFB2_EBE9,57.74780906,9.287107271,4265.0,5614.0,5616.0,4263.0,5612.0,4267.0,13.705594199999998,ais/manual,True,True,9999.99,9999.99,HIGH
validation,GRD,e40c9251a4fce150v,e40c9251a4fce150v_057.47400987999999699696_007.66435441800000027968,S1B_IW_GRDH_1SDV_20200831T054753_20200831T054818_023163_02BFB2_EBE9,57.47400988,7.664354417999999,13188.0,830.0,836.0,13184.0,823.0,13192.0,31.53427259,ais/manual,True,True,9999.99,9999.99,HIGH
validation,GRD,e40c9251a4fce150v,e40c9251a4fce150v_057.74578025000000280897_009.16580237300000000289,S1B_IW_GRDH_1SDV_20200831T054753_20200831T054818_023163_02BFB2_EBE9,57.74578025,9.165802373,4968.0,5449.0,5456.0,4962.0,5442.0,4973.0,23.61,ais/manual,True,True,9999.99,9999.99,HIGH
validation,GRD,e40c9251a4fce150v,e40c9251a4fce150v_057.79948276999999734471_008.91167119200000001911,S1B_IW_GRDH_1SDV_20200831T054753_20200831T054818_023163_02BFB2_EBE9,57.79948277,8.911671192,6570.0,5730.0,5737.0,6558.0,5723.0,6581.0,175.426968,ais/manual,True,False,9999.99,9999.99,HIGH
validation,GRD,e40c9251a4fce150v,e40c9251a4fce150v_057.81693365000000284226_009.47887006500000062204,S1B_IW_GRDH_1SDV_20200831T054753_20200831T054818_023163_02BFB2_EBE9,57.81693365,9.478870065,3308.0,6586.0,6592.0,3304.0,6579.0,3312.0,19.57,ais/manual,True,True,9999.99,9999.99,HIGH
validation,GRD,e40c9251a4fce150v,e40c9251a4fce150v_057.88921107000000176868_007.73265721200000033519,S1B_IW_GRDH_1SDV_20200831T054753_20200831T054818_023163_02BFB2_EBE9,57.88921107,7.732657212,13635.0,5397.0,5399.0,13632.0,5395.0,13637.0,23.93,ais/manual,True,True,9999.99,9999.99,HIGH
validation,GRD,e40c9251a4fce150v,e40c9251a4fce150v_057.69696993000000162510_006.61746076799999993767,S1B_IW_GRDH_1SDV_20200831T054753_20200831T054818_023163_02BFB2_EBE9,57.69696993,6.617460768,19789.0,2181.0,2183.0,19788.0,2178.0,19791.0,21.3,ais/manual,True,True,9999.99,9999.99,HIGH
validation,GRD,e40c9251a4fce150v,e40c9251a4fce150v_057.42099715999999887117_008.41957542099999933782,S1B_IW_GRDH_1SDV_20200831T054753_20200831T054818_023163_02BFB2_EBE9,57.42099716,8.419575421000001,8623.0,1088.0,1093.0,8620.0,1084.0,8626.0,22.96,ais/manual,True,True,9999.99,9999.99,HIGH
validation,GRD,e40c9251a4fce150v,e40c9251a4fce150v_057.93346396999999825539_007.00839378800000023517,S1B_IW_GRDH_1SDV_20200831T054753_20200831T054818_023163_02BFB2_EBE9,57.93346397,7.008393787999999,17947.0,5135.0,5139.0,17944.0,5132.0,17950.0,32.55,ais/manual,True,True,5.683861308630723,6.3303502018059525,HIGH
validation,GRD,e40c9251a4fce150v,e40c9251a4fce150v_057.80911617000000291000_008.69456093900000048791,S1B_IW_GRDH_1SDV_20200831T054753_20200831T054818_023163_02BFB2_EBE9,57.80911617,8.694560939,7857.0,5586.0,5592.0,7850.0,5580.0,7863.0,88.08118495,ais/manual,True,False,9999.99,9999.99,HIGH
validation,GRD,e40c9251a4fce150v,e40c9251a4fce150v_057.62776832000000126754_009.01138288900000006265,S1B_IW_GRDH_1SDV_20200831T054753_20200831T054818_023163_02BFB2_EBE9,57.62776832,9.011382889,5603.0,3998.0,4004.0,5599.0,3992.0,5608.0,21.05,ais/manual,True,True,9999.99,9999.99,HIGH
validation,GRD,e40c9251a4fce150v,e40c9251a4fce150v_057.73929624000000160322_006.10065308300000008757,S1B_IW_GRDH_1SDV_20200831T054753_20200831T054818_023163_02BFB2_EBE9,57.73929624,6.100653082999999,22905.0,2151.0,2157.0,22897.0,2143.0,22912.0,130.5998659,ais/manual,True,False,9999.99,9999.99,HIGH
validation,GRD,e40c9251a4fce150v,e40c9251a4fce150v_057.68684381999999999380_006.16559230100000021935,S1B_IW_GRDH_1SDV_20200831T054753_20200831T054818_023163_02BFB2_EBE9,57.68684382,6.165592301,22429.0,1639.0,1643.0,22424.0,1635.0,22434.0,35.15,ais/manual,True,True,9999.99,9999.99,HIGH
validation,GRD,e40c9251a4fce150v,e40c9251a4fce150v_057.67526570999999790956_009.07259486200000075939,S1B_IW_GRDH_1SDV_20200831T054753_20200831T054818_023163_02BFB2_EBE9,57.67526571,9.072594862,5353.0,4581.0,4584.0,5350.0,4577.0,5355.0,22.5,ais/manual,True,True,9999.99,9999.99,HIGH
validation,GRD,e40c9251a4fce150v,e40c9251a4fce150v_057.72089760000000069340_006.61404060100000013023,S1B_IW_GRDH_1SDV_20200831T054753_20200831T054818_023163_02BFB2_EBE9,57.7208976,6.614040601,19854.0,2438.0,2441.0,19850.0,2434.0,19857.0,27.4,ais/manual,True,True,9999.99,9999.99,HIGH
validation,GRD,e40c9251a4fce150v,e40c9251a4fce150v_057.77010512999999747308_006.47323329700000016373,S1B_IW_GRDH_1SDV_20200831T054753_20200831T054818_023163_02BFB2_EBE9,57.77010513,6.473233297,20772.0,2837.0,2844.0,20766.0,2829.0,20778.0,90.29806092,ais/manual,True,False,9999.99,9999.99,HIGH
validation,GRD,e40c9251a4fce150v,e40c9251a4fce150v_057.89648592999999721087_009.09581363500000072975,S1B_IW_GRDH_1SDV_20200831T054753_20200831T054818_023163_02BFB2_EBE9,57.89648593,9.095813635,5716.0,6988.0,6992.0,5713.0,6985.0,5720.0,28.025,ais/manual,True,True,9999.99,9999.99,HIGH
validation,GRD,e40c9251a4fce150v,e40c9251a4fce150v_057.79873468000000258371_009.28919395900000033350,S1B_IW_GRDH_1SDV_20200831T054753_20200831T054818_023163_02BFB2_EBE9,57.79873468,9.289193959,4370.0,6164.0,6167.0,4367.0,6161.0,4372.0,16.0,ais/manual,True,True,9999.99,9999.99,HIGH
validation,GRD,e40c9251a4fce150v,e40c9251a4fce150v_057.67547101000000253634_008.29361976400000067144,S1B_IW_GRDH_1SDV_20200831T054753_20200831T054818_023163_02BFB2_EBE9,57.67547101,8.293619763999999,9910.0,3693.0,3703.0,9903.0,3684.0,9916.0,28.05,ais/manual,True,True,9999.99,9999.99,HIGH
validation,GRD,e40c9251a4fce150v,e40c9251a4fce150v_057.45211439999999925021_007.70115123899999964863,S1B_IW_GRDH_1SDV_20200831T054753_20200831T054818_023163_02BFB2_EBE9,57.4521144,7.701151239,12926.0,632.0,636.0,12923.0,629.0,12929.0,23.48666667,ais/manual,True,True,9999.99,9999.99,HIGH
validation,GRD,e40c9251a4fce150v,e40c9251a4fce150v_057.25444834999999699221_009.47337425199999927372,S1B_IW_GRDH_1SDV_20200831T054753_20200831T054818_023163_02BFB2_EBE9,57.25444835,9.473374252,2033.0,540.0,542.0,2030.0,538.0,2034.0,18.74395113,ais/manual,True,True,5.0556209538949615,4.6619165852871305,HIGH
validation,GRD,e40c9251a4fce150v,e40c9251a4fce150v_057.65875506999999799973_009.40002842300000018838,S1B_IW_GRDH_1SDV_20200831T054753_20200831T054818_023163_02BFB2_EBE9,57.65875507,9.400028423,3402.0,4792.0,4796.0,3398.0,4789.0,3404.0,15.68253896,ais/manual,True,False,9999.99,9999.99,HIGH
validation,GRD,e40c9251a4fce150v,e40c9251a4fce150v_058.01167238000000025977_008.98916569600000059381,S1B_IW_GRDH_1SDV_20200831T054753_20200831T054818_023163_02BFB2_EBE9,58.01167238,8.989165696,6593.0,8105.0,8117.0,6587.0,8093.0,6598.0,66.75779965,ais/manual,True,False,9999.99,9999.99,HIGH
validation,GRD,e40c9251a4fce150v,e40c9251a4fce150v_057.79537305000000202426_008.54479173700000060876,S1B_IW_GRDH_1SDV_20200831T054753_20200831T054818_023163_02BFB2_EBE9,57.79537305,8.544791737,8700.0,5268.0,5275.0,8691.0,5261.0,8708.0,143.2450367,ais/manual,True,False,9999.99,9999.99,HIGH
validation,GRD,e40c9251a4fce150v,e40c9251a4fce150v_057.79905269999999717356_009.45608910600000029945,S1B_IW_GRDH_1SDV_20200831T054753_20200831T054818_023163_02BFB2_EBE9,57.7990527,9.456089106,3399.0,6366.0,6372.0,3394.0,6361.0,3403.0,21.56355807,ais/manual,True,True,9999.99,9999.99,HIGH
validation,GRD,e40c9251a4fce150v,e40c9251a4fce150v_057.80931429000000321139_005.95157044399999968221,S1B_IW_GRDH_1SDV_20200831T054753_20200831T054818_023163_02BFB2_EBE9,57.80931429,5.951570444,23905.0,2777.0,2788.0,23901.0,2766.0,23909.0,35.25,ais/manual,True,True,9999.99,9999.99,HIGH
validation,GRD,e40c9251a4fce150v,e40c9251a4fce150v_058.00763454999999879647_007.83898187199999973984,S1B_IW_GRDH_1SDV_20200831T054753_20200831T054818_023163_02BFB2_EBE9,58.00763455,7.838981872000001,13258.0,6791.0,6795.0,13254.0,6788.0,13260.0,10.66,ais/manual,True,True,1.8298639009851267,6.024317555599487,HIGH
validation,GRD,e40c9251a4fce150v,e40c9251a4fce150v_058.36875332000000327071_005.83535835300000016446,S1B_IW_GRDH_1SDV_20200831T054753_20200831T054818_023163_02BFB2_EBE9,58.36875332,5.835358352999999,25554.0,8780.0,8787.0,25547.0,8772.0,25560.0,65.47987578,ais/manual,True,False,6.485288005693526,7.06784244021833,HIGH
validation,GRD,e40c9251a4fce150v,e40c9251a4fce150v_057.85947359000000034257_006.24661560900000001340,S1B_IW_GRDH_1SDV_20200831T054753_20200831T054818_023163_02BFB2_EBE9,57.85947359,6.246615609,22264.0,3596.0,3599.0,22261.0,3593.0,22267.0,14.98,ais/manual,True,True,9999.99,9999.99,HIGH
validation,GRD,e40c9251a4fce150v,e40c9251a4fce150v_058.66769122000000180606_009.47978617100000064966,S1B_IW_GRDH_1SDV_20200831T054753_20200831T054818_023163_02BFB2_EBE9,58.66769122,9.479786171,5259.0,15731.0,15733.0,5257.0,15729.0,5261.0,16.1,ais/manual,True,True,9999.99,9999.99,HIGH
validation,GRD,e40c9251a4fce150v,e40c9251a4fce150v_057.87215530000000285327_008.72656272699999924214,S1B_IW_GRDH_1SDV_20200831T054753_20200831T054818_023163_02BFB2_EBE9,57.8721553,8.726562727000001,7809.0,6301.0,6306.0,7802.0,6296.0,7814.0,62.42326667,ais/manual,True,False,9999.99,9999.99,HIGH
validation,GRD,e40c9251a4fce150v,e40c9251a4fce150v_057.60960278000000300835_007.34068266400000002392,S1B_IW_GRDH_1SDV_20200831T054753_20200831T054818_023163_02BFB2_EBE9,57.60960278,7.340682664,15368.0,1958.0,1961.0,15364.0,1956.0,15370.0,18.6,ais/manual,True,True,9999.99,9999.99,HIGH
validation,GRD,e40c9251a4fce150v,e40c9251a4fce150v_057.93753120000000222944_009.66625199599999973543,S1B_IW_GRDH_1SDV_20200831T054753_20200831T054818_023163_02BFB2_EBE9,57.9375312,9.666251996,2502.0,8106.0,8111.0,2498.0,8102.0,2505.0,18.32322026,ais/manual,True,True,9999.99,9999.99,HIGH
validation,GRD,e40c9251a4fce150v,e40c9251a4fce150v_058.02509229000000345877_006.14445611399999958024,S1B_IW_GRDH_1SDV_20200831T054753_20200831T054818_023163_02BFB2_EBE9,58.02509229,6.144456114,23158.0,5307.0,5317.0,23148.0,5296.0,23168.0,83.62360158,ais/manual,True,False,9999.99,9999.99,HIGH
validation,GRD,e40c9251a4fce150v,e40c9251a4fce150v_057.64120625000000330829_008.38943157199999944851,S1B_IW_GRDH_1SDV_20200831T054753_20200831T054818_023163_02BFB2_EBE9,57.64120625,8.389431572000001,9275.0,3430.0,3436.0,9272.0,3424.0,9279.0,17.16047977,ais/manual,True,True,9999.99,9999.99,HIGH
validation,GRD,e40c9251a4fce150v,e40c9251a4fce150v_057.88037898000000325283_009.51714632200000032469,S1B_IW_GRDH_1SDV_20200831T054753_20200831T054818_023163_02BFB2_EBE9,57.88037898,9.517146322,3233.0,7313.0,7322.0,3227.0,7305.0,3238.0,16.99,ais/manual,True,True,9999.99,9999.99,HIGH
validation,GRD,e40c9251a4fce150v,e40c9251a4fce150v_057.86926469000000139431_008.76316329500000001929,S1B_IW_GRDH_1SDV_20200831T054753_20200831T054818_023163_02BFB2_EBE9,57.86926469,8.763163295,7589.0,6312.0,6314.0,7586.0,6309.0,7593.0,26.48,ais/manual,True,True,9999.99,9999.99,HIGH
validation,GRD,e40c9251a4fce150v,e40c9251a4fce150v_058.37121359999999725687_008.99726138499999983367,S1B_IW_GRDH_1SDV_20200831T054753_20200831T054818_023163_02BFB2_EBE9,58.3712136,8.997261385,7346.0,11987.0,11989.0,7344.0,11985.0,7348.0,20.32045942,ais/manual,True,True,9999.99,9999.99,HIGH
validation,GRD,e40c9251a4fce150v,e40c9251a4fce150v_058.41943548999999791249_009.04741476100000063809,S1B_IW_GRDH_1SDV_20200831T054753_20200831T054818_023163_02BFB2_EBE9,58.41943549,9.047414761,7166.0,12563.0,12569.0,7162.0,12558.0,7169.0,17.3980226,ais/manual,True,True,9.701468872874765,9999.99,HIGH
validation,GRD,e40c9251a4fce150v,e40c9251a4fce150v_057.26170798999999789203_009.33968127900000055774,S1B_IW_GRDH_1SDV_20200831T054753_20200831T054818_023163_02BFB2_EBE9,57.26170799,9.339681279,2839.0,455.0,458.0,2836.0,451.0,2841.0,16.59620681,ais/manual,True,True,9999.99,9999.99,HIGH
validation,GRD,e40c9251a4fce150v,e40c9251a4fce150v_057.87744167000000317103_009.87320469800000033445,S1B_IW_GRDH_1SDV_20200831T054753_20200831T054818_023163_02BFB2_EBE9,57.87744167,9.873204698,1161.0,7714.0,7717.0,1157.0,7711.0,1163.0,16.27998359,ais/manual,True,True,9999.99,9999.99,HIGH
validation,GRD,e40c9251a4fce150v,e40c9251a4fce150v_057.27092122999999901367_009.28305474199999913765,S1B_IW_GRDH_1SDV_20200831T054753_20200831T054818_023163_02BFB2_EBE9,57.27092123,9.283054742,3194.0,485.0,489.0,3191.0,481.0,3197.0,17.3191447,ais/manual,True,True,9999.99,9999.99,HIGH
validation,GRD,e40c9251a4fce150v,e40c9251a4fce150v_057.42395282999999750473_008.08499213300000008076,S1B_IW_GRDH_1SDV_20200831T054753_20200831T054818_023163_02BFB2_EBE9,57.42395283,8.084992133,10603.0,746.0,752.0,10594.0,740.0,10611.0,130.9893842,ais/manual,True,False,9999.99,9999.99,HIGH
validation,GRD,e40c9251a4fce150v,e40c9251a4fce150v_057.97937076000000189424_006.92940086299999968844,S1B_IW_GRDH_1SDV_20200831T054753_20200831T054818_023163_02BFB2_EBE9,57.97937076,6.929400863,18496.0,5556.0,5560.0,18493.0,5552.0,18499.0,14.07951329,ais/manual,True,False,3.7499836644987328,4.859350208781833,HIGH
validation,GRD,e40c9251a4fce150v,e40c9251a4fce150v_058.13622347999999817603_006.00964791799999975552,S1B_IW_GRDH_1SDV_20200831T054753_20200831T054818_023163_02BFB2_EBE9,58.13622348,6.009647918,24140.0,6396.0,6401.0,24135.0,6392.0,24144.0,43.85,ais/manual,True,True,9999.99,9999.99,HIGH
validation,GRD,e40c9251a4fce150v,e40c9251a4fce150v_057.82454498999999970010_009.31398068300000048225,S1B_IW_GRDH_1SDV_20200831T054753_20200831T054818_023163_02BFB2_EBE9,57.82454499,9.313980683,4285.0,6471.0,6475.0,4277.0,6466.0,4292.0,108.7168378,ais/manual,True,False,9999.99,9999.99,HIGH
validation,GRD,e40c9251a4fce150v,e40c9251a4fce150v_057.66069914999999923566_008.90496969299999996394,S1B_IW_GRDH_1SDV_20200831T054753_20200831T054818_023163_02BFB2_EBE9,57.66069915,8.904969693,6300.0,4228.0,4232.0,6297.0,4225.0,6301.0,20.26144935,ais/manual,True,True,9999.99,9999.99,HIGH
validation,GRD,e40c9251a4fce150v,e40c9251a4fce150v_057.97136634999999671436_009.85165128300000070283,S1B_IW_GRDH_1SDV_20200831T054753_20200831T054818_023163_02BFB2_EBE9,57.97136635,9.851651283,1508.0,8695.0,8698.0,1506.0,8692.0,1510.0,19.36208593,ais/manual,True,True,9999.99,9999.99,HIGH
validation,GRD,e40c9251a4fce150v,e40c9251a4fce150v_057.84653904000000324004_009.63104691100000032122,S1B_IW_GRDH_1SDV_20200831T054753_20200831T054818_023163_02BFB2_EBE9,57.84653904,9.631046911,2493.0,7087.0,7091.0,2489.0,7084.0,2496.0,18.5,ais/manual,True,True,9999.99,9999.99,HIGH
validation,GRD,e40c9251a4fce150v,e40c9251a4fce150v_057.96338828999999748248_009.55670594000000050983,S1B_IW_GRDH_1SDV_20200831T054753_20200831T054818_023163_02BFB2_EBE9,57.96338829,9.55670594,3196.0,8252.0,8261.0,3191.0,8244.0,3202.0,21.95,ais/manual,True,True,9999.99,9999.99,HIGH
validation,GRD,e40c9251a4fce150v,e40c9251a4fce150v_057.73890832000000017388_005.63463743500000013853,S1B_IW_GRDH_1SDV_20200831T054753_20200831T054818_023163_02BFB2_EBE9,57.73890832,5.634637435,25646.0,1723.0,1740.0,25638.0,1705.0,25654.0,110.3367301,ais/manual,True,False,9999.99,9999.99,HIGH
validation,GRD,e40c9251a4fce150v,e40c9251a4fce150v_058.20312763999999816633_008.76349761500000035142,S1B_IW_GRDH_1SDV_20200831T054753_20200831T054818_023163_02BFB2_EBE9,58.20312764,8.763497615,8320.0,9911.0,9920.0,8311.0,9903.0,8330.0,106.7718356,ais/manual,True,False,9999.99,9999.99,HIGH
validation,GRD,e40c9251a4fce150v,e40c9251a4fce150v_057.42780874000000324031_008.34319483700000041893,S1B_IW_GRDH_1SDV_20200831T054753_20200831T054818_023163_02BFB2_EBE9,57.42780874,8.343194837,9088.0,1076.0,1080.0,9085.0,1071.0,9091.0,23.23458692,ais/manual,True,True,9999.99,9999.99,HIGH
validation,GRD,e40c9251a4fce150v,e40c9251a4fce150v_058.22913127000000343969_006.20711891300000040417,S1B_IW_GRDH_1SDV_20200831T054753_20200831T054818_023163_02BFB2_EBE9,58.22913127,6.207118913,23157.0,7589.0,7591.0,23154.0,7586.0,23160.0,74.16806177,ais/manual,True,False,9.003106651770786,9999.99,HIGH
validation,GRD,e40c9251a4fce150v,e40c9251a4fce150v_057.62527679000000091492_007.11907892899999961145,S1B_IW_GRDH_1SDV_20200831T054753_20200831T054818_023163_02BFB2_EBE9,57.62527679,7.119078929,16702.0,1901.0,1905.0,16698.0,1896.0,16705.0,14.98,ais/manual,True,True,9999.99,9999.99,HIGH
validation,GRD,e40c9251a4fce150v,e40c9251a4fce150v_058.56582539000000053875_009.27039321400000027040,S1B_IW_GRDH_1SDV_20200831T054753_20200831T054818_023163_02BFB2_EBE9,58.56582539,9.270393214,6220.0,14394.0,14396.0,6217.0,14392.0,6221.0,18.66,ais/manual,True,True,9.982534810650227,9999.99,HIGH
validation,GRD,e40c9251a4fce150v,e40c9251a4fce150v_057.74218862000000029866_006.02008491399999989824,S1B_IW_GRDH_1SDV_20200831T054753_20200831T054818_023163_02BFB2_EBE9,57.74218862,6.020084914,23384.0,2108.0,2116.0,23379.0,2099.0,23388.0,28.05,ais/manual,True,True,9999.99,9999.99,HIGH
validation,GRD,e40c9251a4fce150v,e40c9251a4fce150v_057.88107629999999659276_009.25983999900000043226,S1B_IW_GRDH_1SDV_20200831T054753_20200831T054818_023163_02BFB2_EBE9,57.88107629999999,9.259839999,4729.0,7015.0,7024.0,4721.0,7006.0,4736.0,101.3592371,ais/manual,True,False,9999.99,9999.99,HIGH
validation,GRD,e40c9251a4fce150v,e40c9251a4fce150v_057.86046137000000300077_009.86049069299999914051,S1B_IW_GRDH_1SDV_20200831T054753_20200831T054818_023163_02BFB2_EBE9,57.86046137,9.860490693,1194.0,7516.0,7521.0,1190.0,7512.0,1197.0,17.42685886,ais/manual,True,True,9999.99,9999.99,HIGH
validation,GRD,e40c9251a4fce150v,e40c9251a4fce150v_057.77717263000000258444_009.32786107199999925399,S1B_IW_GRDH_1SDV_20200831T054753_20200831T054818_023163_02BFB2_EBE9,57.77717263,9.327861072,4095.0,5978.0,5986.0,4091.0,5971.0,4099.0,26.15,ais/manual,True,True,9999.99,9999.99,HIGH
validation,GRD,9ea5029406691ce4v,9ea5029406691ce4v_058.10000051000000098611_005.74048738100000033313,S1B_IW_GRDH_1SDV_20200905T055557_20200905T055622_023236_02C208_9FE2,58.10000051,5.740487381,13669.0,759.0,777.0,13652.0,741.0,13684.0,224.7458787,ais/manual,True,False,9999.99,9999.99,HIGH
validation,GRD,9ea5029406691ce4v,9ea5029406691ce4v_058.43400805000000275413_003.97151954700000020537,S1B_IW_GRDH_1SDV_20200905T055557_20200905T055622_023236_02C208_9FE2,58.43400805,3.971519547,24526.0,2675.0,2678.0,24521.0,2670.0,24529.0,42.9,ais/manual,True,True,9999.99,9999.99,HIGH
validation,GRD,9ea5029406691ce4v,9ea5029406691ce4v_058.85806248000000095999_004.47205695999999974788,S1B_IW_GRDH_1SDV_20200905T055557_20200905T055622_023236_02C208_9FE2,58.85806248,4.47205696,22383.0,7751.0,7761.0,22375.0,7740.0,22390.0,139.8,ais/manual,True,False,9999.99,9999.99,HIGH
validation,GRD,9ea5029406691ce4v,9ea5029406691ce4v_058.75061253999999877351_005.38883618799999997151,S1B_IW_GRDH_1SDV_20200905T055557_20200905T055622_023236_02C208_9FE2,58.75061254,5.388836187999999,16965.0,7454.0,7467.0,16959.0,7440.0,16971.0,81.84341051,ais/manual,True,False,5.771386195409856,5.957676393129454,HIGH
validation,GRD,9ea5029406691ce4v,9ea5029406691ce4v_059.20192379000000215683_005.03645834599999986381,S1B_IW_GRDH_1SDV_20200905T055557_20200905T055622_023236_02C208_9FE2,59.20192379,5.036458346,19808.0,12018.0,12043.0,19800.0,11992.0,19817.0,108.9175896,ais/manual,True,False,3.385069055121508,7.463120995446751,HIGH
validation,GRD,9ea5029406691ce4v,9ea5029406691ce4v_059.47230592999999743142_004.76571198899999970422,S1B_IW_GRDH_1SDV_20200905T055557_20200905T055622_023236_02C208_9FE2,59.47230593,4.765711989,21823.0,14711.0,14719.0,21818.0,14703.0,21827.0,71.96,ais/manual,True,True,9999.99,9999.99,HIGH
validation,GRD,9ea5029406691ce4v,9ea5029406691ce4v_058.70119737000000270655_005.40259377399999962677,S1B_IW_GRDH_1SDV_20200905T055557_20200905T055622_023236_02C208_9FE2,58.70119737,5.402593774,16794.0,6931.0,6937.0,16789.0,6925.0,16798.0,56.97418488,ais/manual,True,False,6.722895735225624,6.804561968227542,HIGH
validation,GRD,9ea5029406691ce4v,9ea5029406691ce4v_058.04678659000000351398_007.92506471699999970326,S1B_IW_GRDH_1SDV_20200905T055557_20200905T055622_023236_02C208_9FE2,58.04678659,7.925064717000001,915.0,2675.0,2684.0,909.0,2665.0,921.0,35.25,ais/manual,True,True,0.8793685920469781,3.187363814121289,HIGH
validation,GRD,9ea5029406691ce4v,9ea5029406691ce4v_058.68098567999999914946_004.57055623799999999335,S1B_IW_GRDH_1SDV_20200905T055557_20200905T055622_023236_02C208_9FE2,58.68098568,4.570556238,21511.0,5912.0,5919.0,21507.0,5905.0,21514.0,58.53592897,ais/manual,True,False,9999.99,9999.99,HIGH
validation,GRD,9ea5029406691ce4v,9ea5029406691ce4v_058.24736538999999879707_004.40172593199999973024,S1B_IW_GRDH_1SDV_20200905T055557_20200905T055622_023236_02C208_9FE2,58.24736539,4.401725932,21713.0,1032.0,1037.0,21708.0,1025.0,21717.0,33.75,ais/manual,True,True,9999.99,9999.99,HIGH
validation,GRD,9ea5029406691ce4v,9ea5029406691ce4v_057.95958364999999901102_007.03308047500000022012,S1B_IW_GRDH_1SDV_20200905T055557_20200905T055622_023236_02C208_9FE2,57.95958365,7.033080475,5872.0,672.0,677.0,5868.0,668.0,5875.0,67.74286972,ais/manual,True,False,2.45604366535022,2.97513158804302,HIGH
validation,GRD,9ea5029406691ce4v,9ea5029406691ce4v_058.00883641000000068289_006.77258040300000008216,S1B_IW_GRDH_1SDV_20200905T055557_20200905T055622_023236_02C208_9FE2,58.00883641,6.772580402999999,7492.0,903.0,912.0,7487.0,895.0,7497.0,62.4092832,ais/manual,True,False,4.5124611901334015,6.150392583599981,HIGH
validation,GRD,9ea5029406691ce4v,9ea5029406691ce4v_059.29763780999999767118_005.71616669299999990983,S1B_IW_GRDH_1SDV_20200905T055557_20200905T055622_023236_02C208_9FE2,59.29763781,5.716166693,16175.0,13714.0,13718.0,16171.0,13711.0,16179.0,25.15509026,ais/manual,True,False,0.5835595470890228,0.852017128159395,HIGH
validation,GRD,9ea5029406691ce4v,9ea5029406691ce4v_058.14815334000000035530_005.43413694000000013773,S1B_IW_GRDH_1SDV_20200905T055557_20200905T055622_023236_02C208_9FE2,58.14815334,5.43413694,15541.0,963.0,971.0,15537.0,956.0,15546.0,62.6,ais/manual,True,True,9999.99,9999.99,HIGH
validation,GRD,9ea5029406691ce4v,9ea5029406691ce4v_059.28316956999999831623_005.73407147200000011367,S1B_IW_GRDH_1SDV_20200905T055557_20200905T055622_023236_02C208_9FE2,59.28316957,5.734071472,16046.0,13575.0,13579.0,16043.0,13571.0,16048.0,17.14952521,ais/manual,True,False,1.701933154687408,2.6013862078052754,HIGH
validation,GRD,9ea5029406691ce4v,9ea5029406691ce4v_058.11505095999999781498_004.87391352399999977507,S1B_IW_GRDH_1SDV_20200905T055557_20200905T055622_023236_02C208_9FE2,58.11505096,4.873913524,18727.0,44.0,46.0,18722.0,40.0,18731.0,68.8,ais/manual,True,True,9999.99,9999.99,HIGH
validation,GRD,9ea5029406691ce4v,9ea5029406691ce4v_058.48815193000000078882_005.19712051099999960968,S1B_IW_GRDH_1SDV_20200905T055557_20200905T055622_023236_02C208_9FE2,58.48815193,5.1971205110000005,17564.0,4415.0,4420.0,17558.0,4410.0,17570.0,86.8,ais/manual,True,True,5.64739448772368,9999.99,HIGH
validation,GRD,9ea5029406691ce4v,9ea5029406691ce4v_058.12053381999999857044_005.65877017900000023332,S1B_IW_GRDH_1SDV_20200905T055557_20200905T055622_023236_02C208_9FE2,58.12053382,5.658770178999999,14184.0,896.0,900.0,14179.0,892.0,14188.0,27.4,ais/manual,True,True,9999.99,9999.99,HIGH
validation,GRD,9ea5029406691ce4v,9ea5029406691ce4v_058.90946514000000178157_004.80343503000000016101,S1B_IW_GRDH_1SDV_20200905T055557_20200905T055622_023236_02C208_9FE2,58.90946514,4.80343503,20591.0,8617.0,8621.0,20586.0,8612.0,20596.0,104.9895894,ais/manual,True,False,9999.99,9999.99,HIGH
validation,GRD,9ea5029406691ce4v,9ea5029406691ce4v_058.43646348000000045886_003.95847250600000011289,S1B_IW_GRDH_1SDV_20200905T055557_20200905T055622_023236_02C208_9FE2,58.43646348,3.958472506,24605.0,2690.0,2704.0,24598.0,2674.0,24612.0,61.88,ais/manual,True,True,9999.99,9999.99,HIGH
validation,GRD,9ea5029406691ce4v,9ea5029406691ce4v_058.25285797000000087564_004.41688155699999995818,S1B_IW_GRDH_1SDV_20200905T055557_20200905T055622_023236_02C208_9FE2,58.25285797,4.416881557,21635.0,1106.0,1110.0,21630.0,1100.0,21640.0,63.97,ais/manual,True,True,9999.99,9999.99,HIGH
validation,GRD,9ea5029406691ce4v,9ea5029406691ce4v_059.01886786000000029162_005.05686816500000002605,S1B_IW_GRDH_1SDV_20200905T055557_20200905T055622_023236_02C208_9FE2,59.01886786,5.056868165,19353.0,10046.0,10054.0,19349.0,10038.0,19356.0,35.47095539,ais/manual,True,False,9999.99,9999.99,HIGH
validation,GRD,9ea5029406691ce4v,9ea5029406691ce4v_058.37032855999999725327_005.04725394400000038075,S1B_IW_GRDH_1SDV_20200905T055557_20200905T055622_023236_02C208_9FE2,58.37032856,5.047253944,18204.0,2987.0,2996.0,18200.0,2978.0,18207.0,80.9435515,ais/manual,True,False,9999.99,9999.99,HIGH
validation,GRD,9ea5029406691ce4v,9ea5029406691ce4v_058.45429705000000097925_003.93617415699999995127,S1B_IW_GRDH_1SDV_20200905T055557_20200905T055622_023236_02C208_9FE2,58.45429705,3.936174157,24763.0,2865.0,2872.0,24759.0,2857.0,24768.0,70.3,ais/manual,True,True,9999.99,9999.99,HIGH
validation,GRD,9ea5029406691ce4v,9ea5029406691ce4v_058.38304269000000346068_004.08842390099999963837,S1B_IW_GRDH_1SDV_20200905T055557_20200905T055622_023236_02C208_9FE2,58.38304269,4.0884239010000005,23765.0,2223.0,2234.0,23759.0,2213.0,23770.0,61.75,ais/manual,True,True,9999.99,9999.99,HIGH
validation,GRD,9ea5029406691ce4v,9ea5029406691ce4v_058.74545212999999677095_004.80352329399999966597,S1B_IW_GRDH_1SDV_20200905T055557_20200905T055622_023236_02C208_9FE2,58.74545213,4.803523294,20296.0,6832.0,6839.0,20290.0,6824.0,20302.0,82.33731750000003,ais/manual,True,False,9999.99,9999.99,HIGH
validation,GRD,9ea5029406691ce4v,9ea5029406691ce4v_059.20952070999999961032_004.62351810100000015780,S1B_IW_GRDH_1SDV_20200905T055557_20200905T055622_023236_02C208_9FE2,59.20952071,4.623518101,22147.0,11719.0,11725.0,22143.0,11713.0,22150.0,53.91662576,ais/manual,True,False,9999.99,9999.99,HIGH
validation,GRD,cd4f6ff86f9f5991v,cd4f6ff86f9f5991v_057.76169737000000026228_008.74416480000000007067,S1B_IW_GRDH_1SDV_20200912T054754_20200912T054819_023338_02C52B_F9AA,57.76169737,8.7441648,7471.0,5130.0,5137.0,7468.0,5123.0,7474.0,21.50291672,ais/manual,True,True,9999.99,9999.99,HIGH
validation,GRD,cd4f6ff86f9f5991v,cd4f6ff86f9f5991v_057.43961957999999867752_009.18053513599999959638,S1B_IW_GRDH_1SDV_20200912T054754_20200912T054819_023338_02C52B_F9AA,57.43961958,9.180535136,4193.0,2174.0,2179.0,4189.0,2168.0,4197.0,22.5,ais/manual,True,True,9999.99,9999.99,HIGH
validation,GRD,cd4f6ff86f9f5991v,cd4f6ff86f9f5991v_057.67028918999999831385_007.07797533000000012038,S1B_IW_GRDH_1SDV_20200912T054754_20200912T054819_023338_02C52B_F9AA,57.67028919,7.07797533,17039.0,2346.0,2350.0,17037.0,2343.0,17041.0,27.4,ais/manual,True,True,9999.99,9999.99,HIGH
validation,GRD,cd4f6ff86f9f5991v,cd4f6ff86f9f5991v_057.67424600999999739770_005.60368549000000015781,S1B_IW_GRDH_1SDV_20200912T054754_20200912T054819_023338_02C52B_F9AA,57.67424601,5.60368549,25725.0,988.0,991.0,25722.0,985.0,25728.0,26.78968773,ais/manual,True,True,9999.99,9999.99,HIGH
validation,GRD,cd4f6ff86f9f5991v,cd4f6ff86f9f5991v_058.02509017999999940685_005.72006071599999987853,S1B_IW_GRDH_1SDV_20200912T054754_20200912T054819_023338_02C52B_F9AA,58.02509018,5.720060716,25643.0,4923.0,4929.0,25639.0,4918.0,25647.0,68.82093359,ais/manual,True,False,9999.99,9999.99,HIGH
validation,GRD,cd4f6ff86f9f5991v,cd4f6ff86f9f5991v_058.27842898000000104730_006.09708474900000041430,S1B_IW_GRDH_1SDV_20200912T054754_20200912T054819_023338_02C52B_F9AA,58.27842898,6.097084749,23890.0,8026.0,8037.0,23884.0,8014.0,23896.0,57.30226462,ais/manual,True,False,7.859308060494562,8.184287337644143,HIGH
validation,GRD,cd4f6ff86f9f5991v,cd4f6ff86f9f5991v_058.07374114999999648035_009.75402298400000056233,S1B_IW_GRDH_1SDV_20200912T054754_20200912T054819_023338_02C52B_F9AA,58.07374115,9.754022984,2322.0,9674.0,9676.0,2317.0,9671.0,2326.0,35.12,ais/manual,True,True,9999.99,9999.99,HIGH
validation,GRD,cd4f6ff86f9f5991v,cd4f6ff86f9f5991v_058.01175357999999704361_006.72705473099999995412,S1B_IW_GRDH_1SDV_20200912T054754_20200912T054819_023338_02C52B_F9AA,58.01175358,6.727054731,19745.0,5710.0,5718.0,19740.0,5701.0,19749.0,32.55,ais/manual,True,True,4.646690618085324,6.033005565815524,HIGH
validation,GRD,cd4f6ff86f9f5991v,cd4f6ff86f9f5991v_057.72090061000000105196_008.96336101900000059572,S1B_IW_GRDH_1SDV_20200912T054754_20200912T054819_023338_02C52B_F9AA,57.72090061,8.963361019,6101.0,4943.0,4952.0,6091.0,4935.0,6110.0,162.89389930000004,ais/manual,True,False,9999.99,9999.99,HIGH
validation,GRD,cd4f6ff86f9f5991v,cd4f6ff86f9f5991v_057.62650364999999652582_008.70024212899999938031,S1B_IW_GRDH_1SDV_20200912T054754_20200912T054819_023338_02C52B_F9AA,57.62650365,8.700242129,7430.0,3623.0,3630.0,7423.0,3616.0,7437.0,197.8202154,ais/manual,True,False,9999.99,9999.99,HIGH
validation,GRD,cd4f6ff86f9f5991v,cd4f6ff86f9f5991v_057.41034094999999837228_008.90757757299999930467,S1B_IW_GRDH_1SDV_20200912T054754_20200912T054819_023338_02C52B_F9AA,57.41034095,8.907577573,5733.0,1536.0,1540.0,5725.0,1531.0,5739.0,64.23751457,ais/manual,True,False,9999.99,9999.99,HIGH
validation,GRD,cd4f6ff86f9f5991v,cd4f6ff86f9f5991v_057.66987138999999729094_009.26784416099999930339,S1B_IW_GRDH_1SDV_20200912T054754_20200912T054819_023338_02C52B_F9AA,57.66987139,9.267844161,4207.0,4753.0,4762.0,4194.0,4743.0,4220.0,168.1906716,ais/manual,True,False,9999.99,9999.99,HIGH
validation,GRD,cd4f6ff86f9f5991v,cd4f6ff86f9f5991v_057.55412350000000287764_008.50649018300000037129,S1B_IW_GRDH_1SDV_20200912T054754_20200912T054819_023338_02C52B_F9AA,57.5541235,8.506490183,8408.0,2622.0,2626.0,8404.0,2617.0,8412.0,71.06327542,ais/manual,True,False,9999.99,9999.99,HIGH
validation,GRD,cd4f6ff86f9f5991v,cd4f6ff86f9f5991v_057.81014683000000076163_009.35370109199999966165,S1B_IW_GRDH_1SDV_20200912T054754_20200912T054819_023338_02C52B_F9AA,57.81014683,9.353701092,4028.0,6363.0,6365.0,4024.0,6360.0,4032.0,46.45,ais/manual,True,True,9999.99,9999.99,HIGH
validation,GRD,cd4f6ff86f9f5991v,cd4f6ff86f9f5991v_057.61462362000000325679_008.18545593800000048645,S1B_IW_GRDH_1SDV_20200912T054754_20200912T054819_023338_02C52B_F9AA,57.61462362,8.185455937999999,10423.0,2916.0,2925.0,10418.0,2905.0,10427.0,21.75647321,ais/manual,True,True,9999.99,9999.99,HIGH
validation,GRD,cd4f6ff86f9f5991v,cd4f6ff86f9f5991v_058.05632551000000063368_008.39994929000000034591,S1B_IW_GRDH_1SDV_20200912T054754_20200912T054819_023338_02C52B_F9AA,58.05632551,8.39994929,10112.0,7922.0,7930.0,10103.0,7914.0,10120.0,108.7140794,ais/manual,True,False,9999.99,9999.99,HIGH
validation,GRD,cd4f6ff86f9f5991v,cd4f6ff86f9f5991v_057.69001011000000289641_006.09179995000000040761,S1B_IW_GRDH_1SDV_20200912T054754_20200912T054819_023338_02C52B_F9AA,57.69001011,6.09179995,22877.0,1604.0,1615.0,22871.0,1593.0,22882.0,53.0,ais/manual,True,True,9999.99,9999.99,HIGH
validation,GRD,cd4f6ff86f9f5991v,cd4f6ff86f9f5991v_057.79889621000000232698_009.29201613000000037346,S1B_IW_GRDH_1SDV_20200912T054754_20200912T054819_023338_02C52B_F9AA,57.79889621,9.29201613,4362.0,6168.0,6172.0,4358.0,6165.0,4364.0,19.57,ais/manual,True,True,9999.99,9999.99,HIGH
validation,GRD,cd4f6ff86f9f5991v,cd4f6ff86f9f5991v_057.52031923999999918351_008.84502654199999938101,S1B_IW_GRDH_1SDV_20200912T054754_20200912T054819_023338_02C52B_F9AA,57.52031924,8.845026542000001,6346.0,2646.0,2654.0,6338.0,2639.0,6354.0,134.0,ais/manual,True,False,9999.99,9999.99,HIGH
validation,GRD,cd4f6ff86f9f5991v,cd4f6ff86f9f5991v_057.50518850000000270484_008.64683323600000086628,S1B_IW_GRDH_1SDV_20200912T054754_20200912T054819_023338_02C52B_F9AA,57.5051885,8.646833236,7477.0,2254.0,2263.0,7465.0,2246.0,7488.0,178.1121594,ais/manual,True,False,9999.99,9999.99,HIGH
validation,GRD,cd4f6ff86f9f5991v,cd4f6ff86f9f5991v_057.83299153000000103475_009.16262719400000058556,S1B_IW_GRDH_1SDV_20200912T054754_20200912T054819_023338_02C52B_F9AA,57.83299153,9.162627194,5192.0,6382.0,6389.0,5189.0,6376.0,5195.0,23.61,ais/manual,True,True,9999.99,9999.99,HIGH
validation,GRD,cd4f6ff86f9f5991v,cd4f6ff86f9f5991v_058.14501482000000009975_005.86728298899999956006,S1B_IW_GRDH_1SDV_20200912T054754_20200912T054819_023338_02C52B_F9AA,58.14501482,5.867282989,24991.0,6363.0,6368.0,24987.0,6359.0,24994.0,34.355,ais/manual,True,True,9999.99,9999.99,HIGH
validation,GRD,cd4f6ff86f9f5991v,cd4f6ff86f9f5991v_057.86779136999999906266_006.15571564700000006809,S1B_IW_GRDH_1SDV_20200912T054754_20200912T054819_023338_02C52B_F9AA,57.86779137,6.155715647,22819.0,3601.0,3606.0,22816.0,3597.0,22822.0,28.1,ais/manual,True,True,9999.99,9999.99,HIGH
validation,GRD,cd4f6ff86f9f5991v,cd4f6ff86f9f5991v_057.43229357999999962203_008.66369116099999914127,S1B_IW_GRDH_1SDV_20200912T054754_20200912T054819_023338_02C52B_F9AA,57.43229358,8.663691161000001,7217.0,1488.0,1491.0,7215.0,1486.0,7219.0,23.35,ais/manual,True,True,9999.99,9999.99,HIGH
validation,GRD,cd4f6ff86f9f5991v,cd4f6ff86f9f5991v_057.82931797999999901094_009.03632710299999963866,S1B_IW_GRDH_1SDV_20200912T054754_20200912T054819_023338_02C52B_F9AA,57.82931798,9.036327103,5919.0,6195.0,6199.0,5915.0,6192.0,5921.0,22.94,ais/manual,True,True,9999.99,9999.99,HIGH
validation,GRD,cd4f6ff86f9f5991v,cd4f6ff86f9f5991v_057.76192979999999721485_007.85792736600000019109,S1B_IW_GRDH_1SDV_20200912T054754_20200912T054819_023338_02C52B_F9AA,57.7619298,7.857927366,12650.0,4152.0,4157.0,12647.0,4146.0,12653.0,90.0,ais/manual,True,False,9999.99,9999.99,HIGH
validation,GRD,cd4f6ff86f9f5991v,cd4f6ff86f9f5991v_057.71508332999999879576_008.63606366800000024853,S1B_IW_GRDH_1SDV_20200912T054754_20200912T054819_023338_02C52B_F9AA,57.71508333,8.636063668,8000.0,4505.0,4511.0,7996.0,4498.0,8003.0,22.30162043,ais/manual,True,True,9999.99,9999.99,HIGH
validation,GRD,cd4f6ff86f9f5991v,cd4f6ff86f9f5991v_057.82604701999999718964_009.77679319099999943887,S1B_IW_GRDH_1SDV_20200912T054754_20200912T054819_023338_02C52B_F9AA,57.82604702,9.776793191,1606.0,7044.0,7047.0,1604.0,7040.0,1609.0,25.91,ais/manual,True,True,9999.99,9999.99,HIGH
validation,GRD,cd4f6ff86f9f5991v,cd4f6ff86f9f5991v_058.46685150999999791566_009.50426284000000087815,S1B_IW_GRDH_1SDV_20200912T054754_20200912T054819_023338_02C52B_F9AA,58.46685151,9.50426284,4668.0,13599.0,13604.0,4663.0,13594.0,4673.0,118.2244381,ais/manual,True,False,9999.99,9999.99,HIGH
validation,GRD,cd4f6ff86f9f5991v,cd4f6ff86f9f5991v_057.59877094000000141705_008.00393359899999978779,S1B_IW_GRDH_1SDV_20200912T054754_20200912T054819_023338_02C52B_F9AA,57.59877094,8.003933599,11455.0,2545.0,2555.0,11448.0,2536.0,11461.0,35.1,ais/manual,True,True,9999.99,9999.99,HIGH
validation,GRD,cd4f6ff86f9f5991v,cd4f6ff86f9f5991v_057.79954246999999867285_008.88824662500000073351,S1B_IW_GRDH_1SDV_20200912T054754_20200912T054819_023338_02C52B_F9AA,57.79954247,8.888246625,6715.0,5703.0,5708.0,6711.0,5699.0,6718.0,23.95,ais/manual,True,True,9999.99,9999.99,HIGH
validation,GRD,cd4f6ff86f9f5991v,cd4f6ff86f9f5991v_057.79612913999999790349_007.44936124599999960338,S1B_IW_GRDH_1SDV_20200912T054754_20200912T054819_023338_02C52B_F9AA,57.79612914,7.449361246,15109.0,4092.0,4102.0,15104.0,4081.0,15114.0,84.70484487,ais/manual,True,False,9999.99,9999.99,HIGH
validation,GRD,cd4f6ff86f9f5991v,cd4f6ff86f9f5991v_058.11396307999999777394_009.37164054099999965786,S1B_IW_GRDH_1SDV_20200912T054754_20200912T054819_023338_02C52B_F9AA,58.11396308,9.371640541,4621.0,9650.0,9668.0,4612.0,9631.0,4631.0,66.78282819,ais/manual,True,False,9999.99,9999.99,HIGH
validation,GRD,cd4f6ff86f9f5991v,cd4f6ff86f9f5991v_058.02496046000000262666_006.68709549200000008540,S1B_IW_GRDH_1SDV_20200912T054754_20200912T054819_023338_02C52B_F9AA,58.02496046,6.687095492,20002.0,5815.0,5820.0,19998.0,5809.0,20005.0,71.14745014,ais/manual,True,False,3.665413065872673,4.6238994709778405,HIGH
validation,GRD,cd4f6ff86f9f5991v,cd4f6ff86f9f5991v_057.66984824000000031674_006.19388408699999981621,S1B_IW_GRDH_1SDV_20200912T054754_20200912T054819_023338_02C52B_F9AA,57.66984824,6.193884087000001,22240.0,1480.0,1492.0,22233.0,1467.0,22246.0,40.26,ais/manual,True,True,9999.99,9999.99,HIGH
validation,GRD,cd4f6ff86f9f5991v,cd4f6ff86f9f5991v_058.03614964999999870088_006.61183148200000037065,S1B_IW_GRDH_1SDV_20200912T054754_20200912T054819_023338_02C52B_F9AA,58.03614965,6.611831482,20461.0,5864.0,5867.0,20459.0,5862.0,20463.0,9.9,ais/manual,True,True,3.669619415822783,3.900517167631066,HIGH
validation,GRD,cd4f6ff86f9f5991v,cd4f6ff86f9f5991v_057.55376660000000299533_007.40084486000000030259,S1B_IW_GRDH_1SDV_20200912T054754_20200912T054819_023338_02C52B_F9AA,57.5537666,7.40084486,14910.0,1414.0,1417.0,14907.0,1412.0,14913.0,28.05,ais/manual,True,True,9999.99,9999.99,HIGH
validation,GRD,cd4f6ff86f9f5991v,cd4f6ff86f9f5991v_058.15331517999999988433_009.33518087999999934823,S1B_IW_GRDH_1SDV_20200912T054754_20200912T054819_023338_02C52B_F9AA,58.15331518,9.33518088,4921.0,10030.0,10039.0,4914.0,10021.0,4928.0,138.6614615,ais/manual,True,False,9999.99,9999.99,HIGH
validation,GRD,cd4f6ff86f9f5991v,cd4f6ff86f9f5991v_057.64131371999999942091_007.59334352299999970626,S1B_IW_GRDH_1SDV_20200912T054754_20200912T054819_023338_02C52B_F9AA,57.64131372,7.593343523,13954.0,2565.0,2576.0,13949.0,2554.0,13959.0,35.25,ais/manual,True,True,9999.99,9999.99,HIGH
validation,GRD,cd4f6ff86f9f5991v,cd4f6ff86f9f5991v_058.30341820999999669084_006.24765807400000028338,S1B_IW_GRDH_1SDV_20200912T054754_20200912T054819_023338_02C52B_F9AA,58.30341821,6.247658073999999,23062.0,8435.0,8450.0,23056.0,8420.0,23068.0,20.86552891,ais/manual,True,False,2.074588181512161,2.501180447380945,HIGH
validation,GRD,cd4f6ff86f9f5991v,cd4f6ff86f9f5991v_058.04279294999999905258_006.52683388099999994836,S1B_IW_GRDH_1SDV_20200912T054754_20200912T054819_023338_02C52B_F9AA,58.04279295,6.526833881,20969.0,5856.0,5870.0,20959.0,5841.0,20978.0,85.67164089,ais/manual,True,False,6.228831320054628,6.607375850880851,HIGH
validation,GRD,cd4f6ff86f9f5991v,cd4f6ff86f9f5991v_057.69273134000000169408_008.87733679199999947684,S1B_IW_GRDH_1SDV_20200912T054754_20200912T054819_023338_02C52B_F9AA,57.69273134,8.877336792000001,6541.0,4540.0,4549.0,6528.0,4531.0,6553.0,179.0907779,ais/manual,True,False,9999.99,9999.99,HIGH
validation,GRD,204e657a411faf4dv,204e657a411faf4dv_058.23139126000000231898_004.60600329399999974811,S1B_IW_GRDH_1SDV_20200922T060416_20200922T060441_023484_02C9BF_7889,58.23139126,4.606003294,8603.0,6199.0,6202.0,8596.0,6196.0,8608.0,68.3,ais/manual,True,True,9999.99,9999.99,HIGH
validation,GRD,204e657a411faf4dv,204e657a411faf4dv_057.80715581999999841400_004.57986472300000002633,S1B_IW_GRDH_1SDV_20200922T060416_20200922T060441_023484_02C9BF_7889,57.80715582,4.579864723,7826.0,1596.0,1605.0,7821.0,1587.0,7831.0,48.13465352,ais/manual,True,False,9999.99,9999.99,HIGH
validation,GRD,204e657a411faf4dv,204e657a411faf4dv_058.56034721000000331514_005.13127534900000004114,S1B_IW_GRDH_1SDV_20200922T060416_20200922T060441_023484_02C9BF_7889,58.56034721,5.131275349,6321.0,10338.0,10357.0,6310.0,10318.0,6332.0,75.23139136,ais/manual,True,False,9999.99,9999.99,HIGH
validation,GRD,204e657a411faf4dv,204e657a411faf4dv_058.85612299000000291471_005.12428756799999973737,S1B_IW_GRDH_1SDV_20200922T060416_20200922T060441_023484_02C9BF_7889,58.85612299,5.124287568,7025.0,13515.0,13534.0,7016.0,13497.0,7034.0,85.66481703,ais/manual,True,False,9999.99,9999.99,HIGH
validation,GRD,204e657a411faf4dv,204e657a411faf4dv_057.97838846999999873333_005.82866142600000003426,S1B_IW_GRDH_1SDV_20200922T060416_20200922T060441_023484_02C9BF_7889,57.97838847,5.828661426,968.0,4914.0,4917.0,965.0,4911.0,971.0,27.4,ais/manual,True,True,9999.99,9999.99,HIGH
validation,GRD,204e657a411faf4dv,204e657a411faf4dv_058.92475257000000254948_003.55544446800000013553,S1B_IW_GRDH_1SDV_20200922T060416_20200922T060441_023484_02C9BF_7889,58.92475257,3.555444468,16051.0,12586.0,12591.0,16048.0,12582.0,16054.0,38.7,ais/manual,True,True,9999.99,9999.99,HIGH
validation,GRD,204e657a411faf4dv,204e657a411faf4dv_058.40030392999999975245_002.30913912400000009839,S1B_IW_GRDH_1SDV_20200922T060416_20200922T060441_023484_02C9BF_7889,58.40030393,2.309139124,22185.0,5685.0,5692.0,22176.0,5678.0,22194.0,113.6096819,ais/manual,True,False,9999.99,9999.99,HIGH
validation,GRD,204e657a411faf4dv,204e657a411faf4dv_059.19363837000000216904_002.38509093799999982721,S1B_IW_GRDH_1SDV_20200922T060416_20200922T060441_023484_02C9BF_7889,59.19363837,2.3850909380000003,23178.0,14403.0,14412.0,23173.0,14393.0,23183.0,70.20406955,ais/manual,True,False,9999.99,9999.99,HIGH
validation,GRD,204e657a411faf4dv,204e657a411faf4dv_059.10726542999999821859_004.04660070100000002213,S1B_IW_GRDH_1SDV_20200922T060416_20200922T060441_023484_02C9BF_7889,59.10726543,4.046600701,13648.0,15063.0,15084.0,13639.0,15043.0,13655.0,222.7736018,ais/manual,True,False,9999.99,9999.99,HIGH
validation,GRD,204e657a411faf4dv,204e657a411faf4dv_058.70536766000000028498_003.88798397100000014959,S1B_IW_GRDH_1SDV_20200922T060416_20200922T060441_023484_02C9BF_7889,58.70536766,3.887983971,13720.0,10548.0,10550.0,13716.0,10545.0,13722.0,29.95,ais/manual,True,True,9999.99,9999.99,HIGH
validation,GRD,204e657a411faf4dv,204e657a411faf4dv_058.66796553999999730422_003.78324304099999997320,S1B_IW_GRDH_1SDV_20200922T060416_20200922T060441_023484_02C9BF_7889,58.66796554,3.783243041,14241.0,10034.0,10038.0,14236.0,10031.0,14245.0,62.6,ais/manual,True,True,9999.99,9999.99,HIGH
validation,GRD,204e657a411faf4dv,204e657a411faf4dv_059.06307368000000224129_005.54962162999999986113,S1B_IW_GRDH_1SDV_20200922T060416_20200922T060441_023484_02C9BF_7889,59.06307368,5.54962163,5100.0,16228.0,16232.0,5095.0,16223.0,5105.0,16.29239846,ais/manual,True,True,2.67200716216642,2.8511352501788325,HIGH
validation,GRD,204e657a411faf4dv,204e657a411faf4dv_059.05392458000000033280_004.88119671699999990722,S1B_IW_GRDH_1SDV_20200922T060416_20200922T060441_023484_02C9BF_7889,59.05392458,4.881196717,8836.0,15376.0,15389.0,8829.0,15364.0,8842.0,91.85054501,ais/manual,True,False,9999.99,9999.99,HIGH
validation,GRD,204e657a411faf4dv,204e657a411faf4dv_058.97405110999999777732_004.21371826000000027079,S1B_IW_GRDH_1SDV_20200922T060416_20200922T060441_023484_02C9BF_7889,58.97405111,4.21371826,12427.0,13796.0,13807.0,12422.0,13784.0,12432.0,169.04,ais/manual,True,False,9999.99,9999.99,HIGH
validation,GRD,204e657a411faf4dv,204e657a411faf4dv_058.36969421999999951822_001.92167385500000009735,S1B_IW_GRDH_1SDV_20200922T060416_20200922T060441_023484_02C9BF_7889,58.36969422,1.921673855,24368.0,4999.0,5008.0,24363.0,4990.0,24371.0,34.27408799,ais/manual,True,False,9999.99,9999.99,HIGH
validation,GRD,204e657a411faf4dv,204e657a411faf4dv_058.10486079999999731172_003.56876945299999981387,S1B_IW_GRDH_1SDV_20200922T060416_20200922T060441_023484_02C9BF_7889,58.1048608,3.5687694530000003,14332.0,3712.0,3716.0,14330.0,3709.0,14335.0,23.09,ais/manual,True,True,9999.99,9999.99,HIGH
validation,GRD,204e657a411faf4dv,204e657a411faf4dv_058.78585989999999839029_002.16863881399999991473,S1B_IW_GRDH_1SDV_20200922T060416_20200922T060441_023484_02C9BF_7889,58.78585989999999,2.168638814,23682.0,9761.0,9770.0,23676.0,9753.0,23686.0,27.4,ais/manual,True,True,9999.99,9999.99,HIGH
validation,GRD,204e657a411faf4dv,204e657a411faf4dv_058.51336265999999852738_005.73319602299999964146,S1B_IW_GRDH_1SDV_20200922T060416_20200922T060441_023484_02C9BF_7889,58.51336266,5.733196023,2783.0,10537.0,10543.0,2779.0,10531.0,2787.0,14.98,ais/manual,True,True,2.219430375585432,2.392370441632884,HIGH
validation,GRD,204e657a411faf4dv,204e657a411faf4dv_058.11248161000000322929_005.67423967399999984451,S1B_IW_GRDH_1SDV_20200922T060416_20200922T060441_023484_02C9BF_7889,58.11248161,5.674239674,2177.0,6164.0,6166.0,2173.0,6161.0,2181.0,26.5,ais/manual,True,True,9999.99,9999.99,HIGH
validation,GRD,204e657a411faf4dv,204e657a411faf4dv_058.52975308999999981552_005.64135206000000000159,S1B_IW_GRDH_1SDV_20200922T060416_20200922T060441_023484_02C9BF_7889,58.52975309,5.64135206,3344.0,10604.0,10611.0,3339.0,10596.0,3348.0,55.10767678,ais/manual,True,False,2.638090344706934,2.553176594581701,HIGH
validation,GRD,204e657a411faf4dv,204e657a411faf4dv_058.83536300000000096588_002.55290435300000018159,S1B_IW_GRDH_1SDV_20200922T060416_20200922T060441_023484_02C9BF_7889,58.835363,2.552904353,21578.0,10650.0,10662.0,21570.0,10638.0,21587.0,74.68158336,ais/manual,True,False,9999.99,9999.99,HIGH
validation,GRD,204e657a411faf4dv,204e657a411faf4dv_058.62498286999999663749_001.85113701100000005439,S1B_IW_GRDH_1SDV_20200922T060416_20200922T060441_023484_02C9BF_7889,58.62498287,1.851137011,25218.0,7724.0,7729.0,25214.0,7719.0,25221.0,32.78983482,ais/manual,True,True,9999.99,9999.99,HIGH
validation,GRD,204e657a411faf4dv,204e657a411faf4dv_058.50224499000000122351_005.75722454100000025079,S1B_IW_GRDH_1SDV_20200922T060416_20200922T060441_023484_02C9BF_7889,58.50224499,5.757224541,2619.0,10446.0,10450.0,2616.0,10442.0,2623.0,12.99,ais/manual,True,True,1.5316100427977162,1.7400132668208468,HIGH
validation,GRD,204e657a411faf4dv,204e657a411faf4dv_057.83191869000000195911_005.65324321000000029613,S1B_IW_GRDH_1SDV_20200922T060416_20200922T060441_023484_02C9BF_7889,57.83191869,5.65324321,1637.0,3128.0,3133.0,1633.0,3122.0,1641.0,33.75,ais/manual,True,True,9999.99,9999.99,HIGH
validation,GRD,204e657a411faf4dv,204e657a411faf4dv_058.51489504999999979873_005.73297177600000029685,S1B_IW_GRDH_1SDV_20200922T060416_20200922T060441_023484_02C9BF_7889,58.51489505,5.732971776,2787.0,10553.0,10558.0,2785.0,10548.0,2790.0,12.13,ais/manual,True,True,2.1093502998508584,2.2461566521153173,HIGH
validation,GRD,204e657a411faf4dv,204e657a411faf4dv_057.78039653999999814005_004.57163222500000010484,S1B_IW_GRDH_1SDV_20200922T060416_20200922T060441_023484_02C9BF_7889,57.78039654,4.571632225,7815.0,1298.0,1303.0,7811.0,1293.0,7819.0,30.75,ais/manual,True,True,9999.99,9999.99,HIGH
validation,GRD,204e657a411faf4dv,204e657a411faf4dv_059.00643575000000140562_003.54439915400000016277,S1B_IW_GRDH_1SDV_20200922T060416_20200922T060441_023484_02C9BF_7889,59.00643575,3.544399154,16276.0,13462.0,13469.0,16271.0,13454.0,16280.0,40.305,ais/manual,True,True,9999.99,9999.99,HIGH
validation,GRD,204e657a411faf4dv,204e657a411faf4dv_058.51211151999999771078_004.62756504399999979427,S1B_IW_GRDH_1SDV_20200922T060416_20200922T060441_023484_02C9BF_7889,58.51211152,4.627565044,9091.0,9252.0,9256.0,9085.0,9247.0,9095.0,86.8,ais/manual,True,True,9999.99,9999.99,HIGH
validation,GRD,204e657a411faf4dv,204e657a411faf4dv_058.01916229999999785605_003.45975201700000001281,S1B_IW_GRDH_1SDV_20200922T060416_20200922T060441_023484_02C9BF_7889,58.01916230000001,3.459752017,14792.0,2671.0,2676.0,14788.0,2665.0,14796.0,24.85,ais/manual,True,True,9999.99,9999.99,HIGH
validation,GRD,204e657a411faf4dv,204e657a411faf4dv_059.06769821000000320055_003.56228565599999980051,S1B_IW_GRDH_1SDV_20200922T060416_20200922T060441_023484_02C9BF_7889,59.06769821,3.562285656,16297.0,14144.0,14155.0,16291.0,14133.0,16302.0,42.9,ais/manual,True,True,9999.99,9999.99,HIGH
validation,GRD,204e657a411faf4dv,204e657a411faf4dv_058.56778573999999792932_003.88553017000000000536,S1B_IW_GRDH_1SDV_20200922T060416_20200922T060441_023484_02C9BF_7889,58.56778574,3.88553017,13452.0,9056.0,9068.0,13445.0,9043.0,13458.0,64.0,ais/manual,True,True,9999.99,9999.99,HIGH
validation,GRD,204e657a411faf4dv,204e657a411faf4dv_058.51959072999999733611_005.72766904700000001327,S1B_IW_GRDH_1SDV_20200922T060416_20200922T060441_023484_02C9BF_7889,58.51959073,5.727669047000001,2829.0,10597.0,10604.0,2825.0,10591.0,2833.0,12.52,ais/manual,True,True,1.5524808086647517,1.7106080821807084,HIGH
validation,GRD,204e657a411faf4dv,204e657a411faf4dv_058.51160183999999730986_002.71458941700000000452,S1B_IW_GRDH_1SDV_20200922T060416_20200922T060441_023484_02C9BF_7889,58.51160184,2.714589417,20055.0,7277.0,7285.0,20049.0,7270.0,20061.0,76.25,ais/manual,True,True,9999.99,9999.99,HIGH
validation,GRD,204e657a411faf4dv,204e657a411faf4dv_058.97365890999999749056_005.33630058700000020622,S1B_IW_GRDH_1SDV_20200922T060416_20200922T060441_023484_02C9BF_7889,58.97365891,5.336300587,6095.0,15021.0,15032.0,6089.0,15011.0,6100.0,65.0,ais/manual,True,True,4.098345578984363,6.352178264991744,HIGH
validation,GRD,204e657a411faf4dv,204e657a411faf4dv_058.66197368000000267330_003.73311915499999980028,S1B_IW_GRDH_1SDV_20200922T060416_20200922T060441_023484_02C9BF_7889,58.66197368,3.733119155,14515.0,9918.0,9921.0,14510.0,9914.0,14519.0,53.0,ais/manual,True,True,9999.99,9999.99,HIGH
validation,GRD,204e657a411faf4dv,204e657a411faf4dv_058.51407393000000212169_002.84759489300000012690,S1B_IW_GRDH_1SDV_20200922T060416_20200922T060441_023484_02C9BF_7889,58.51407393,2.847594893,19295.0,7432.0,7436.0,19292.0,7427.0,19298.0,18.9,ais/manual,True,True,9999.99,9999.99,HIGH
validation,GRD,204e657a411faf4dv,204e657a411faf4dv_058.21875053000000121983_005.72276334599999980668,S1B_IW_GRDH_1SDV_20200922T060416_20200922T060441_023484_02C9BF_7889,58.21875053,5.722763346,2149.0,7363.0,7372.0,2142.0,7352.0,2155.0,83.72418935,ais/manual,True,False,9999.99,9999.99,HIGH
validation,GRD,204e657a411faf4dv,204e657a411faf4dv_058.39482026999999675354_004.56774716400000002636,S1B_IW_GRDH_1SDV_20200922T060416_20200922T060441_023484_02C9BF_7889,58.39482027,4.567747164,9178.0,7920.0,7928.0,9171.0,7912.0,9185.0,70.16285665,ais/manual,True,False,9999.99,9999.99,HIGH
validation,GRD,204e657a411faf4dv,204e657a411faf4dv_058.73210448999999755415_001.87800884700000003669,S1B_IW_GRDH_1SDV_20200922T060416_20200922T060441_023484_02C9BF_7889,58.73210449,1.878008847,25249.0,8917.0,8921.0,25247.0,8914.0,25252.0,28.5,ais/manual,True,True,9999.99,9999.99,HIGH
validation,GRD,204e657a411faf4dv,204e657a411faf4dv_058.01016698000000104685_004.73977975699999998227,S1B_IW_GRDH_1SDV_20200922T060416_20200922T060441_023484_02C9BF_7889,58.01016698,4.739779757,7344.0,3966.0,3971.0,7339.0,3960.0,7348.0,34.355,ais/manual,True,True,9999.99,9999.99,HIGH
validation,GRD,204e657a411faf4dv,204e657a411faf4dv_058.22828181999999941354_004.51492716200000021587,S1B_IW_GRDH_1SDV_20200922T060416_20200922T060441_023484_02C9BF_7889,58.22828182,4.514927162,9121.0,6064.0,6074.0,9115.0,6055.0,9125.0,49.975,ais/manual,True,True,9999.99,9999.99,HIGH
validation,GRD,204e657a411faf4dv,204e657a411faf4dv_058.77330193000000235770_004.93535776500000000766,S1B_IW_GRDH_1SDV_20200922T060416_20200922T060441_023484_02C9BF_7889,58.77330193,4.935357765,7910.0,12411.0,12425.0,7904.0,12396.0,7916.0,206.7445502,ais/manual,True,False,9999.99,9999.99,HIGH
validation,GRD,204e657a411faf4dv,204e657a411faf4dv_058.21558703000000178918_005.55411118900000033705,S1B_IW_GRDH_1SDV_20200922T060416_20200922T060441_023484_02C9BF_7889,58.21558703,5.554111189,3110.0,7126.0,7133.0,3103.0,7118.0,3116.0,98.15176287,ais/manual,True,False,9999.99,9999.99,HIGH
validation,GRD,c5ea6da5405bfac0v,c5ea6da5405bfac0v_056.94960902999999774465_008.27689776100000074166,S1B_IW_GRDH_1SDV_20200929T170921_20200929T170946_023593_02CD35_8971,56.94960903,8.276897761,12946.0,6637.0,6644.0,12943.0,6630.0,12949.0,15.93177041,ais/manual,True,True,4.074552453457754,3.70248180424472,HIGH
validation,GRD,c5ea6da5405bfac0v,c5ea6da5405bfac0v_057.14681525000000306136_008.16347979899999920406,S1B_IW_GRDH_1SDV_20200929T170921_20200929T170946_023593_02CD35_8971,57.14681525,8.163479799,12670.0,4382.0,4398.0,12658.0,4367.0,12684.0,153.6325368,ais/manual,True,False,9999.99,9999.99,HIGH
validation,GRD,c5ea6da5405bfac0v,c5ea6da5405bfac0v_057.18756584999999859065_008.28896609599999933948,S1B_IW_GRDH_1SDV_20200929T170921_20200929T170946_023593_02CD35_8971,57.18756585,8.288966096000001,13500.0,4076.0,4078.0,13498.0,4074.0,13502.0,20.26144935,ais/manual,True,True,9999.99,9999.99,HIGH
validation,GRD,c5ea6da5405bfac0v,c5ea6da5405bfac0v_057.69435995999999988726_009.79253893299999944588,S1B_IW_GRDH_1SDV_20200929T170921_20200929T170946_023593_02CD35_8971,57.69435996,9.792538933,23357.0,61.0,67.0,23350.0,56.0,23365.0,100.0634971,ais/manual,True,False,9999.99,9999.99,HIGH
validation,GRD,c5ea6da5405bfac0v,c5ea6da5405bfac0v_057.46525935999999745718_009.30463257499999940592,S1B_IW_GRDH_1SDV_20200929T170921_20200929T170946_023593_02CD35_8971,57.46525936,9.304632575,20063.0,2095.0,2099.0,20059.0,2092.0,20066.0,42.0,ais/manual,True,True,9999.99,9999.99,HIGH
validation,GRD,c5ea6da5405bfac0v,c5ea6da5405bfac0v_056.73523870999999729747_006.76769135400000010350,S1B_IW_GRDH_1SDV_20200929T170921_20200929T170946_023593_02CD35_8971,56.73523871,6.767691354,3447.0,7222.0,7228.0,3441.0,7217.0,3453.0,87.26872679,ais/manual,True,False,9999.99,9999.99,HIGH
validation,GRD,c5ea6da5405bfac0v,c5ea6da5405bfac0v_057.29797425000000288264_006.08010259400000041552,S1B_IW_GRDH_1SDV_20200929T170921_20200929T170946_023593_02CD35_8971,57.29797425,6.080102594,664.0,343.0,344.0,663.0,342.0,665.0,21.2,ais/manual,True,True,9999.99,9999.99,HIGH
validation,GRD,c5ea6da5405bfac0v,c5ea6da5405bfac0v_057.46708672999999834019_009.19928727799999990111,S1B_IW_GRDH_1SDV_20200929T170921_20200929T170946_023593_02CD35_8971,57.46708673,9.199287278,19443.0,1973.0,1977.0,19439.0,1970.0,19447.0,40.2,ais/manual,True,True,9999.99,9999.99,HIGH
validation,GRD,c5ea6da5405bfac0v,c5ea6da5405bfac0v_057.23365955999999954429_008.91757355600000067852,S1B_IW_GRDH_1SDV_20200929T170921_20200929T170946_023593_02CD35_8971,57.23365956,8.917573556,17330.0,4228.0,4233.0,17326.0,4223.0,17334.0,20.05,ais/manual,True,True,9.030393525778278,8.665970111132902,HIGH
validation,GRD,c5ea6da5405bfac0v,c5ea6da5405bfac0v_057.17499944000000056121_008.09519470799999929511,S1B_IW_GRDH_1SDV_20200929T170921_20200929T170946_023593_02CD35_8971,57.17499944,8.095194708,12322.0,4004.0,4006.0,12320.0,4002.0,12324.0,37.89,ais/manual,True,True,9999.99,9999.99,HIGH
validation,GRD,c5ea6da5405bfac0v,c5ea6da5405bfac0v_056.13593302999999679059_006.81993638700000026631,S1B_IW_GRDH_1SDV_20200929T170921_20200929T170946_023593_02CD35_8971,56.13593303,6.819936387,2397.0,13719.0,13733.0,2388.0,13706.0,2406.0,140.0596697,ais/manual,True,False,9999.99,9999.99,HIGH
validation,GRD,c5ea6da5405bfac0v,c5ea6da5405bfac0v_057.51169647999999767762_007.99957589200000018792,S1B_IW_GRDH_1SDV_20200929T170921_20200929T170946_023593_02CD35_8971,57.51169648,7.999575892,12447.0,261.0,263.0,12445.0,259.0,12449.0,16.99,ais/manual,True,True,9999.99,9999.99,HIGH
validation,GRD,c5ea6da5405bfac0v,c5ea6da5405bfac0v_056.58913031000000160020_006.67533248899999964721,S1B_IW_GRDH_1SDV_20200929T170921_20200929T170946_023593_02CD35_8971,56.58913031,6.675332489,2559.0,8678.0,8689.0,2548.0,8667.0,2569.0,142.3423535,ais/manual,True,False,9999.99,9999.99,HIGH
validation,GRD,c5ea6da5405bfac0v,c5ea6da5405bfac0v_057.30328948999999738589_008.49735203000000005602,S1B_IW_GRDH_1SDV_20200929T170921_20200929T170946_023593_02CD35_8971,57.30328949,8.49735203,14969.0,3042.0,3044.0,14968.0,3040.0,14970.0,16.13257749,ais/manual,True,True,9999.99,9999.99,HIGH
validation,GRD,c5ea6da5405bfac0v,c5ea6da5405bfac0v_056.93713890000000077407_007.84786504000000029180,S1B_IW_GRDH_1SDV_20200929T170921_20200929T170946_023593_02CD35_8971,56.9371389,7.84786504,10354.0,6302.0,6311.0,10351.0,6294.0,10358.0,21.34,ais/manual,True,True,9999.99,9999.99,HIGH
validation,GRD,c5ea6da5405bfac0v,c5ea6da5405bfac0v_057.42118708999999654452_007.68200451500000003335,S1B_IW_GRDH_1SDV_20200929T170921_20200929T170946_023593_02CD35_8971,57.42118709,7.682004515,10386.0,893.0,899.0,10382.0,889.0,10390.0,23.93,ais/manual,True,True,9999.99,9999.99,HIGH
validation,GRD,c5ea6da5405bfac0v,c5ea6da5405bfac0v_056.89576309000000264859_006.97486892399999991454,S1B_IW_GRDH_1SDV_20200929T170921_20200929T170946_023593_02CD35_8971,56.89576309,6.974868924,5048.0,5745.0,5753.0,5043.0,5738.0,5052.0,20.3415132,ais/manual,True,True,9999.99,9999.99,HIGH
validation,GRD,c5ea6da5405bfac0v,c5ea6da5405bfac0v_057.52563391000000336817_009.47578699099999965938,S1B_IW_GRDH_1SDV_20200929T170921_20200929T170946_023593_02CD35_8971,57.52563391,9.475786991,21186.0,1603.0,1606.0,21182.0,1599.0,21190.0,22.5,ais/manual,True,True,9999.99,9999.99,HIGH
validation,GRD,c5ea6da5405bfac0v,c5ea6da5405bfac0v_056.52775167000000067219_007.99769515200000036259,S1B_IW_GRDH_1SDV_20200929T170921_20200929T170946_023593_02CD35_8971,56.52775167,7.997695152,10398.0,10889.0,10906.0,10390.0,10871.0,10407.0,79.0,ais/manual,True,False,7.242678185807438,7.014419812389647,HIGH
validation,GRD,c5ea6da5405bfac0v,c5ea6da5405bfac0v_056.87009488999999717862_006.93835326900000026740,S1B_IW_GRDH_1SDV_20200929T170921_20200929T170946_023593_02CD35_8971,56.87009489,6.938353268999999,4772.0,5978.0,5983.0,4766.0,5973.0,4780.0,91.72074896,ais/manual,True,False,9999.99,9999.99,HIGH
validation,GRD,c5ea6da5405bfac0v,c5ea6da5405bfac0v_057.70709732000000258267_010.02088372000000049411,S1B_IW_GRDH_1SDV_20200929T170921_20200929T170946_023593_02CD35_8971,57.70709732,10.02088372,24724.0,129.0,135.0,24721.0,124.0,24728.0,17.37944259,ais/manual,True,True,9999.99,9999.99,HIGH
validation,GRD,c5ea6da5405bfac0v,c5ea6da5405bfac0v_056.34723293999999782500_007.46167129500000037012,S1B_IW_GRDH_1SDV_20200929T170921_20200929T170946_023593_02CD35_8971,56.34723294,7.461671295,6767.0,12221.0,12224.0,6765.0,12217.0,6770.0,21.5,ais/manual,True,True,9999.99,9999.99,HIGH
validation,GRD,c5ea6da5405bfac0v,c5ea6da5405bfac0v_056.33259069000000351934_007.25197712499999980196,S1B_IW_GRDH_1SDV_20200929T170921_20200929T170946_023593_02CD35_8971,56.33259069,7.251977125,5463.0,12131.0,12137.0,5460.0,12124.0,5466.0,94.86367374,ais/manual,True,False,9999.99,9999.99,HIGH
validation,GRD,c5ea6da5405bfac0v,c5ea6da5405bfac0v_056.68563712000000265334_006.91840257900000032976,S1B_IW_GRDH_1SDV_20200929T170921_20200929T170946_023593_02CD35_8971,56.68563712,6.918402578999999,4239.0,7936.0,7946.0,4232.0,7928.0,4246.0,150.8642154,ais/manual,True,False,9999.99,9999.99,HIGH
validation,GRD,c5ea6da5405bfac0v,c5ea6da5405bfac0v_056.77756910000000090122_007.70956181900000014906,S1B_IW_GRDH_1SDV_20200929T170921_20200929T170946_023593_02CD35_8971,56.7775691,7.709561819,9189.0,7869.0,7875.0,9186.0,7863.0,9192.0,22.2,ais/manual,True,True,9999.99,9999.99,HIGH
validation,GRD,c5ea6da5405bfac0v,c5ea6da5405bfac0v_057.41133712999999971771_007.90076856499999991001,S1B_IW_GRDH_1SDV_20200929T170921_20200929T170946_023593_02CD35_8971,57.41133713,7.900768565,11657.0,1239.0,1243.0,11653.0,1236.0,11660.0,29.95,ais/manual,True,True,9999.99,9999.99,HIGH
validation,GRD,c5ea6da5405bfac0v,c5ea6da5405bfac0v_056.83340665000000058171_007.46703177499999970479,S1B_IW_GRDH_1SDV_20200929T170921_20200929T170946_023593_02CD35_8971,56.83340665,7.467031775,7854.0,6991.0,6996.0,7851.0,6985.0,7857.0,17.04,ais/manual,True,True,9999.99,9999.99,HIGH
validation,GRD,c5ea6da5405bfac0v,c5ea6da5405bfac0v_057.50172580000000266409_008.59775262399999995466,S1B_IW_GRDH_1SDV_20200929T170921_20200929T170946_023593_02CD35_8971,57.50172579999999,8.597752624,15954.0,996.0,1006.0,15942.0,985.0,15967.0,140.46977869999998,ais/manual,True,False,9999.99,9999.99,HIGH
validation,GRD,c5ea6da5405bfac0v,c5ea6da5405bfac0v_056.22807798000000190086_007.58952979599999988380,S1B_IW_GRDH_1SDV_20200929T170921_20200929T170946_023593_02CD35_8971,56.22807798,7.589529796,7285.0,13653.0,13661.0,7281.0,13646.0,7290.0,17.01,ais/manual,True,True,9999.99,9999.99,HIGH
validation,GRD,c5ea6da5405bfac0v,c5ea6da5405bfac0v_057.15614047999999769445_007.32639588299999999776,S1B_IW_GRDH_1SDV_20200929T170921_20200929T170946_023593_02CD35_8971,57.15614048,7.326395882999999,7714.0,3352.0,3355.0,7711.0,3350.0,7718.0,32.12,ais/manual,True,True,9999.99,9999.99,HIGH
validation,GRD,c5ea6da5405bfac0v,c5ea6da5405bfac0v_057.12666405000000224845_008.59274288299999966512,S1B_IW_GRDH_1SDV_20200929T170921_20200929T170946_023593_02CD35_8971,57.12666405,8.592742883,15187.0,5055.0,5057.0,15186.0,5053.0,15188.0,13.09756728,ais/manual,True,True,0.3973768973085402,0.548548639639866,HIGH
validation,GRD,c5ea6da5405bfac0v,c5ea6da5405bfac0v_057.65931159000000150172_009.33039024700000041435,S1B_IW_GRDH_1SDV_20200929T170921_20200929T170946_023593_02CD35_8971,57.65931159,9.330390247,20572.0,10.0,13.0,20569.0,6.0,20576.0,24.07,ais/manual,True,True,9999.99,9999.99,HIGH
validation,GRD,c5ea6da5405bfac0v,c5ea6da5405bfac0v_057.24888659999999873662_007.95035762000000012506,S1B_IW_GRDH_1SDV_20200929T170921_20200929T170946_023593_02CD35_8971,57.24888660000001,7.95035762,11614.0,3048.0,3056.0,11611.0,3042.0,11618.0,38.31,ais/manual,True,True,9999.99,9999.99,HIGH
validation,GRD,c5ea6da5405bfac0v,c5ea6da5405bfac0v_057.18989473999999972875_008.76313256999999978802,S1B_IW_GRDH_1SDV_20200929T170921_20200929T170946_023593_02CD35_8971,57.18989474,8.76313257,16326.0,4546.0,4548.0,16325.0,4544.0,16328.0,9.99,ais/manual,True,True,9.592840866298884,9.18770683004992,HIGH
validation,GRD,c5ea6da5405bfac0v,c5ea6da5405bfac0v_057.16414521000000092954_008.59911010399999931053,S1B_IW_GRDH_1SDV_20200929T170921_20200929T170946_023593_02CD35_8971,57.16414521,8.599110104,15299.0,4655.0,4659.0,15296.0,4652.0,15301.0,16.25,ais/manual,True,True,4.313554164136682,4.234958157012943,HIGH
validation,GRD,c5ea6da5405bfac0v,c5ea6da5405bfac0v_057.67005378000000348493_009.69443910200000047439,S1B_IW_GRDH_1SDV_20200929T170921_20200929T170946_023593_02CD35_8971,57.67005378,9.694439102,22736.0,235.0,244.0,22727.0,227.0,22745.0,91.13393761,ais/manual,True,False,9999.99,9999.99,HIGH
validation,GRD,c5ea6da5405bfac0v,c5ea6da5405bfac0v_057.69619915999999903988_009.78570065899999974590,S1B_IW_GRDH_1SDV_20200929T170921_20200929T170946_023593_02CD35_8971,57.69619916,9.785700659,23320.0,35.0,41.0,23316.0,28.0,23324.0,20.35,ais/manual,True,True,9999.99,9999.99,HIGH
validation,GRD,c5ea6da5405bfac0v,c5ea6da5405bfac0v_057.24662897000000327807_008.85540234900000022833,S1B_IW_GRDH_1SDV_20200929T170921_20200929T170946_023593_02CD35_8971,57.24662897,8.855402349,16985.0,4024.0,4032.0,16981.0,4017.0,16990.0,17.24,ais/manual,True,True,9999.99,9999.99,HIGH
validation,GRD,c5ea6da5405bfac0v,c5ea6da5405bfac0v_056.64656519999999773063_007.84630278200000041977,S1B_IW_GRDH_1SDV_20200929T170921_20200929T170946_023593_02CD35_8971,56.6465652,7.846302782,9734.0,9436.0,9445.0,9728.0,9429.0,9740.0,107.985795,ais/manual,True,False,9999.99,9999.99,HIGH
validation,GRD,c5ea6da5405bfac0v,c5ea6da5405bfac0v_057.49619759000000129845_007.89688442100000020929,S1B_IW_GRDH_1SDV_20200929T170921_20200929T170946_023593_02CD35_8971,57.49619759,7.896884421,11810.0,318.0,324.0,11806.0,313.0,11813.0,31.53427259,ais/manual,True,True,9999.99,9999.99,HIGH
validation,GRD,c5ea6da5405bfac0v,c5ea6da5405bfac0v_057.54701122000000168555_009.83862604599999990285,S1B_IW_GRDH_1SDV_20200929T170921_20200929T170946_023593_02CD35_8971,57.54701122,9.838626046,23369.0,1709.0,1714.0,23367.0,1704.0,23373.0,13.48591903,ais/manual,True,True,3.2201471193990403,2.6820188733251022,HIGH
validation,GRD,c5ea6da5405bfac0v,c5ea6da5405bfac0v_057.46660375999999814667_008.78035015700000087691,S1B_IW_GRDH_1SDV_20200929T170921_20200929T170946_023593_02CD35_8971,57.46660376,8.780350157,16964.0,1562.0,1565.0,16957.0,1559.0,16972.0,73.42411677,ais/manual,True,False,9999.99,9999.99,HIGH
validation,GRD,c5ea6da5405bfac0v,c5ea6da5405bfac0v_057.26040943000000282836_008.27115120999999930973,S1B_IW_GRDH_1SDV_20200929T170921_20200929T170946_023593_02CD35_8971,57.26040943,8.27115121,13541.0,3269.0,3277.0,13530.0,3260.0,13552.0,147.8013104,ais/manual,True,False,9999.99,9999.99,HIGH
validation,GRD,c5ea6da5405bfac0v,c5ea6da5405bfac0v_057.25739590999999961696_008.96061840800000020124,S1B_IW_GRDH_1SDV_20200929T170921_20200929T170946_023593_02CD35_8971,57.25739591,8.960618408,17631.0,4014.0,4019.0,17628.0,4009.0,17634.0,21.915,ais/manual,True,True,9999.99,9999.99,HIGH
validation,GRD,c5ea6da5405bfac0v,c5ea6da5405bfac0v_057.63472749000000305841_010.06038906000000032748,S1B_IW_GRDH_1SDV_20200929T170921_20200929T170946_023593_02CD35_8971,57.63472749,10.06038906,24832.0,954.0,958.0,24830.0,950.0,24836.0,13.57487645,ais/manual,True,True,4.754245694069764,4.439775419147426,HIGH
validation,GRD,c5ea6da5405bfac0v,c5ea6da5405bfac0v_057.26407114999999947713_007.87780134700000012060,S1B_IW_GRDH_1SDV_20200929T170921_20200929T170946_023593_02CD35_8971,57.26407115,7.877801347,11215.0,2805.0,2813.0,11211.0,2798.0,11219.0,37.88,ais/manual,True,True,9999.99,9999.99,HIGH
validation,GRD,c5ea6da5405bfac0v,c5ea6da5405bfac0v_057.64343044000000304550_009.98391505700000081447,S1B_IW_GRDH_1SDV_20200929T170921_20200929T170946_023593_02CD35_8971,57.64343044,9.983915057,24396.0,790.0,793.0,24395.0,789.0,24398.0,16.04,ais/manual,True,True,5.199978426576542,5.69065025637394,HIGH
validation,GRD,c5ea6da5405bfac0v,c5ea6da5405bfac0v_057.12539834999999754928_008.59027918900000031499,S1B_IW_GRDH_1SDV_20200929T170921_20200929T170946_023593_02CD35_8971,57.12539835,8.590279189,15170.0,5066.0,5068.0,15167.0,5064.0,15173.0,34.40320223,ais/manual,True,True,0.3222671819115376,0.5208191108854799,HIGH
validation,GRD,c5ea6da5405bfac0v,c5ea6da5405bfac0v_056.88224403000000251041_008.16398333699999945168,S1B_IW_GRDH_1SDV_20200929T170921_20200929T170946_023593_02CD35_8971,56.88224403,8.163983337000001,12132.0,7243.0,7248.0,12129.0,7238.0,12136.0,40.26,ais/manual,True,True,7.047730210643408,6.612224961941471,HIGH
validation,GRD,c5ea6da5405bfac0v,c5ea6da5405bfac0v_056.40583541000000167287_007.18379168199999984523,S1B_IW_GRDH_1SDV_20200929T170921_20200929T170946_023593_02CD35_8971,56.40583541,7.183791682000001,5213.0,11262.0,11273.0,5204.0,11252.0,5221.0,147.8560814,ais/manual,True,False,9999.99,9999.99,HIGH
validation,GRD,c5ea6da5405bfac0v,c5ea6da5405bfac0v_057.22375396999999708214_008.88662655699999959324,S1B_IW_GRDH_1SDV_20200929T170921_20200929T170946_023593_02CD35_8971,57.22375397,8.886626557,17127.0,4304.0,4308.0,17124.0,4301.0,17130.0,15.56502826,ais/manual,True,True,8.879162547020675,8.438209372161877,HIGH
validation,GRD,c5ea6da5405bfac0v,c5ea6da5405bfac0v_057.50382525999999927535_008.67132266399999984685,S1B_IW_GRDH_1SDV_20200929T170921_20200929T170946_023593_02CD35_8971,57.50382526,8.671322664,16393.0,1048.0,1058.0,16382.0,1039.0,16404.0,179.3222126,ais/manual,True,False,9999.99,9999.99,HIGH
validation,GRD,c5ea6da5405bfac0v,c5ea6da5405bfac0v_057.01409020999999910373_007.87266038899999998080,S1B_IW_GRDH_1SDV_20200929T170921_20200929T170946_023593_02CD35_8971,57.01409021,7.872660389,10663.0,5499.0,5504.0,10660.0,5494.0,10666.0,23.88,ais/manual,True,True,9999.99,9999.99,HIGH
validation,GRD,c5ea6da5405bfac0v,c5ea6da5405bfac0v_057.45388303000000007614_009.12955609900000020218,S1B_IW_GRDH_1SDV_20200929T170921_20200929T170946_023593_02CD35_8971,57.45388303,9.129556099,19005.0,2048.0,2051.0,19002.0,2046.0,19009.0,40.2,ais/manual,True,True,9999.99,9999.99,HIGH
validation,GRD,c5ea6da5405bfac0v,c5ea6da5405bfac0v_056.59333983999999873049_007.66324429199999990203,S1B_IW_GRDH_1SDV_20200929T170921_20200929T170946_023593_02CD35_8971,56.59333984,7.663244292000001,8517.0,9803.0,9808.0,8514.0,9797.0,8522.0,89.96,ais/manual,True,False,9999.99,9999.99,HIGH
validation,GRD,c5ea6da5405bfac0v,c5ea6da5405bfac0v_057.41435805999999786309_008.53029114399999954799,S1B_IW_GRDH_1SDV_20200929T170921_20200929T170946_023593_02CD35_8971,57.41435806,8.530291144,15384.0,1873.0,1884.0,15372.0,1864.0,15396.0,130.61425559999998,ais/manual,True,False,9999.99,9999.99,HIGH
validation,GRD,c5ea6da5405bfac0v,c5ea6da5405bfac0v_057.15564619999999962374_008.64036349600000086468,S1B_IW_GRDH_1SDV_20200929T170921_20200929T170946_023593_02CD35_8971,57.15564620000001,8.640363496,15528.0,4790.0,4794.0,15525.0,4787.0,15530.0,24.34582526,ais/manual,True,True,3.4522860136804683,3.3816860401595386,HIGH
validation,GRD,c5ea6da5405bfac0v,c5ea6da5405bfac0v_057.10045877000000302814_008.06185202600000039297,S1B_IW_GRDH_1SDV_20200929T170921_20200929T170946_023593_02CD35_8971,57.10045877,8.061852026,11970.0,4773.0,4782.0,11963.0,4765.0,11979.0,136.652879,ais/manual,True,False,9999.99,9999.99,HIGH
validation,GRD,c5ea6da5405bfac0v,c5ea6da5405bfac0v_056.64498418000000157235_007.52622060100000034311,S1B_IW_GRDH_1SDV_20200929T170921_20200929T170946_023593_02CD35_8971,56.64498418,7.526220601,7803.0,9089.0,9093.0,7799.0,9084.0,7806.0,21.79,ais/manual,True,True,9999.99,9999.99,HIGH
validation,GRD,c5ea6da5405bfac0v,c5ea6da5405bfac0v_055.97742763000000110196_006.59916356699999973046,S1B_IW_GRDH_1SDV_20200929T170921_20200929T170946_023593_02CD35_8971,55.97742763,6.599163567000001,686.0,15144.0,15169.0,676.0,15120.0,697.0,121.99930829999998,ais/manual,True,False,9999.99,9999.99,HIGH
validation,GRD,c5ea6da5405bfac0v,c5ea6da5405bfac0v_057.60162565000000256532_009.00040480500000050768,S1B_IW_GRDH_1SDV_20200929T170921_20200929T170946_023593_02CD35_8971,57.60162565,9.000404805,18521.0,316.0,320.0,18519.0,313.0,18524.0,22.96,ais/manual,True,True,9999.99,9999.99,HIGH
validation,GRD,c5ea6da5405bfac0v,c5ea6da5405bfac0v_056.81807230999999802634_007.62379518499999964121,S1B_IW_GRDH_1SDV_20200929T170921_20200929T170946_023593_02CD35_8971,56.81807231,7.623795185,8760.0,7335.0,7347.0,8752.0,7323.0,8770.0,171.98594369999995,ais/manual,True,False,9999.99,9999.99,HIGH
validation,GRD,c5ea6da5405bfac0v,c5ea6da5405bfac0v_057.16709966999999892323_008.29183942000000051564,S1B_IW_GRDH_1SDV_20200929T170921_20200929T170946_023593_02CD35_8971,57.16709967,8.29183942,13476.0,4300.0,4303.0,13473.0,4298.0,13479.0,32.2,ais/manual,True,True,9999.99,9999.99,HIGH
validation,GRD,c5ea6da5405bfac0v,c5ea6da5405bfac0v_057.66444321000000172717_010.05186905999999957828,S1B_IW_GRDH_1SDV_20200929T170921_20200929T170946_023593_02CD35_8971,57.66444321,10.05186906,24833.0,622.0,627.0,24828.0,618.0,24839.0,69.9,ais/manual,True,True,8.022373621341698,7.716317717082659,HIGH
validation,GRD,c5ea6da5405bfac0v,c5ea6da5405bfac0v_056.54576619000000192727_007.62637192299999977507,S1B_IW_GRDH_1SDV_20200929T170921_20200929T170946_023593_02CD35_8971,56.54576619,7.626371923,8193.0,10273.0,10277.0,8190.0,10270.0,8195.0,22.0,ais/manual,True,True,9999.99,9999.99,HIGH
validation,GRD,c5ea6da5405bfac0v,c5ea6da5405bfac0v_056.43687107000000224843_007.39479553299999992078,S1B_IW_GRDH_1SDV_20200929T170921_20200929T170946_023593_02CD35_8971,56.43687107,7.394795533,6558.0,11177.0,11193.0,6552.0,11162.0,6564.0,142.8,ais/manual,True,False,9999.99,9999.99,HIGH
validation,GRD,c5ea6da5405bfac0v,c5ea6da5405bfac0v_057.16746100999999669057_007.51938370299999991886,S1B_IW_GRDH_1SDV_20200929T170921_20200929T170946_023593_02CD35_8971,57.16746101,7.519383703,8885.0,3450.0,3456.0,8879.0,3443.0,8892.0,125.5305557,ais/manual,True,False,9999.99,9999.99,HIGH
validation,GRD,c5ea6da5405bfac0v,c5ea6da5405bfac0v_057.48126678999999938924_008.36315622100000055639,S1B_IW_GRDH_1SDV_20200929T170921_20200929T170946_023593_02CD35_8971,57.48126679,8.363156221,14529.0,975.0,980.0,14525.0,970.0,14533.0,22.31666667,ais/manual,True,True,9999.99,9999.99,HIGH
validation,GRD,c5ea6da5405bfac0v,c5ea6da5405bfac0v_057.21479664000000298074_008.77307287100000010582,S1B_IW_GRDH_1SDV_20200929T170921_20200929T170946_023593_02CD35_8971,57.21479664,8.773072871,16434.0,4286.0,4287.0,16432.0,4285.0,16436.0,16.52157197,ais/manual,True,True,9999.99,9999.99,HIGH
validation,GRD,c5ea6da5405bfac0v,c5ea6da5405bfac0v_057.63168275000000306818_009.17741299200000071323,S1B_IW_GRDH_1SDV_20200929T170921_20200929T170946_023593_02CD35_8971,57.63168275,9.177412992,19620.0,163.0,169.0,19616.0,157.0,19624.0,23.97,ais/manual,True,True,9999.99,9999.99,HIGH
validation,GRD,c5ea6da5405bfac0v,c5ea6da5405bfac0v_057.60783830999999821643_009.97475243599999927824,S1B_IW_GRDH_1SDV_20200929T170921_20200929T170946_023593_02CD35_8971,57.60783831,9.974752436,24280.0,1170.0,1173.0,24276.0,1168.0,24284.0,67.4,ais/manual,True,True,1.3031919144583244,1.8359453455378487,HIGH
validation,GRD,c5ea6da5405bfac0v,c5ea6da5405bfac0v_056.09651121999999645595_007.05304423499999977309,S1B_IW_GRDH_1SDV_20200929T170921_20200929T170946_023593_02CD35_8971,56.09651122,7.053044235,3728.0,14429.0,14434.0,3722.0,14424.0,3734.0,119.7675621,ais/manual,True,False,9999.99,9999.99,HIGH
validation,GRD,c5ea6da5405bfac0v,c5ea6da5405bfac0v_057.57422538000000145075_009.02849383999999943740,S1B_IW_GRDH_1SDV_20200929T170921_20200929T170946_023593_02CD35_8971,57.57422538,9.02849384,18635.0,642.0,655.0,18623.0,628.0,18648.0,157.43383,ais/manual,True,False,9999.99,9999.99,HIGH
validation,GRD,c5ea6da5405bfac0v,c5ea6da5405bfac0v_056.76045043999999961670_006.50489237399999975509,S1B_IW_GRDH_1SDV_20200929T170921_20200929T170946_023593_02CD35_8971,56.76045044,6.504892374,1931.0,6630.0,6638.0,1927.0,6623.0,1936.0,37.83,ais/manual,True,True,9999.99,9999.99,HIGH
validation,GRD,c5ea6da5405bfac0v,c5ea6da5405bfac0v_057.44049230000000250129_007.78843740800000006175,S1B_IW_GRDH_1SDV_20200929T170921_20200929T170946_023593_02CD35_8971,57.4404923,7.788437407999999,11054.0,802.0,807.0,11052.0,797.0,11057.0,37.05,ais/manual,True,True,9999.99,9999.99,HIGH
validation,GRD,c5ea6da5405bfac0v,c5ea6da5405bfac0v_056.93195472000000023627_006.60752532299999995047,S1B_IW_GRDH_1SDV_20200929T170921_20200929T170946_023593_02CD35_8971,56.93195472,6.607525323,2938.0,4915.0,4927.0,2923.0,4905.0,2954.0,194.6496258,ais/manual,True,False,9999.99,9999.99,HIGH
validation,GRD,c5ea6da5405bfac0v,c5ea6da5405bfac0v_056.43115058000000061611_007.25718719300000003614,S1B_IW_GRDH_1SDV_20200929T170921_20200929T170946_023593_02CD35_8971,56.43115058,7.257187192999999,5713.0,11077.0,11089.0,5708.0,11065.0,5719.0,40.76961136,ais/manual,True,True,9999.99,9999.99,HIGH
validation,GRD,c5ea6da5405bfac0v,c5ea6da5405bfac0v_056.19497249999999866077_007.62604100899999970409,S1B_IW_GRDH_1SDV_20200929T170921_20200929T170946_023593_02CD35_8971,56.1949725,7.626041009,7436.0,14053.0,14057.0,7434.0,14048.0,7440.0,19.96,ais/manual,True,True,9999.99,9999.99,HIGH
validation,GRD,c5ea6da5405bfac0v,c5ea6da5405bfac0v_056.92163983999999743446_008.25657577499999995041,S1B_IW_GRDH_1SDV_20200929T170921_20200929T170946_023593_02CD35_8971,56.92163984,8.256575775,12768.0,6917.0,6920.0,12766.0,6915.0,12770.0,12.5,ais/manual,True,True,3.7983208456433744,3.3093902127701846,HIGH
validation,GRD,c5ea6da5405bfac0v,c5ea6da5405bfac0v_056.07024621000000053073_007.73490212300000035128,S1B_IW_GRDH_1SDV_20200929T170921_20200929T170946_023593_02CD35_8971,56.07024621,7.734902122999999,7832.0,15523.0,15532.0,7828.0,15515.0,7837.0,32.10252861,ais/manual,True,True,9999.99,9999.99,HIGH
validation,GRD,c5ea6da5405bfac0v,c5ea6da5405bfac0v_057.18981164000000205760_008.02186152099999993936,S1B_IW_GRDH_1SDV_20200929T170921_20200929T170946_023593_02CD35_8971,57.18981164,8.021861521,11916.0,3764.0,3768.0,11914.0,3761.0,11919.0,37.96,ais/manual,True,True,9999.99,9999.99,HIGH
validation,GRD,c5ea6da5405bfac0v,c5ea6da5405bfac0v_057.38806772000000222533_008.18411067199999919808,S1B_IW_GRDH_1SDV_20200929T170921_20200929T170946_023593_02CD35_8971,57.38806772,8.184110672000001,13284.0,1795.0,1813.0,13276.0,1777.0,13292.0,42.35,ais/manual,True,True,9999.99,9999.99,HIGH
validation,GRD,c5ea6da5405bfac0v,c5ea6da5405bfac0v_056.14557924999999727333_007.82948633699999962943,S1B_IW_GRDH_1SDV_20200929T170921_20200929T170946_023593_02CD35_8971,56.14557925,7.829486337,8571.0,14821.0,14824.0,8568.0,14818.0,8573.0,17.19,ais/manual,True,True,9999.99,9999.99,HIGH
validation,GRD,c5ea6da5405bfac0v,c5ea6da5405bfac0v_057.19855762000000254375_008.57374696800000002384,S1B_IW_GRDH_1SDV_20200929T170921_20200929T170946_023593_02CD35_8971,57.19855762,8.573746968,15216.0,4256.0,4262.0,15214.0,4250.0,15219.0,16.2,ais/manual,True,True,8.228720721861679,8.275046458452922,HIGH
validation,GRD,c5ea6da5405bfac0v,c5ea6da5405bfac0v_057.22314150999999782243_008.90650132000000027688,S1B_IW_GRDH_1SDV_20200929T170921_20200929T170946_023593_02CD35_8971,57.22314151,8.90650132,17244.0,4331.0,4335.0,17241.0,4327.0,17247.0,15.261088399999998,ais/manual,True,True,8.250247867458846,7.822924080550002,HIGH
validation,GRD,c5ea6da5405bfac0v,c5ea6da5405bfac0v_056.38625688999999852058_007.39984118300000037749,S1B_IW_GRDH_1SDV_20200929T170921_20200929T170946_023593_02CD35_8971,56.38625689,7.399841182999999,6478.0,11728.0,11732.0,6475.0,11724.0,6480.0,22.34,ais/manual,True,True,9999.99,9999.99,HIGH
validation,GRD,94dca5e4de2edcf8v,94dca5e4de2edcf8v_055.59998587999999841713_010.46379765000000006125,S1B_IW_GRDH_1SDV_20201013T054010_20201013T054035_023790_02D350_506A,55.59998588,10.46379765,4708.0,634.0,640.0,4704.0,629.0,4712.0,52.22407708,ais/manual,True,False,2.9891026097958093,2.937077735875926,HIGH
validation,GRD,94dca5e4de2edcf8v,94dca5e4de2edcf8v_056.71434844000000197184_007.71837287500000002183,S1B_IW_GRDH_1SDV_20201013T054010_20201013T054035_023790_02D350_506A,56.71434844,7.718372875,23711.0,9742.0,9747.0,23706.0,9738.0,23714.0,37.87,ais/manual,True,True,9999.99,9999.99,HIGH
validation,GRD,94dca5e4de2edcf8v,94dca5e4de2edcf8v_056.13097052999999903022_010.28728584999999995375,S1B_IW_GRDH_1SDV_20201013T054010_20201013T054035_023790_02D350_506A,56.13097053,10.28728585,6960.0,6139.0,6144.0,6951.0,6134.0,6967.0,107.92291000000002,ais/manual,True,False,3.0191005918102127,3.4323565046476503,HIGH
validation,GRD,94dca5e4de2edcf8v,94dca5e4de2edcf8v_057.22078910999999834530_008.22054183800000082272,S1B_IW_GRDH_1SDV_20201013T054010_20201013T054035_023790_02D350_506A,57.22078911,8.220541837999999,21601.0,15737.0,15751.0,21590.0,15722.0,21611.0,183.0789221,ais/manual,True,False,9999.99,9999.99,HIGH
validation,GRD,94dca5e4de2edcf8v,94dca5e4de2edcf8v_056.70498063000000144029_008.11951858299999962298,S1B_IW_GRDH_1SDV_20201013T054010_20201013T054035_023790_02D350_506A,56.70498063,8.119518583,21269.0,10023.0,10031.0,21266.0,10015.0,21272.0,15.00623316,ais/manual,True,True,4.721570669746507,5.061149657916227,HIGH
validation,GRD,94dca5e4de2edcf8v,94dca5e4de2edcf8v_057.18543675000000092723_008.53810903799999998398,S1B_IW_GRDH_1SDV_20201013T054010_20201013T054035_023790_02D350_506A,57.18543675,8.538109038,19643.0,15660.0,15663.0,19640.0,15658.0,19644.0,9.99,ais/manual,True,True,7.623817160033776,7.898686079529154,HIGH
validation,GRD,94dca5e4de2edcf8v,94dca5e4de2edcf8v_056.76877138999999772295_007.44736133999999960764,S1B_IW_GRDH_1SDV_20201013T054010_20201013T054035_023790_02D350_506A,56.76877139,7.44736134,25443.0,10085.0,10092.0,25439.0,10079.0,25446.0,59.75,ais/manual,True,False,9999.99,9999.99,HIGH
validation,GRD,94dca5e4de2edcf8v,94dca5e4de2edcf8v_057.13083567999999701215_008.47419690099999911581,S1B_IW_GRDH_1SDV_20201013T054010_20201013T054035_023790_02D350_506A,57.13083568,8.474196901000001,19922.0,15004.0,15008.0,19919.0,14999.0,19926.0,12.07830511,ais/manual,True,True,6.69305207606994,6.511645818006914,HIGH
validation,GRD,94dca5e4de2edcf8v,94dca5e4de2edcf8v_056.73740733000000346919_011.01734195999999954552,S1B_IW_GRDH_1SDV_20201013T054010_20201013T054035_023790_02D350_506A,56.73740733,11.01734196,3895.0,13538.0,13543.0,3889.0,13531.0,3901.0,108.7140794,ais/manual,True,False,9999.99,9999.99,HIGH
validation,GRD,94dca5e4de2edcf8v,94dca5e4de2edcf8v_057.08074029000000138012_008.48199974299999936989,S1B_IW_GRDH_1SDV_20201013T054010_20201013T054035_023790_02D350_506A,57.08074029,8.481999743,19782.0,14467.0,14471.0,19780.0,14462.0,19785.0,24.34582526,ais/manual,True,True,3.370776802089113,2.956526101039413,HIGH
validation,GRD,94dca5e4de2edcf8v,94dca5e4de2edcf8v_056.25773939999999839756_010.98799340000000057671,S1B_IW_GRDH_1SDV_20201013T054010_20201013T054035_023790_02D350_506A,56.2577394,10.9879934,2980.0,8348.0,8349.0,2978.0,8346.0,2982.0,14.99,ais/manual,True,True,9.023885199833044,8.692289141757014,HIGH
validation,GRD,94dca5e4de2edcf8v,94dca5e4de2edcf8v_056.56532306999999804020_008.10144774499999975603,S1B_IW_GRDH_1SDV_20201013T054010_20201013T054035_023790_02D350_506A,56.56532307,8.101447745,21124.0,8486.0,8491.0,21118.0,8480.0,21128.0,75.49,ais/manual,True,False,1.4832410686711162,1.5447086562509469,HIGH
validation,GRD,94dca5e4de2edcf8v,94dca5e4de2edcf8v_057.16802452000000300814_008.37560815099999977917,S1B_IW_GRDH_1SDV_20201013T054010_20201013T054035_023790_02D350_506A,57.16802452,8.375608151,20580.0,15312.0,15318.0,20576.0,15306.0,20584.0,23.88,ais/manual,True,True,9999.99,9999.99,HIGH
validation,GRD,94dca5e4de2edcf8v,94dca5e4de2edcf8v_057.15594111000000054901_008.50657204100000008395,S1B_IW_GRDH_1SDV_20201013T054010_20201013T054035_023790_02D350_506A,57.15594111,8.506572041,19776.0,15309.0,15313.0,19772.0,15304.0,19779.0,14.56425546,ais/manual,True,True,6.2606874801899295,6.61045649347031,HIGH
validation,GRD,94dca5e4de2edcf8v,94dca5e4de2edcf8v_057.15468374000000295609_007.83890689900000037227,S1B_IW_GRDH_1SDV_20201013T054010_20201013T054035_023790_02D350_506A,57.15468374,7.838906898999999,23761.0,14657.0,14661.0,23757.0,14653.0,23763.0,38.93,ais/manual,True,True,9999.99,9999.99,HIGH
validation,GRD,94dca5e4de2edcf8v,94dca5e4de2edcf8v_056.18016281999999961272_007.56932449600000012424,S1B_IW_GRDH_1SDV_20201013T054010_20201013T054035_023790_02D350_506A,56.18016282,7.569324496,23680.0,3777.0,3782.0,23677.0,3772.0,23683.0,16.01,ais/manual,True,True,9999.99,9999.99,HIGH
validation,GRD,94dca5e4de2edcf8v,94dca5e4de2edcf8v_056.34475568999999950393_007.25217708100000013616,S1B_IW_GRDH_1SDV_20201013T054010_20201013T054035_023790_02D350_506A,56.34475569,7.252177081,25906.0,5277.0,5285.0,25898.0,5268.0,25913.0,150.25949450000005,ais/manual,True,False,9999.99,9999.99,HIGH
validation,GRD,94dca5e4de2edcf8v,94dca5e4de2edcf8v_055.98171239999999926340_008.02559575100000088810,S1B_IW_GRDH_1SDV_20201013T054010_20201013T054035_023790_02D350_506A,55.98171239999999,8.025595751,20521.0,2060.0,2062.0,20519.0,2058.0,20524.0,14.99,ais/manual,True,True,5.6723458597294885,5.737681286083852,HIGH
validation,GRD,94dca5e4de2edcf8v,94dca5e4de2edcf8v_056.93389178000000327984_011.52846498000000075024,S1B_IW_GRDH_1SDV_20201013T054010_20201013T054035_023790_02D350_506A,56.93389178,11.52846498,1296.0,16275.0,16279.0,1293.0,16270.0,1300.0,16.7,ais/manual,True,True,9999.99,9999.99,HIGH
validation,GRD,94dca5e4de2edcf8v,94dca5e4de2edcf8v_057.12596760000000273294_008.59005395600000021261,S1B_IW_GRDH_1SDV_20201013T054010_20201013T054035_023790_02D350_506A,57.1259676,8.590053956,19222.0,15065.0,15068.0,19219.0,15063.0,19223.0,26.73892045,ais/manual,True,False,0.3883209891340819,0.7062747193167986,HIGH
validation,GRD,94dca5e4de2edcf8v,94dca5e4de2edcf8v_056.46176224999999959664_007.45617939799999973616,S1B_IW_GRDH_1SDV_20201013T054010_20201013T054035_023790_02D350_506A,56.46176225,7.456179398,24862.0,6742.0,6757.0,24853.0,6728.0,24870.0,160.7712657,ais/manual,True,False,9999.99,9999.99,HIGH
validation,GRD,94dca5e4de2edcf8v,94dca5e4de2edcf8v_057.02034127999999668646_007.83568545099999980152,S1B_IW_GRDH_1SDV_20201013T054010_20201013T054035_023790_02D350_506A,57.02034128,7.835685451,23543.0,13189.0,13204.0,23535.0,13174.0,23551.0,148.7208865,ais/manual,True,False,9999.99,9999.99,HIGH
validation,GRD,94dca5e4de2edcf8v,94dca5e4de2edcf8v_056.80633767999999861331_007.83610483599999962934,S1B_IW_GRDH_1SDV_20201013T054010_20201013T054035_023790_02D350_506A,56.80633768,7.836104836,23162.0,10856.0,10867.0,23155.0,10846.0,23168.0,78.79791674,ais/manual,True,False,9999.99,9999.99,HIGH
validation,GRD,94dca5e4de2edcf8v,94dca5e4de2edcf8v_056.04760553999999928010_011.11895731000000075994,S1B_IW_GRDH_1SDV_20201013T054010_20201013T054035_023790_02D350_506A,56.04760554,11.11895731,1702.0,6254.0,6269.0,1691.0,6238.0,1711.0,151.7503819,ais/manual,True,False,9999.99,9999.99,HIGH
validation,GRD,94dca5e4de2edcf8v,94dca5e4de2edcf8v_057.19701743000000249140_008.64636178099999952451,S1B_IW_GRDH_1SDV_20201013T054010_20201013T054035_023790_02D350_506A,57.19701743,8.646361781,19019.0,15893.0,15897.0,19016.0,15890.0,19023.0,14.22,ais/manual,True,True,7.933308543199749,7.935805439735536,HIGH
validation,GRD,94dca5e4de2edcf8v,94dca5e4de2edcf8v_056.60430121000000269760_007.64374389999999959144,S1B_IW_GRDH_1SDV_20201013T054010_20201013T054035_023790_02D350_506A,56.60430121,7.6437439,23969.0,8472.0,8476.0,23966.0,8469.0,23972.0,20.3415132,ais/manual,True,True,9999.99,9999.99,HIGH
validation,GRD,94dca5e4de2edcf8v,94dca5e4de2edcf8v_057.18437033000000013772_008.68751046699999918133,S1B_IW_GRDH_1SDV_20201013T054010_20201013T054035_023790_02D350_506A,57.18437033,8.687510467000001,18750.0,15797.0,15799.0,18747.0,15795.0,18753.0,15.56502826,ais/manual,True,True,7.443476517469962,7.163085028332026,HIGH
validation,GRD,94dca5e4de2edcf8v,94dca5e4de2edcf8v_057.18751318000000338770_008.68698758799999914970,S1B_IW_GRDH_1SDV_20201013T054010_20201013T054035_023790_02D350_506A,57.18751318,8.686987588,18759.0,15831.0,15832.0,18757.0,15829.0,18760.0,15.261088399999998,ais/manual,True,True,7.755927622325791,7.487069762626521,HIGH
validation,GRD,94dca5e4de2edcf8v,94dca5e4de2edcf8v_057.20941807999999895173_008.89373508999999984326,S1B_IW_GRDH_1SDV_20201013T054010_20201013T054035_023790_02D350_506A,57.20941808,8.89373509,17570.0,16276.0,16278.0,17568.0,16275.0,17572.0,13.05,ais/manual,True,True,7.361990234990924,6.9982930070045,HIGH
validation,GRD,94dca5e4de2edcf8v,94dca5e4de2edcf8v_057.14969837000000296712_007.82451728299999960115,S1B_IW_GRDH_1SDV_20201013T054010_20201013T054035_023790_02D350_506A,57.14969837,7.824517283,23838.0,14589.0,14597.0,23835.0,14581.0,23841.0,37.83,ais/manual,True,True,9999.99,9999.99,HIGH
validation,GRD,94dca5e4de2edcf8v,94dca5e4de2edcf8v_056.86313133000000163975_007.64980872200000039385,S1B_IW_GRDH_1SDV_20201013T054010_20201013T054035_023790_02D350_506A,56.86313133,7.649808722,24385.0,11301.0,11316.0,24378.0,11287.0,24390.0,27.75,ais/manual,True,True,9999.99,9999.99,HIGH
validation,GRD,94dca5e4de2edcf8v,94dca5e4de2edcf8v_057.27748548999999655962_008.23692500299999963431,S1B_IW_GRDH_1SDV_20201013T054010_20201013T054035_023790_02D350_506A,57.27748549,8.236925003,21606.0,16370.0,16373.0,21604.0,16367.0,21609.0,17.42189111,ais/manual,True,True,9999.99,9999.99,HIGH
validation,GRD,94dca5e4de2edcf8v,94dca5e4de2edcf8v_057.33050657999999799586_007.94166523999999984795,S1B_IW_GRDH_1SDV_20201013T054010_20201013T054035_023790_02D350_506A,57.33050658,7.94166524,23458.0,16670.0,16677.0,23454.0,16662.0,23461.0,38.31,ais/manual,True,True,9999.99,9999.99,HIGH
validation,GRD,94dca5e4de2edcf8v,94dca5e4de2edcf8v_056.84069316000000071654_007.94093603600000008669,S1B_IW_GRDH_1SDV_20201013T054010_20201013T054035_023790_02D350_506A,56.84069316,7.940936036,22591.0,11330.0,11346.0,22584.0,11313.0,22599.0,116.19800159999998,ais/manual,True,False,9999.99,9999.99,HIGH
validation,GRD,94dca5e4de2edcf8v,94dca5e4de2edcf8v_056.20003873000000282900_007.55536686700000004180,S1B_IW_GRDH_1SDV_20201013T054010_20201013T054035_023790_02D350_506A,56.20003873,7.555366867,23801.0,3981.0,3983.0,23798.0,3977.0,23803.0,17.19,ais/manual,True,True,9999.99,9999.99,HIGH
validation,GRD,94dca5e4de2edcf8v,94dca5e4de2edcf8v_057.31026937000000032185_007.64010093200000017788,S1B_IW_GRDH_1SDV_20201013T054010_20201013T054035_023790_02D350_506A,57.31026937,7.640100932,25217.0,16172.0,16179.0,25212.0,16166.0,25221.0,42.35,ais/manual,True,True,9999.99,9999.99,HIGH
validation,GRD,94dca5e4de2edcf8v,94dca5e4de2edcf8v_055.56447147000000086337_010.82658595999999917581,S1B_IW_GRDH_1SDV_20201013T054010_20201013T054035_023790_02D350_506A,55.56447147,10.82658596,2388.0,701.0,712.0,2378.0,689.0,2396.0,161.7496858,ais/manual,True,False,5.556286314875103,5.430791752735352,HIGH
validation,GRD,94dca5e4de2edcf8v,94dca5e4de2edcf8v_057.23617330999999808228_008.42465467399999923259,S1B_IW_GRDH_1SDV_20201013T054010_20201013T054035_023790_02D350_506A,57.23617331,8.424654674,20413.0,16101.0,16107.0,20409.0,16096.0,20416.0,14.73393647,ais/manual,True,True,9999.99,9999.99,HIGH
validation,GRD,94dca5e4de2edcf8v,94dca5e4de2edcf8v_057.12242992000000185726_007.80060551900000032077,S1B_IW_GRDH_1SDV_20201013T054010_20201013T054035_023790_02D350_506A,57.12242992,7.8006055189999985,23933.0,14270.0,14273.0,23930.0,14266.0,23934.0,21.79,ais/manual,True,True,9999.99,9999.99,HIGH
validation,GRD,94dca5e4de2edcf8v,94dca5e4de2edcf8v_057.14571208000000268612_007.80200090599999995788,S1B_IW_GRDH_1SDV_20201013T054010_20201013T054035_023790_02D350_506A,57.14571208,7.802000906,23965.0,14525.0,14529.0,23962.0,14521.0,23968.0,37.96,ais/manual,True,True,9999.99,9999.99,HIGH
validation,GRD,94dca5e4de2edcf8v,94dca5e4de2edcf8v_055.88972062999999934618_010.47020939000000083752,S1B_IW_GRDH_1SDV_20201013T054010_20201013T054035_023790_02D350_506A,55.88972063,10.47020939,5311.0,3759.0,3762.0,5309.0,3757.0,5314.0,85.15954099,ais/manual,True,False,5.522419178345088,5.109837692168727,HIGH
validation,GRD,94dca5e4de2edcf8v,94dca5e4de2edcf8v_057.24514522999999854846_008.86662222900000074333,S1B_IW_GRDH_1SDV_20201013T054010_20201013T054035_023790_02D350_506A,57.24514523,8.866622228999999,17800.0,16637.0,16640.0,17796.0,16634.0,17802.0,21.915,ais/manual,True,True,9999.99,9999.99,HIGH
validation,GRD,94dca5e4de2edcf8v,94dca5e4de2edcf8v_057.25149590000000188184_008.47745195399999929009,S1B_IW_GRDH_1SDV_20201013T054010_20201013T054035_023790_02D350_506A,57.2514959,8.477451954,20127.0,16319.0,16325.0,20123.0,16314.0,20130.0,16.2,ais/manual,True,True,9999.99,9999.99,HIGH
validation,GRD,94dca5e4de2edcf8v,94dca5e4de2edcf8v_057.25659742999999934909_008.51765941200000042954,S1B_IW_GRDH_1SDV_20201013T054010_20201013T054035_023790_02D350_506A,57.25659743,8.517659412,19897.0,16414.0,16419.0,19894.0,16410.0,19901.0,16.52157197,ais/manual,True,True,9999.99,9999.99,HIGH
validation,GRD,94dca5e4de2edcf8v,94dca5e4de2edcf8v_057.30498855999999818778_007.98472482699999996925,S1B_IW_GRDH_1SDV_20201013T054010_20201013T054035_023790_02D350_506A,57.30498856,7.984724827000001,23157.0,16431.0,16437.0,23153.0,16426.0,23159.0,15.48,ais/manual,True,True,9999.99,9999.99,HIGH
validation,GRD,94dca5e4de2edcf8v,94dca5e4de2edcf8v_056.54011599999999759802_008.01195173500000024092,S1B_IW_GRDH_1SDV_20201013T054010_20201013T054035_023790_02D350_506A,56.54011600000001,8.011951735,21621.0,8124.0,8128.0,21617.0,8120.0,21624.0,79.0,ais/manual,True,False,6.567147863147969,6.4594547562475695,HIGH
validation,GRD,94dca5e4de2edcf8v,94dca5e4de2edcf8v_057.21877628000000015618_007.86256272800000033385,S1B_IW_GRDH_1SDV_20201013T054010_20201013T054035_023790_02D350_506A,57.21877628,7.862562727999999,23732.0,15378.0,15381.0,23729.0,15374.0,23735.0,37.72,ais/manual,True,True,9999.99,9999.99,HIGH
validation,GRD,94dca5e4de2edcf8v,94dca5e4de2edcf8v_056.17643000999999713940_010.62372028999999962195,S1B_IW_GRDH_1SDV_20201013T054010_20201013T054035_023790_02D350_506A,56.17643001,10.62372029,5010.0,7030.0,7032.0,5007.0,7027.0,5013.0,13.84958617,ais/manual,True,True,0.8564014816217582,0.7675571444848711,HIGH
validation,GRD,94dca5e4de2edcf8v,94dca5e4de2edcf8v_055.69695080000000331211_010.79552514000000051908,S1B_IW_GRDH_1SDV_20201013T054010_20201013T054035_023790_02D350_506A,55.69695079999999,10.79552514,2880.0,2085.0,2096.0,2875.0,2075.0,2885.0,174.65425449999995,ais/manual,True,False,6.782197016170696,6.759396397210004,HIGH
validation,GRD,94dca5e4de2edcf8v,94dca5e4de2edcf8v_055.98924895999999762353_011.13628611000000034892,S1B_IW_GRDH_1SDV_20201013T054010_20201013T054035_023790_02D350_506A,55.98924896,11.13628611,1461.0,5649.0,5652.0,1457.0,5647.0,1465.0,48.15,ais/manual,True,False,8.366226600769004,8.127051834522357,HIGH
validation,GRD,94dca5e4de2edcf8v,94dca5e4de2edcf8v_055.97303481000000147105_011.11760229000000066435,S1B_IW_GRDH_1SDV_20201013T054010_20201013T054035_023790_02D350_506A,55.97303481,11.11760229,1538.0,5452.0,5455.0,1532.0,5448.0,1543.0,64.01250162,ais/manual,True,False,6.290339634148539,6.1405937992229145,HIGH
validation,GRD,94dca5e4de2edcf8v,94dca5e4de2edcf8v_056.28573270999999778041_010.87570232999999930712,S1B_IW_GRDH_1SDV_20201013T054010_20201013T054035_023790_02D350_506A,56.28573271,10.87570233,3725.0,8511.0,8514.0,3721.0,8506.0,3728.0,55.34453516,ais/manual,True,False,1.6982649172330946,1.5552249464650074,HIGH
validation,GRD,94dca5e4de2edcf8v,94dca5e4de2edcf8v_055.61434410999999755632_010.78428425999999973328,S1B_IW_GRDH_1SDV_20201013T054010_20201013T054035_023790_02D350_506A,55.61434411,10.78428426,2762.0,1184.0,1191.0,2756.0,1175.0,2768.0,106.75685190000002,ais/manual,True,False,8.641679882294742,8.455833272500643,HIGH
validation,GRD,94dca5e4de2edcf8v,94dca5e4de2edcf8v_056.65907298999999852640_007.82580146899999995469,S1B_IW_GRDH_1SDV_20201013T054010_20201013T054035_023790_02D350_506A,56.65907299,7.825801469,22963.0,9241.0,9248.0,22959.0,9234.0,22967.0,15.56352679,ais/manual,True,True,9999.99,9999.99,HIGH
validation,GRD,94dca5e4de2edcf8v,94dca5e4de2edcf8v_056.01624576999999760574_010.97235775000000046475,S1B_IW_GRDH_1SDV_20201013T054010_20201013T054035_023790_02D350_506A,56.01624577,10.97235775,2524.0,5734.0,5738.0,2520.0,5730.0,2527.0,64.31500535,ais/manual,True,False,9999.99,9999.99,HIGH
validation,GRD,94dca5e4de2edcf8v,94dca5e4de2edcf8v_056.66162936999999999443_007.73810953000000001367,S1B_IW_GRDH_1SDV_20201013T054010_20201013T054035_023790_02D350_506A,56.66162937,7.73810953,23498.0,9186.0,9191.0,23495.0,9181.0,23501.0,14.02,ais/manual,True,True,9999.99,9999.99,HIGH
validation,GRD,94dca5e4de2edcf8v,94dca5e4de2edcf8v_056.70559390999999749283_007.51269092899999968438,S1B_IW_GRDH_1SDV_20201013T054010_20201013T054035_023790_02D350_506A,56.70559391,7.512690929,24940.0,9456.0,9471.0,24930.0,9440.0,24949.0,145.6059006,ais/manual,True,False,9999.99,9999.99,HIGH
validation,GRD,335f9a411884e9cbv,335f9a411884e9cbv_058.20915198000000145839_006.12062811000000017714,S1B_IW_GRDH_1SDV_20201018T054754_20201018T054819_023863_02D58D_CCCF,58.20915198,6.12062811,23636.0,7288.0,7296.0,23629.0,7280.0,23641.0,102.7888494,ais/manual,True,False,9999.99,9999.99,HIGH
validation,GRD,335f9a411884e9cbv,335f9a411884e9cbv_057.48169586000000208514_006.90740194700000031958,S1B_IW_GRDH_1SDV_20201018T054754_20201018T054819_023863_02D58D_CCCF,57.48169586,6.907401947,17684.0,124.0,129.0,17681.0,118.0,17687.0,30.34,ais/manual,True,True,9999.99,9999.99,HIGH
validation,GRD,335f9a411884e9cbv,335f9a411884e9cbv_057.47552179000000194264_007.46514339600000020880,S1B_IW_GRDH_1SDV_20201018T054754_20201018T054819_023863_02D58D_CCCF,57.47552179,7.465143396,14379.0,631.0,634.0,14375.0,628.0,14381.0,21.56355807,ais/manual,True,True,9999.99,9999.99,HIGH
validation,GRD,335f9a411884e9cbv,335f9a411884e9cbv_057.60844093000000043503_007.87999013700000006111,S1B_IW_GRDH_1SDV_20201018T054754_20201018T054819_023863_02D58D_CCCF,57.60844093,7.879990137,12207.0,2512.0,2524.0,12193.0,2499.0,12221.0,213.4936165,ais/manual,True,False,9999.99,9999.99,HIGH
validation,GRD,335f9a411884e9cbv,335f9a411884e9cbv_058.01408913000000211468_005.71802554599999979246,S1B_IW_GRDH_1SDV_20201018T054754_20201018T054819_023863_02D58D_CCCF,58.01408913,5.718025546000002,25640.0,4799.0,4805.0,25636.0,4792.0,25643.0,71.1,ais/manual,True,True,9999.99,9999.99,HIGH
validation,GRD,335f9a411884e9cbv,335f9a411884e9cbv_058.00180433999999962680_006.29574743600000008570,S1B_IW_GRDH_1SDV_20201018T054754_20201018T054819_023863_02D58D_CCCF,58.00180434,6.295747436,22246.0,5189.0,5193.0,22242.0,5186.0,22248.0,33.25,ais/manual,True,True,9999.99,9999.99,HIGH
validation,GRD,335f9a411884e9cbv,335f9a411884e9cbv_057.89070412000000231956_007.97732507999999995718,S1B_IW_GRDH_1SDV_20201018T054754_20201018T054819_023863_02D58D_CCCF,57.89070412,7.97732508,12223.0,5670.0,5675.0,12216.0,5664.0,12230.0,67.73364761,ais/manual,True,False,9999.99,9999.99,HIGH
validation,GRD,335f9a411884e9cbv,335f9a411884e9cbv_057.73284911999999735599_008.77460163199999954031,S1B_IW_GRDH_1SDV_20201018T054754_20201018T054819_023863_02D58D_CCCF,57.73284912,8.774601632000001,7234.0,4851.0,4856.0,7230.0,4846.0,7237.0,21.95,ais/manual,True,True,9999.99,9999.99,HIGH
validation,GRD,335f9a411884e9cbv,335f9a411884e9cbv_057.50511072999999839794_008.35128625599999985241,S1B_IW_GRDH_1SDV_20201018T054754_20201018T054819_023863_02D58D_CCCF,57.50511073,8.351286256,9219.0,1915.0,1917.0,9217.0,1913.0,9220.0,24.0527272,ais/manual,True,True,9999.99,9999.99,HIGH
validation,GRD,335f9a411884e9cbv,335f9a411884e9cbv_058.01692036000000030072_006.52625548299999991286,S1B_IW_GRDH_1SDV_20201018T054754_20201018T054819_023863_02D58D_CCCF,58.01692036,6.526255483,20929.0,5571.0,5576.0,20923.0,5564.0,20934.0,87.92126109,ais/manual,True,False,6.64539996425218,8.312990589921254,HIGH
validation,GRD,335f9a411884e9cbv,335f9a411884e9cbv_057.52767359999999996489_007.40349630199999975133,S1B_IW_GRDH_1SDV_20201018T054754_20201018T054819_023863_02D58D_CCCF,57.5276736,7.403496302000001,14847.0,1131.0,1142.0,14837.0,1121.0,14856.0,107.2399015,ais/manual,True,False,9999.99,9999.99,HIGH
validation,GRD,335f9a411884e9cbv,335f9a411884e9cbv_057.93273238999999819043_009.90575439200000040785,S1B_IW_GRDH_1SDV_20201018T054754_20201018T054819_023863_02D58D_CCCF,57.93273239,9.905754392,1116.0,8343.0,8349.0,1111.0,8336.0,1120.0,22.11,ais/manual,True,True,9999.99,9999.99,HIGH
validation,GRD,335f9a411884e9cbv,335f9a411884e9cbv_057.61680237000000204262_009.05838392200000086518,S1B_IW_GRDH_1SDV_20201018T054754_20201018T054819_023863_02D58D_CCCF,57.61680237,9.058383922,5316.0,3931.0,3942.0,5301.0,3920.0,5329.0,185.1386139,ais/manual,True,False,9999.99,9999.99,HIGH
validation,GRD,335f9a411884e9cbv,335f9a411884e9cbv_057.90356544000000127426_009.87633571799999998575,S1B_IW_GRDH_1SDV_20201018T054754_20201018T054819_023863_02D58D_CCCF,57.90356544,9.876335718,1217.0,7994.0,7998.0,1212.0,7989.0,1221.0,32.10252861,ais/manual,True,True,9999.99,9999.99,HIGH
validation,GRD,335f9a411884e9cbv,335f9a411884e9cbv_057.64911844000000229471_008.90630703699999948242,S1B_IW_GRDH_1SDV_20201018T054754_20201018T054819_023863_02D58D_CCCF,57.64911844,8.906307037000001,6278.0,4101.0,4109.0,6273.0,4094.0,6283.0,24.07,ais/manual,True,True,9999.99,9999.99,HIGH
validation,GRD,335f9a411884e9cbv,335f9a411884e9cbv_058.21735748999999771058_008.65885904299999964451,S1B_IW_GRDH_1SDV_20201018T054754_20201018T054819_023863_02D58D_CCCF,58.21735749,8.658859043,8967.0,9944.0,9947.0,8962.0,9940.0,8971.0,67.74286972,ais/manual,True,False,8.362132285827487,9.727476884679858,HIGH
validation,GRD,335f9a411884e9cbv,335f9a411884e9cbv_057.98731644000000073902_009.67999585799999984204,S1B_IW_GRDH_1SDV_20201018T054754_20201018T054819_023863_02D58D_CCCF,57.98731644,9.679995858,2551.0,8653.0,8658.0,2544.0,8648.0,2558.0,36.6299791,ais/manual,True,False,9999.99,9999.99,HIGH
validation,GRD,335f9a411884e9cbv,335f9a411884e9cbv_057.70035683999999776006_008.74040862200000034932,S1B_IW_GRDH_1SDV_20201018T054754_20201018T054819_023863_02D58D_CCCF,57.70035684,8.740408622,7362.0,4462.0,4466.0,7358.0,4457.0,7365.0,22.19610496,ais/manual,True,True,9999.99,9999.99,HIGH
validation,GRD,335f9a411884e9cbv,335f9a411884e9cbv_057.87816226000000341401_009.63122983999999959792,S1B_IW_GRDH_1SDV_20201018T054754_20201018T054819_023863_02D58D_CCCF,57.87816226,9.63122984,2578.0,7423.0,7432.0,2573.0,7413.0,2583.0,16.65,ais/manual,True,True,9999.99,9999.99,HIGH
validation,GRD,335f9a411884e9cbv,335f9a411884e9cbv_058.25750565999999963651_006.07731941599999991865,S1B_IW_GRDH_1SDV_20201018T054754_20201018T054819_023863_02D58D_CCCF,58.25750566,6.077319416,23972.0,7777.0,7783.0,23967.0,7770.0,23976.0,39.36532072,ais/manual,True,False,9999.99,9999.99,HIGH
validation,GRD,335f9a411884e9cbv,335f9a411884e9cbv_057.47706251000000321483_007.08513940100000016997,S1B_IW_GRDH_1SDV_20201018T054754_20201018T054819_023863_02D58D_CCCF,57.47706251,7.085139401,16625.0,254.0,260.0,16621.0,247.0,16630.0,37.05,ais/manual,True,True,9999.99,9999.99,HIGH
validation,GRD,335f9a411884e9cbv,335f9a411884e9cbv_057.85086099000000103842_009.53202150199999920233,S1B_IW_GRDH_1SDV_20201018T054754_20201018T054819_023863_02D58D_CCCF,57.85086099,9.532021502,3090.0,7010.0,7013.0,3088.0,7007.0,3093.0,22.0,ais/manual,True,True,9999.99,9999.99,HIGH
validation,GRD,335f9a411884e9cbv,335f9a411884e9cbv_058.04502381999999727213_009.67228284399999971299,S1B_IW_GRDH_1SDV_20201018T054754_20201018T054819_023863_02D58D_CCCF,58.04502382,9.672282844,2731.0,9263.0,9266.0,2727.0,9261.0,2733.0,28.05,ais/manual,True,True,9999.99,9999.99,HIGH
validation,GRD,335f9a411884e9cbv,335f9a411884e9cbv_057.81736124999999759666_009.46200984600000083447,S1B_IW_GRDH_1SDV_20201018T054754_20201018T054819_023863_02D58D_CCCF,57.81736125,9.462009846,3419.0,6566.0,6571.0,3412.0,6561.0,3426.0,113.8309217,ais/manual,True,False,9999.99,9999.99,HIGH
validation,GRD,335f9a411884e9cbv,335f9a411884e9cbv_057.56022080000000329392_007.44871002499999956825,S1B_IW_GRDH_1SDV_20201018T054754_20201018T054819_023863_02D58D_CCCF,57.5602208,7.448710025,14646.0,1531.0,1540.0,14641.0,1523.0,14649.0,28.05,ais/manual,True,True,9999.99,9999.99,HIGH
validation,GRD,335f9a411884e9cbv,335f9a411884e9cbv_057.85479511999999857608_009.55718604499999990765,S1B_IW_GRDH_1SDV_20201018T054754_20201018T054819_023863_02D58D_CCCF,57.85479512,9.557186045,2953.0,7082.0,7086.0,2951.0,7079.0,2956.0,23.95,ais/manual,True,True,9999.99,9999.99,HIGH
validation,GRD,335f9a411884e9cbv,335f9a411884e9cbv_057.88555147000000289381_009.66188409599999964428,S1B_IW_GRDH_1SDV_20201018T054754_20201018T054819_023863_02D58D_CCCF,57.88555147,9.661884096,2417.0,7539.0,7546.0,2413.0,7532.0,2422.0,17.49,ais/manual,True,True,9999.99,9999.99,HIGH
validation,GRD,335f9a411884e9cbv,335f9a411884e9cbv_057.96652077000000247153_009.67182689500000059013,S1B_IW_GRDH_1SDV_20201018T054754_20201018T054819_023863_02D58D_CCCF,57.96652077,9.671826895,2550.0,8420.0,8421.0,2547.0,8418.0,2552.0,23.61,ais/manual,True,True,9999.99,9999.99,HIGH
validation,GRD,335f9a411884e9cbv,335f9a411884e9cbv_057.44628998000000308366_007.84029444599999969512,S1B_IW_GRDH_1SDV_20201018T054754_20201018T054819_023863_02D58D_CCCF,57.44628998,7.8402944460000015,12105.0,715.0,725.0,12100.0,706.0,12110.0,31.53427259,ais/manual,True,True,9999.99,9999.99,HIGH
validation,GRD,335f9a411884e9cbv,335f9a411884e9cbv_057.51600343999999864764_008.49382288099999982478,S1B_IW_GRDH_1SDV_20201018T054754_20201018T054819_023863_02D58D_CCCF,57.51600344,8.493822881,8404.0,2193.0,2198.0,8401.0,2188.0,8407.0,23.23458692,ais/manual,True,True,9999.99,9999.99,HIGH
validation,GRD,335f9a411884e9cbv,335f9a411884e9cbv_057.94264822000000236812_009.41480371499999968421,S1B_IW_GRDH_1SDV_20201018T054754_20201018T054819_023863_02D58D_CCCF,57.94264822,9.414803715,3983.0,7856.0,7863.0,3977.0,7848.0,3988.0,35.1,ais/manual,True,True,9999.99,9999.99,HIGH
validation,GRD,335f9a411884e9cbv,335f9a411884e9cbv_057.98492233000000339871_009.47532606799999932434,S1B_IW_GRDH_1SDV_20201018T054754_20201018T054819_023863_02D58D_CCCF,57.98492233,9.475326068,3730.0,8382.0,8394.0,3722.0,8370.0,3737.0,35.12,ais/manual,True,True,9999.99,9999.99,HIGH
validation,GRD,335f9a411884e9cbv,335f9a411884e9cbv_058.15665253000000234351_010.02614069999999912852,S1B_IW_GRDH_1SDV_20201018T054754_20201018T054819_023863_02D58D_CCCF,58.15665253,10.0261407,955.0,10891.0,10898.0,950.0,10884.0,960.0,27.47859797,ais/manual,True,True,9999.99,9999.99,HIGH
validation,GRD,335f9a411884e9cbv,335f9a411884e9cbv_057.79766121000000111962_009.77972188799999919695,S1B_IW_GRDH_1SDV_20201018T054754_20201018T054819_023863_02D58D_CCCF,57.79766121,9.779721888,1526.0,6739.0,6746.0,1519.0,6733.0,1533.0,133.1995268,ais/manual,True,False,9999.99,9999.99,HIGH
validation,GRD,335f9a411884e9cbv,335f9a411884e9cbv_057.61337043999999707466_007.22094676399999979566,S1B_IW_GRDH_1SDV_20201018T054754_20201018T054819_023863_02D58D_CCCF,57.61337044,7.220946764,16092.0,1872.0,1875.0,16087.0,1868.0,16095.0,69.95,ais/manual,True,True,9999.99,9999.99,HIGH
validation,GRD,335f9a411884e9cbv,335f9a411884e9cbv_058.21534259999999960655_006.21327743500000018173,S1B_IW_GRDH_1SDV_20201018T054754_20201018T054819_023863_02D58D_CCCF,58.2153426,6.213277435,23109.0,7440.0,7443.0,23107.0,7438.0,23111.0,32.55,ais/manual,True,True,9999.99,9999.99,HIGH
validation,GRD,335f9a411884e9cbv,335f9a411884e9cbv_057.89466368000000073835_009.70456105599999929723,S1B_IW_GRDH_1SDV_20201018T054754_20201018T054819_023863_02D58D_CCCF,57.89466368,9.704561056,2191.0,7689.0,7696.0,2187.0,7681.0,2196.0,16.27998359,ais/manual,True,True,9999.99,9999.99,HIGH
validation,GRD,335f9a411884e9cbv,335f9a411884e9cbv_057.46775370000000293658_007.14765737499999964655,S1B_IW_GRDH_1SDV_20201018T054754_20201018T054819_023863_02D58D_CCCF,57.4677537,7.147657375,16238.0,217.0,219.0,16235.0,214.0,16240.0,26.78968773,ais/manual,True,True,9999.99,9999.99,HIGH
validation,GRD,335f9a411884e9cbv,335f9a411884e9cbv_058.06611789000000101169_008.05638833799999964924,S1B_IW_GRDH_1SDV_20201018T054754_20201018T054819_023863_02D58D_CCCF,58.06611789,8.056388338,12129.0,7652.0,7655.0,12125.0,7648.0,12132.0,10.53083131,ais/manual,True,False,0.4838204526052486,2.543742824174429,HIGH
validation,GRD,335f9a411884e9cbv,335f9a411884e9cbv_057.98760261999999698901_005.98783697699999972741,S1B_IW_GRDH_1SDV_20201018T054754_20201018T054819_023863_02D58D_CCCF,57.98760262,5.987836977000001,24018.0,4751.0,4755.0,24015.0,4748.0,24021.0,32.12,ais/manual,True,True,9999.99,9999.99,HIGH
validation,GRD,335f9a411884e9cbv,335f9a411884e9cbv_058.38131703999999899679_005.98700132200000023630,S1B_IW_GRDH_1SDV_20201018T054754_20201018T054819_023863_02D58D_CCCF,58.38131704,5.987001322,24711.0,9047.0,9052.0,24707.0,9043.0,24715.0,39.95,ais/manual,True,True,1.2202243651874911,2.536574410189219,HIGH
validation,GRD,335f9a411884e9cbv,335f9a411884e9cbv_058.57636898999999885973_009.13889816100000018650,S1B_IW_GRDH_1SDV_20201018T054754_20201018T054819_023863_02D58D_CCCF,58.57636899,9.138898161,7005.0,14353.0,14359.0,6998.0,14347.0,7012.0,49.52121836,ais/manual,True,False,3.3745451534613244,4.297784925657073,HIGH
