partition,product_type,scene_id,detect_id,SLC_product_identifier,swath_index,detect_lat,detect_lon,detect_scene_column,detect_scene_row,top,left,bottom,right,vessel_length_m,source,is_vessel,is_fishing,global_shoreline_vector_distance_from_shore_km,xView3_shoreline_distance_from_shore_km,confidence
validation,SLC,b1844cde847a3942v,b1844cde847a3942v_005.38286736999999959608_005.05949918499999995447,S1A_IW_SLC__1SDV_20200126T052956_20200126T053026_030967_038E50_4681,1,5.38286737,5.059499185,1099.0,2761.0,2769.0,1065.0,2754.0,1133.0,201.9434849,ais/manual,True,False,9999.99,9999.99,HIGH
validation,SLC,b1844cde847a3942v,b1844cde847a3942v_006.28222557900000033726_003.28311126399999997361,S1A_IW_SLC__1SDV_20200126T052956_20200126T053026_030967_038E50_4681,3,6.282225579,3.283111264,13372.0,7817.0,7827.0,13332.0,7807.0,13411.0,221.29270130000003,ais/manual,True,False,9999.99,9999.99,HIGH
validation,SLC,b1844cde847a3942v,b1844cde847a3942v_006.35486453700000009093_003.28541120399999986290,S1A_IW_SLC__1SDV_20200126T052956_20200126T053026_030967_038E50_4681,3,6.354864537,3.285411204,13776.0,8383.0,8388.0,13741.0,8378.0,13808.0,148.3899158,ais/manual,True,False,5.403146170404296,5.42670510193617,HIGH
validation,SLC,b1844cde847a3942v,b1844cde847a3942v_005.52452036299999971192_004.87293250799999988487,S1A_IW_SLC__1SDV_20200126T052956_20200126T053026_030967_038E50_4681,1,5.524520363,4.872932508,6419.0,3554.0,3556.0,6411.0,3551.0,6427.0,56.06938899,ais/manual,True,False,9999.99,9999.99,HIGH
validation,SLC,b1844cde847a3942v,b1844cde847a3942v_005.17853979100000039182_004.27151345099999968369,S1A_IW_SLC__1SDV_20200126T052956_20200126T053026_030967_038E50_4681,2,5.178539791,4.2715134510000015,540.0,390.0,395.0,522.0,385.0,558.0,87.84646824,ais/manual,True,False,9999.99,9999.99,HIGH
validation,SLC,b1844cde847a3942v,b1844cde847a3942v_006.34908892400000013367_003.40096064600000014266,S1A_IW_SLC__1SDV_20200126T052956_20200126T053026_030967_038E50_4681,3,6.349088924,3.400960646,10006.0,8521.0,8525.0,9984.0,8517.0,10029.0,91.30999194,ais/manual,True,False,5.029863271280956,5.358698782388705,HIGH
validation,SLC,b1844cde847a3942v,b1844cde847a3942v_006.35229450200000034243_003.34626081700000010954,S1A_IW_SLC__1SDV_20200126T052956_20200126T053026_030967_038E50_4681,3,6.352294502,3.346260817,11788.0,8459.0,8463.0,11763.0,8455.0,11814.0,35.92683219,ais/manual,True,True,5.2928023680883705,5.2789228706311,HIGH
validation,SLC,b1844cde847a3942v,b1844cde847a3942v_005.71815760700000019767_004.48292968999999974500,S1A_IW_SLC__1SDV_20200126T052956_20200126T053026_030967_038E50_4681,1,5.718157607,4.48292969,17708.0,4423.0,4426.0,17699.0,4421.0,17716.0,50.08408303,ais/manual,True,False,9999.99,9999.99,HIGH
validation,SLC,b1844cde847a3942v,b1844cde847a3942v_005.32469935700000007728_004.31322601100000024843,S1A_IW_SLC__1SDV_20200126T052956_20200126T053026_030967_038E50_4681,1,5.324699357,4.313226011,20150.0,1115.0,1117.0,20144.0,1112.0,20157.0,46.65642076,ais/manual,True,False,9999.99,9999.99,HIGH
validation,SLC,b1844cde847a3942v,b1844cde847a3942v_006.35837660899999956854_003.31290044999999988562,S1A_IW_SLC__1SDV_20200126T052956_20200126T053026_030967_038E50_4681,3,6.358376609,3.31290045,12907.0,8454.0,8458.0,12873.0,8449.0,12939.0,104.897121,ais/manual,True,False,4.796157772777119,5.271964186014631,HIGH
validation,SLC,b1844cde847a3942v,b1844cde847a3942v_006.30930441100000027888_003.21884399400000020819,S1A_IW_SLC__1SDV_20200126T052956_20200126T053026_030967_038E50_4681,3,6.309304411,3.218843994,15644.0,7925.0,7932.0,15610.0,7919.0,15675.0,178.2235743,ais/manual,True,False,9999.99,9999.99,HIGH
validation,SLC,b1844cde847a3942v,b1844cde847a3942v_006.38157611000000013490_003.38507157600000008202,S1A_IW_SLC__1SDV_20200126T052956_20200126T053026_030967_038E50_4681,3,6.38157611,3.385071576,10729.0,8747.0,8749.0,10722.0,8745.0,10736.0,55.41139522,ais/manual,True,False,1.5171622473482282,1.7185623883214474,HIGH
validation,SLC,b1844cde847a3942v,b1844cde847a3942v_005.49620406599999977715_004.93456145299999970888,S1A_IW_SLC__1SDV_20200126T052956_20200126T053026_030967_038E50_4681,1,5.4962040660000016,4.934561453,4730.0,3434.0,3438.0,4721.0,3431.0,4738.0,49.34071211,ais/manual,True,False,9999.99,9999.99,HIGH
validation,SLC,b1844cde847a3942v,b1844cde847a3942v_006.31112025899999995460_003.20248033500000017781,S1A_IW_SLC__1SDV_20200126T052956_20200126T053026_030967_038E50_4681,3,6.311120259,3.202480335,16191.0,7914.0,7921.0,16171.0,7906.0,16212.0,179.5742751,ais/manual,True,False,9999.99,9999.99,HIGH
validation,SLC,b1844cde847a3942v,b1844cde847a3942v_006.38246209700000033394_003.40921493100000017051,S1A_IW_SLC__1SDV_20200126T052956_20200126T053026_030967_038E50_4681,3,6.382462097,3.409214931,9959.0,8792.0,8795.0,9948.0,8789.0,9970.0,19.80796544,ais/manual,True,False,1.849200650447412,2.335445106186636,HIGH
validation,SLC,b1844cde847a3942v,b1844cde847a3942v_006.28812733500000042852_003.23953834599999979105,S1A_IW_SLC__1SDV_20200126T052956_20200126T053026_030967_038E50_4681,3,6.288127335,3.239538346,14828.0,7794.0,7804.0,14797.0,7785.0,14859.0,169.5289918,ais/manual,True,False,9999.99,9999.99,HIGH
validation,SLC,b1844cde847a3942v,b1844cde847a3942v_006.23351132899999971215_004.35852116900000030597,S1A_IW_SLC__1SDV_20200126T052956_20200126T053026_030967_038E50_4681,2,6.233511329,4.358521168999999,4167.0,8674.0,8676.0,4161.0,8672.0,4173.0,26.80559905,ais/manual,True,True,9999.99,9999.99,HIGH
validation,SLC,b1844cde847a3942v,b1844cde847a3942v_006.28004398199999958052_004.01887608899999992929,S1A_IW_SLC__1SDV_20200126T052956_20200126T053026_030967_038E50_4681,2,6.2800439820000005,4.018876089,14303.0,8494.0,8497.0,14292.0,8491.0,14313.0,38.61720056,ais/manual,True,True,9999.99,9999.99,HIGH
validation,SLC,b1844cde847a3942v,b1844cde847a3942v_005.69238668800000002790_004.44620950000000014768,S1A_IW_SLC__1SDV_20200126T052956_20200126T053026_030967_038E50_4681,1,5.692386687999999,4.4462095,18567.0,4166.0,4169.0,18560.0,4163.0,18574.0,61.08989519,ais/manual,True,False,9999.99,9999.99,HIGH
validation,SLC,b1844cde847a3942v,b1844cde847a3942v_006.32215487499999984067_003.36992865300000010720,S1A_IW_SLC__1SDV_20200126T052956_20200126T053026_030967_038E50_4681,3,6.322154875,3.369928653,10828.0,8263.0,8267.0,10811.0,8260.0,10845.0,145.84355469999997,ais/manual,True,False,8.238822886239886,8.389667706962936,HIGH
validation,SLC,b1844cde847a3942v,b1844cde847a3942v_006.33543185699999966687_003.39787602299999980104,S1A_IW_SLC__1SDV_20200126T052956_20200126T053026_030967_038E50_4681,3,6.3354318570000006,3.397876023,10016.0,8410.0,8415.0,9982.0,8406.0,10048.0,150.05401569999995,ais/manual,True,False,6.527056128451057,6.810555086157898,HIGH
validation,SLC,b1844cde847a3942v,b1844cde847a3942v_006.32966651699999971470_003.19823806700000012881,S1A_IW_SLC__1SDV_20200126T052956_20200126T053026_030967_038E50_4681,3,6.329666517000001,3.198238067,16454.0,8050.0,8059.0,16424.0,8042.0,16483.0,176.2700595,ais/manual,True,False,8.251630303800773,8.014259562865657,HIGH
validation,SLC,b1844cde847a3942v,b1844cde847a3942v_005.54650456999999974528_005.00682206699999987620,S1A_IW_SLC__1SDV_20200126T052956_20200126T053026_030967_038E50_4681,1,5.54650457,5.006822067,3201.0,3938.0,3940.0,3193.0,3937.0,3208.0,25.28196017,ais/manual,True,False,9999.99,9999.99,HIGH
validation,SLC,b1844cde847a3942v,b1844cde847a3942v_006.40903467399999993148_004.01289087500000007935,S1A_IW_SLC__1SDV_20200126T052956_20200126T053026_030967_038E50_4681,2,6.409034674,4.012890875,15266.0,9481.0,9487.0,15238.0,9475.0,15293.0,134.4,ais/manual,True,False,1.5571234325773458,1.0655289447507383,HIGH
validation,SLC,b1844cde847a3942v,b1844cde847a3942v_006.34529336700000001770_003.39607527099999995102,S1A_IW_SLC__1SDV_20200126T052956_20200126T053026_030967_038E50_4681,3,6.345293367000001,3.3960752710000004,10139.0,8484.0,8486.0,10117.0,8481.0,10157.0,121.6145717,ais/manual,True,False,5.428192177258046,5.698439153946241,HIGH
validation,SLC,b1844cde847a3942v,b1844cde847a3942v_005.95717997299999968419_003.31384027500000000188,S1A_IW_SLC__1SDV_20200126T052956_20200126T053026_030967_038E50_4681,3,5.957179973,3.313840275,10245.0,5351.0,5361.0,10216.0,5339.0,10274.0,139.20605559999998,ais/manual,True,False,9999.99,9999.99,HIGH
validation,SLC,b1844cde847a3942v,b1844cde847a3942v_005.79528567100000024936_004.65080324100000019882,S1A_IW_SLC__1SDV_20200126T052956_20200126T053026_030967_038E50_4681,1,5.795285671,4.650803241,13614.0,5287.0,5291.0,13607.0,5283.0,13621.0,28.71676145,ais/manual,True,True,9999.99,9999.99,HIGH
validation,SLC,b1844cde847a3942v,b1844cde847a3942v_005.40963283600000011120_005.05805594699999971908,S1A_IW_SLC__1SDV_20200126T052956_20200126T053026_030967_038E50_4681,1,5.409632836,5.058055947,1267.0,2965.0,2969.0,1256.0,2962.0,1277.0,157.6096996,ais/manual,True,False,9999.99,9999.99,HIGH
validation,SLC,b1844cde847a3942v,b1844cde847a3942v_006.38410503800000039831_003.39031796700000009892,S1A_IW_SLC__1SDV_20200126T052956_20200126T053026_030967_038E50_4681,3,6.384105038,3.390317967,10577.0,8775.0,8777.0,10570.0,8773.0,10584.0,23.74108679,ais/manual,True,False,1.1635863419859864,1.3979819502394748,HIGH
validation,SLC,b1844cde847a3942v,b1844cde847a3942v_006.30026131600000027788_003.21142664399999988589,S1A_IW_SLC__1SDV_20200126T052956_20200126T053026_030967_038E50_4681,3,6.300261316,3.211426644,15827.0,7844.0,7853.0,15787.0,7834.0,15866.0,147.2168117,ais/manual,True,False,9999.99,9999.99,HIGH
validation,SLC,b1844cde847a3942v,b1844cde847a3942v_006.28759223099999964290_003.22217996199999978657,S1A_IW_SLC__1SDV_20200126T052956_20200126T053026_030967_038E50_4681,3,6.2875922310000005,3.222179962,15391.0,7763.0,7777.0,15348.0,7748.0,15434.0,204.763758,ais/manual,True,False,9999.99,9999.99,HIGH
validation,SLC,b1844cde847a3942v,b1844cde847a3942v_006.37767977900000015978_003.39374911399999978912,S1A_IW_SLC__1SDV_20200126T052956_20200126T053026_030967_038E50_4681,3,6.377679779,3.393749114,10425.0,8731.0,8733.0,10414.0,8727.0,10435.0,71.45833088,ais/manual,True,False,1.8509852341685384,2.10820619341785,HIGH
validation,SLC,b1844cde847a3942v,b1844cde847a3942v_006.30543033300000033137_003.17734406500000021722,S1A_IW_SLC__1SDV_20200126T052956_20200126T053026_030967_038E50_4681,3,6.305430332999999,3.177344065,16978.0,7830.0,7832.0,16970.0,7828.0,16985.0,33.17944128,ais/manual,True,False,9999.99,9999.99,HIGH
validation,SLC,b1844cde847a3942v,b1844cde847a3942v_006.37505506200000038319_003.39555552699999996236,S1A_IW_SLC__1SDV_20200126T052956_20200126T053026_030967_038E50_4681,3,6.375055062,3.395555527,10349.0,8713.0,8716.0,10339.0,8711.0,10360.0,31.01567865,ais/manual,True,True,2.146448455614548,2.4317206465434955,HIGH
validation,SLC,b1844cde847a3942v,b1844cde847a3942v_006.35452061799999956548_003.39563023600000013502,S1A_IW_SLC__1SDV_20200126T052956_20200126T053026_030967_038E50_4681,3,6.354520618,3.395630236,10213.0,8554.0,8557.0,10194.0,8552.0,10229.0,77.67846521,ais/manual,True,False,4.418633050982672,4.687635244560535,HIGH
validation,SLC,b1844cde847a3942v,b1844cde847a3942v_006.37903874099999956826_003.39103750499999989643,S1A_IW_SLC__1SDV_20200126T052956_20200126T053026_030967_038E50_4681,3,6.3790387410000005,3.391037505,10521.0,8737.0,8739.0,10514.0,8735.0,10528.0,55.41176621,ais/manual,True,False,1.7108204132261091,1.951139829637013,HIGH
validation,SLC,b1844cde847a3942v,b1844cde847a3942v_006.31815799700000013672_003.39261897999999995079,S1A_IW_SLC__1SDV_20200126T052956_20200126T053026_030967_038E50_4681,3,6.318157997,3.39261898,10073.0,8268.0,8272.0,10053.0,8265.0,10092.0,114.4470559,ais/manual,True,False,8.44205985581645,8.687000200553632,HIGH
validation,SLC,b1844cde847a3942v,b1844cde847a3942v_006.34921222799999984687_003.35602376400000013135,S1A_IW_SLC__1SDV_20200126T052956_20200126T053026_030967_038E50_4681,3,6.349212228,3.356023764,11453.0,8451.0,8455.0,11424.0,8447.0,11482.0,108.9856779,ais/manual,True,False,5.491089210587536,5.712986303197699,HIGH
validation,SLC,b1844cde847a3942v,b1844cde847a3942v_006.27357254599999958344_003.21774419200000005858,S1A_IW_SLC__1SDV_20200126T052956_20200126T053026_030967_038E50_4681,3,6.2735725460000005,3.217744192,15443.0,7647.0,7650.0,15432.0,7644.0,15454.0,17.81145206,ais/manual,True,False,9999.99,9999.99,HIGH
validation,SLC,b1844cde847a3942v,b1844cde847a3942v_006.26951453199999964028_003.18447382399999989744,S1A_IW_SLC__1SDV_20200126T052956_20200126T053026_030967_038E50_4681,3,6.2695145320000005,3.184473824,16505.0,7563.0,7572.0,16465.0,7553.0,16544.0,190.7316336,ais/manual,True,False,9999.99,9999.99,HIGH
validation,SLC,b1844cde847a3942v,b1844cde847a3942v_006.37416604499999994715_003.89085853100000012006,S1A_IW_SLC__1SDV_20200126T052956_20200126T053026_030967_038E50_4681,2,6.374166045,3.890858531,18725.0,9019.0,9023.0,18711.0,9015.0,18738.0,62.29774633,ais/manual,True,False,6.799012878043304,6.302120055245158,HIGH
validation,SLC,b1844cde847a3942v,b1844cde847a3942v_006.31773480299999956600_003.35193369399999996361,S1A_IW_SLC__1SDV_20200126T052956_20200126T053026_030967_038E50_4681,3,6.317734803,3.351933694,11379.0,8201.0,8210.0,11346.0,8192.0,11412.0,112.0806619,ais/manual,True,False,8.993755495806205,9.113978813414295,HIGH
validation,SLC,b1844cde847a3942v,b1844cde847a3942v_005.50286164699999957861_004.99936681099999979949,S1A_IW_SLC__1SDV_20200126T052956_20200126T053026_030967_038E50_4681,1,5.5028616470000005,4.999366811,3163.0,3590.0,3593.0,3152.0,3587.0,3174.0,56.17737127,ais/manual,True,False,9999.99,9999.99,HIGH
validation,SLC,b1844cde847a3942v,b1844cde847a3942v_005.52022206400000037263_003.58390148000000019479,S1A_IW_SLC__1SDV_20200126T052956_20200126T053026_030967_038E50_4681,2,5.520222064,3.58390148,22783.0,1930.0,1938.0,22768.0,1922.0,22798.0,,ais/manual,True,False,9999.99,9999.99,HIGH
validation,SLC,b1844cde847a3942v,b1844cde847a3942v_006.37605724600000023372_003.38615250899999997714,S1A_IW_SLC__1SDV_20200126T052956_20200126T053026_030967_038E50_4681,3,6.376057246,3.386152509,10658.0,8706.0,8708.0,10651.0,8704.0,10665.0,24.39097295,ais/manual,True,False,2.107132126669457,2.3195024793837136,HIGH
validation,SLC,b1844cde847a3942v,b1844cde847a3942v_006.28932886900000021058_003.17516881900000003114,S1A_IW_SLC__1SDV_20200126T052956_20200126T053026_030967_038E50_4681,3,6.289328868999998,3.175168819,16942.0,7702.0,7714.0,16900.0,7690.0,16983.0,196.9880722,ais/manual,True,False,9999.99,9999.99,HIGH
validation,SLC,b1844cde847a3942v,b1844cde847a3942v_006.35577889999999978698_003.26714716999999987834,S1A_IW_SLC__1SDV_20200126T052956_20200126T053026_030967_038E50_4681,3,6.355778900000002,3.26714717,14376.0,8361.0,8364.0,14365.0,8359.0,14387.0,44.940839200000006,ais/manual,True,False,5.394065369626855,5.142848952119156,HIGH
validation,SLC,b1844cde847a3942v,b1844cde847a3942v_006.32975048900000025753_003.37418347099999982319,S1A_IW_SLC__1SDV_20200126T052956_20200126T053026_030967_038E50_4681,3,6.329750488999999,3.3741834710000003,10741.0,8329.0,8335.0,10710.0,8323.0,10771.0,117.9836418,ais/manual,True,False,7.351253374490879,7.513188404029043,HIGH
validation,SLC,844545c005776fb1v,844545c005776fb1v_004.68715405499999970829_005.38740026199999988421,S1A_IW_SLC__1SDV_20200126T175310_20200126T175337_030975_038E94_D249,1,4.687154055,5.387400262000001,20241.0,9197.0,9200.0,20232.0,9194.0,20251.0,25.02740308,ais/manual,True,True,9999.99,9999.99,HIGH
validation,SLC,844545c005776fb1v,844545c005776fb1v_005.54770509899999986203_005.00742258599999967572,S1A_IW_SLC__1SDV_20200126T175310_20200126T175337_030975_038E94_D249,1,5.547705099,5.007422586000001,14714.0,1947.0,1952.0,14703.0,1941.0,14724.0,25.28196017,ais/manual,True,False,9999.99,9999.99,HIGH
validation,SLC,844545c005776fb1v,844545c005776fb1v_005.16431100600000014822_005.31535638099999996342,S1A_IW_SLC__1SDV_20200126T175310_20200126T175337_030975_038E94_D249,2,5.164311006,5.315356381,1019.0,4527.0,4530.0,1005.0,4525.0,1033.0,47.69318269,ais/manual,True,False,4.633712411824128,2.816687562118348,HIGH
validation,SLC,844545c005776fb1v,844545c005776fb1v_005.53913775499999960772_005.07975771500000039538,S1A_IW_SLC__1SDV_20200126T175310_20200126T175337_030975_038E94_D249,1,5.539137755,5.079757715,16614.0,2129.0,2132.0,16602.0,2125.0,16626.0,32.46528711,ais/manual,True,False,8.608270231759086,9.15121273448307,HIGH
validation,SLC,844545c005776fb1v,844545c005776fb1v_004.98467132599999995790_004.83819673699999963645,S1A_IW_SLC__1SDV_20200126T175310_20200126T175337_030975_038E94_D249,1,4.984671326,4.838196737,7274.0,6018.0,6020.0,7266.0,6016.0,7282.0,50.29913023,ais/manual,True,False,9999.99,9999.99,HIGH
validation,SLC,844545c005776fb1v,844545c005776fb1v_005.39931463300000036298_005.06953249000000027991,S1A_IW_SLC__1SDV_20200126T175310_20200126T175337_030975_038E94_D249,1,5.399314633,5.06953249,15562.0,3191.0,3195.0,15550.0,3188.0,15573.0,157.6096996,ais/manual,True,False,9999.99,9999.99,HIGH
validation,SLC,844545c005776fb1v,844545c005776fb1v_005.55350259699999959651_005.00410355200000012132,S1A_IW_SLC__1SDV_20200126T175310_20200126T175337_030975_038E94_D249,1,5.5535025970000005,5.004103552,14657.0,1897.0,1902.0,14639.0,1892.0,14674.0,69.36216340000001,ais/manual,True,False,9999.99,9999.99,HIGH
validation,SLC,844545c005776fb1v,844545c005776fb1v_004.67535458399999992452_005.37519834500000026623,S1A_IW_SLC__1SDV_20200126T175310_20200126T175337_030975_038E94_D249,1,4.675354584,5.375198345,19836.0,9269.0,9273.0,19826.0,9265.0,19846.0,32.22815658,ais/manual,True,True,9999.99,9999.99,HIGH
validation,SLC,844545c005776fb1v,844545c005776fb1v_005.53990789000000027897_004.93250230000000033925,S1A_IW_SLC__1SDV_20200126T175310_20200126T175337_030975_038E94_D249,1,5.53990789,4.9325023,12679.0,1887.0,1889.0,12671.0,1884.0,12688.0,61.84941138,ais/manual,True,False,9999.99,9999.99,HIGH
validation,SLC,844545c005776fb1v,844545c005776fb1v_004.83348424300000001352_005.31194159699999968183,S1A_IW_SLC__1SDV_20200126T175310_20200126T175337_030975_038E94_D249,1,4.833484243,5.311941597,18990.0,7947.0,7952.0,18979.0,7941.0,19001.0,68.36835452,ais/manual,True,False,9999.99,9999.99,HIGH
validation,SLC,844545c005776fb1v,844545c005776fb1v_005.19479066500000019602_005.18373372299999957136,S1A_IW_SLC__1SDV_20200126T175310_20200126T175337_030975_038E94_D249,1,5.194790665,5.1837337230000005,17515.0,4953.0,4955.0,17509.0,4950.0,17522.0,31.36207867,ais/manual,True,False,9999.99,9999.99,HIGH
validation,SLC,844545c005776fb1v,844545c005776fb1v_005.49633965100000043691_004.92902274800000039789,S1A_IW_SLC__1SDV_20200126T175310_20200126T175337_030975_038E94_D249,1,5.496339651,4.929022748,12351.0,2218.0,2221.0,12340.0,2214.0,12363.0,49.34071211,ais/manual,True,False,9999.99,9999.99,HIGH
validation,SLC,844545c005776fb1v,844545c005776fb1v_005.13018850400000037126_005.22615848900000035115,S1A_IW_SLC__1SDV_20200126T175310_20200126T175337_030975_038E94_D249,1,5.130188504,5.226158489,18311.0,5519.0,5524.0,18294.0,5514.0,18329.0,60.86888921,ais/manual,True,False,9999.99,9999.99,HIGH
validation,SLC,844545c005776fb1v,844545c005776fb1v_005.31900144000000008049_005.15792154399999969172,S1A_IW_SLC__1SDV_20200126T175310_20200126T175337_030975_038E94_D249,1,5.31900144,5.157921544,17508.0,3953.0,3955.0,17497.0,3951.0,17519.0,34.06399074,ais/manual,True,False,9999.99,9999.99,HIGH
validation,SLC,844545c005776fb1v,844545c005776fb1v_005.17026322899999968286_005.16579623500000018055,S1A_IW_SLC__1SDV_20200126T175310_20200126T175337_030975_038E94_D249,1,5.170263229,5.165796235,16890.0,5113.0,5120.0,16843.0,5106.0,16937.0,205.2162291,ais/manual,True,False,9999.99,9999.99,HIGH
validation,SLC,844545c005776fb1v,844545c005776fb1v_004.68715405499999970829_005.38740026199999988421,S1A_IW_SLC__1SDV_20200126T175310_20200126T175337_030975_038E94_D249,2,4.687154055,5.387400262000001,292.0,8325.0,8328.0,283.0,8322.0,302.0,25.02740308,ais/manual,True,True,9999.99,9999.99,HIGH
validation,SLC,844545c005776fb1v,844545c005776fb1v_005.20807532799999961526_005.18495177600000012319,S1A_IW_SLC__1SDV_20200126T175310_20200126T175337_030975_038E94_D249,1,5.2080753280000005,5.184951776,17623.0,4852.0,4855.0,17614.0,4850.0,17632.0,33.15082936,ais/manual,True,False,9999.99,9999.99,HIGH
validation,SLC,844545c005776fb1v,844545c005776fb1v_004.86268687499999963109_005.28383401099999971962,S1A_IW_SLC__1SDV_20200126T175310_20200126T175337_030975_038E94_D249,1,4.862686875,5.283834011000001,18383.0,7676.0,7679.0,18376.0,7673.0,18390.0,50.43467828,ais/manual,True,False,9999.99,9999.99,HIGH
validation,SLC,844545c005776fb1v,844545c005776fb1v_005.52083313300000000368_005.06606979299999959920,S1A_IW_SLC__1SDV_20200126T175310_20200126T175337_030975_038E94_D249,1,5.520833132999999,5.0660697930000005,16142.0,2248.0,2253.0,16124.0,2243.0,16160.0,35.44674516,ais/manual,True,False,9999.99,9999.99,HIGH
validation,SLC,844545c005776fb1v,844545c005776fb1v_005.52963386299999992701_005.08297263099999963032,S1A_IW_SLC__1SDV_20200126T175310_20200126T175337_030975_038E94_D249,1,5.529633863,5.0829726310000005,16648.0,2207.0,2212.0,16636.0,2202.0,16661.0,57.05192941,ais/manual,True,False,8.319548178550273,8.804020455168729,HIGH
validation,SLC,844545c005776fb1v,844545c005776fb1v_005.70690626900000008703_005.01031552700000037959,S1A_IW_SLC__1SDV_20200126T175310_20200126T175337_030975_038E94_D249,1,5.706906269,5.010315527,15670.0,723.0,724.0,15667.0,721.0,15673.0,38.81320213,ais/manual,True,False,7.408164845506878,7.652235153790253,HIGH
validation,SLC,844545c005776fb1v,844545c005776fb1v_004.77571908799999977902_005.36598942000000000974,S1A_IW_SLC__1SDV_20200126T175310_20200126T175337_030975_038E94_D249,1,4.775719088,5.36598942,20154.0,8479.0,8483.0,20144.0,8476.0,20163.0,49.20943923,ais/manual,True,False,9999.99,9999.99,HIGH
validation,SLC,844545c005776fb1v,844545c005776fb1v_005.50926132900000009585_004.95902088899999959892,S1A_IW_SLC__1SDV_20200126T175310_20200126T175337_030975_038E94_D249,1,5.509261329,4.959020889,13214.0,2166.0,2171.0,13188.0,2162.0,13240.0,171.0262187,ais/manual,True,False,9999.99,9999.99,HIGH
validation,SLC,844545c005776fb1v,844545c005776fb1v_005.54323021500000034933_005.14888527200000023498,S1A_IW_SLC__1SDV_20200126T175310_20200126T175337_030975_038E94_D249,1,5.543230215,5.148885272,18522.0,2208.0,2211.0,18510.0,2204.0,18533.0,62.53433911,ais/manual,True,False,1.0439624406150965,1.6876963862708392,HIGH
validation,SLC,a1a21a222e244555v,a1a21a222e244555v_004.28432914099999972990_008.16447399800000006564,S1A_IW_SLC__1SDV_20200214T174430_20200214T174457_031252_03982E_1D44,2,4.2843291410000015,8.164473998,18823.0,163.0,167.0,18807.0,160.0,18838.0,110.673668,ais/manual,True,False,9999.99,9999.99,HIGH
validation,SLC,a1a21a222e244555v,a1a21a222e244555v_003.95459443699999990685_007.78906242099999968076,S1A_IW_SLC__1SDV_20200214T174430_20200214T174457_031252_03982E_1D44,2,3.954594437,7.7890624210000015,5734.0,2103.0,2105.0,5728.0,2101.0,5741.0,45.40728906,ais/manual,True,False,9999.99,9999.99,HIGH
validation,SLC,a1a21a222e244555v,a1a21a222e244555v_004.11874858400000043446_007.78260374300000012937,S1A_IW_SLC__1SDV_20200214T174430_20200214T174457_031252_03982E_1D44,2,4.118748584,7.782603742999999,6520.0,826.0,828.0,6513.0,824.0,6527.0,39.28640076,ais/manual,True,False,9999.99,9999.99,HIGH
validation,SLC,a1a21a222e244555v,a1a21a222e244555v_004.15265376099999983239_008.03452278399999997305,S1A_IW_SLC__1SDV_20200214T174430_20200214T174457_031252_03982E_1D44,2,4.152653761,8.034522784,14095.0,971.0,976.0,14080.0,965.0,14109.0,86.26672579999997,ais/manual,True,False,9999.99,9999.99,HIGH
validation,SLC,a1a21a222e244555v,a1a21a222e244555v_004.14737301300000016369_008.47788207800000037651,S1A_IW_SLC__1SDV_20200214T174430_20200214T174457_031252_03982E_1D44,3,4.147373013,8.477882078,3775.0,2196.0,2198.0,3768.0,2194.0,3782.0,37.84694686,ais/manual,True,False,9999.99,9999.99,HIGH
validation,SLC,a1a21a222e244555v,a1a21a222e244555v_003.97922845900000021757_008.52672336400000041579,S1A_IW_SLC__1SDV_20200214T174430_20200214T174457_031252_03982E_1D44,3,3.979228459,8.526723364,4223.0,3574.0,3577.0,4213.0,3570.0,4234.0,40.16653678,ais/manual,True,False,9999.99,9999.99,HIGH
validation,SLC,a1a21a222e244555v,a1a21a222e244555v_004.19160353599999968566_008.97793891000000066072,S1A_IW_SLC__1SDV_20200214T174430_20200214T174457_031252_03982E_1D44,3,4.1916035360000015,8.97793891,20256.0,2658.0,2662.0,20242.0,2655.0,20271.0,49.31804214,ais/manual,True,False,1.720279200073691,0.5242386525490086,HIGH
validation,SLC,a1a21a222e244555v,a1a21a222e244555v_004.03469636799999964438_008.76118915099999995277,S1A_IW_SLC__1SDV_20200214T174430_20200214T174457_031252_03982E_1D44,3,4.0346963680000005,8.761189151,12085.0,3523.0,3525.0,12081.0,3521.0,12092.0,22.19329817,ais/manual,True,True,9999.99,9999.99,HIGH
validation,SLC,a1a21a222e244555v,a1a21a222e244555v_004.22893618099999990534_008.56631411300000067399,S1A_IW_SLC__1SDV_20200214T174430_20200214T174457_031252_03982E_1D44,3,4.228936181,8.566314112999999,7107.0,1708.0,1710.0,7100.0,1706.0,7114.0,62.15038184,ais/manual,True,False,9999.99,9999.99,HIGH
validation,SLC,a1a21a222e244555v,a1a21a222e244555v_004.26956786700000012758_008.82681260799999911626,S1A_IW_SLC__1SDV_20200214T174430_20200214T174457_031252_03982E_1D44,3,4.269567867,8.826812608,15797.0,1813.0,1814.0,15790.0,1811.0,15804.0,25.53221667,ais/manual,True,True,9.953057231688748,9.963580501477526,HIGH
validation,SLC,a1a21a222e244555v,a1a21a222e244555v_003.56630455800000012445_007.38372899300000007372,S1A_IW_SLC__1SDV_20200214T174430_20200214T174457_031252_03982E_1D44,1,3.566304558,7.383728992999999,12324.0,5314.0,5316.0,12313.0,5311.0,12335.0,57.50895764,ais/manual,True,False,9999.99,9999.99,HIGH
validation,SLC,a1a21a222e244555v,a1a21a222e244555v_004.16542129900000013265_008.04540828899999915791,S1A_IW_SLC__1SDV_20200214T174430_20200214T174457_031252_03982E_1D44,2,4.165421299,8.045408289,14498.0,890.0,894.0,14487.0,886.0,14509.0,48.48738400000001,ais/manual,True,False,9999.99,9999.99,HIGH
validation,SLC,a1a21a222e244555v,a1a21a222e244555v_004.27400077999999972178_008.07194655800000049339,S1A_IW_SLC__1SDV_20200214T174430_20200214T174457_031252_03982E_1D44,2,4.27400078,8.071946557999999,15962.0,94.0,96.0,15958.0,92.0,15966.0,37.46930687,ais/manual,True,False,9999.99,9999.99,HIGH
validation,SLC,a1a21a222e244555v,a1a21a222e244555v_004.01699201999999999657_007.23764377699999972293,S1A_IW_SLC__1SDV_20200214T174430_20200214T174457_031252_03982E_1D44,1,4.01699202,7.237643777000001,10937.0,1602.0,1604.0,10934.0,1600.0,10941.0,38.25227288,ais/manual,True,False,9999.99,9999.99,HIGH
validation,SLC,a1a21a222e244555v,a1a21a222e244555v_003.84476416700000012128_006.96911710799999983834,S1A_IW_SLC__1SDV_20200214T174430_20200214T174457_031252_03982E_1D44,1,3.844764167,6.969117108,3224.0,2495.0,2497.0,3219.0,2492.0,3230.0,44.19076193,ais/manual,True,False,9999.99,9999.99,HIGH
validation,SLC,a1a21a222e244555v,a1a21a222e244555v_004.19876539900000000927_008.49073301499999999464,S1A_IW_SLC__1SDV_20200214T174430_20200214T174457_031252_03982E_1D44,3,4.198765399,8.490733015,4514.0,1819.0,1823.0,4503.0,1816.0,4524.0,40.96895779,ais/manual,True,False,9999.99,9999.99,HIGH
validation,SLC,a1a21a222e244555v,a1a21a222e244555v_004.21458665599999982021_008.08517180299999971282,S1A_IW_SLC__1SDV_20200214T174430_20200214T174457_031252_03982E_1D44,2,4.214586656,8.085171803,15992.0,574.0,576.0,15985.0,572.0,15998.0,43.87020032,ais/manual,True,False,9999.99,9999.99,HIGH
validation,SLC,a1a21a222e244555v,a1a21a222e244555v_004.23126355700000011950_008.70607283500000050935,S1A_IW_SLC__1SDV_20200214T174430_20200214T174457_031252_03982E_1D44,3,4.231263557,8.706072835,11609.0,1915.0,1920.0,11594.0,1910.0,11625.0,20.22421104,ais/manual,True,True,9999.99,9999.99,HIGH
validation,SLC,a1a21a222e244555v,a1a21a222e244555v_004.31580261000000042770_008.34205374599999949226,S1A_IW_SLC__1SDV_20200214T174430_20200214T174457_031252_03982E_1D44,3,4.31580261,8.342053746,608.0,676.0,678.0,601.0,674.0,616.0,,ais/manual,True,False,9999.99,9999.99,HIGH
validation,SLC,a1a21a222e244555v,a1a21a222e244555v_004.20706024500000008715_008.33403693099999998140,S1A_IW_SLC__1SDV_20200214T174430_20200214T174457_031252_03982E_1D44,2,4.207060245,8.334036931,23541.0,1033.0,1037.0,23527.0,1030.0,23554.0,64.05906253,ais/manual,True,False,9999.99,9999.99,HIGH
validation,SLC,a1a21a222e244555v,a1a21a222e244555v_003.78799018399999987139_008.76260991100000019571,S1A_IW_SLC__1SDV_20200214T174430_20200214T174457_031252_03982E_1D44,3,3.787990184,8.762609911,10490.0,5432.0,5434.0,10479.0,5429.0,10500.0,99.1946135,ais/manual,True,False,3.269380331670384,3.3221629136350024,HIGH
validation,SLC,a1a21a222e244555v,a1a21a222e244555v_004.25671835500000028674_008.81356873200000023871,S1A_IW_SLC__1SDV_20200214T174430_20200214T174457_031252_03982E_1D44,3,4.256718355,8.813568732,15277.0,1891.0,1893.0,15266.0,1888.0,15288.0,31.82624221,ais/manual,True,True,9999.99,9999.99,HIGH
validation,SLC,a1a21a222e244555v,a1a21a222e244555v_004.24175990200000008201_008.71183601000000074066,S1A_IW_SLC__1SDV_20200214T174430_20200214T174457_031252_03982E_1D44,3,4.241759902,8.71183601,11866.0,1843.0,1848.0,11850.0,1837.0,11882.0,26.37343508,ais/manual,True,True,9999.99,9999.99,HIGH
validation,SLC,a1a21a222e244555v,a1a21a222e244555v_003.79995710300000011372_008.88527342799999964029,S1A_IW_SLC__1SDV_20200214T174430_20200214T174457_031252_03982E_1D44,3,3.799957103,8.885273428,14551.0,5537.0,5539.0,14535.0,5536.0,14566.0,76.19696098,ais/manual,True,False,3.662871188475695,3.645319699577363,HIGH
validation,SLC,a1a21a222e244555v,a1a21a222e244555v_004.00261197499999976657_007.78187711500000034448,S1A_IW_SLC__1SDV_20200214T174430_20200214T174457_031252_03982E_1D44,2,4.002611975,7.781877115,5813.0,1721.0,1727.0,5773.0,1715.0,5852.0,37.19968359,ais/manual,True,False,9999.99,9999.99,HIGH
validation,SLC,a1a21a222e244555v,a1a21a222e244555v_003.87096298800000004903_006.96050345899999989285,S1A_IW_SLC__1SDV_20200214T174430_20200214T174457_031252_03982E_1D44,1,3.870962988,6.960503459,3146.0,2279.0,2281.0,3140.0,2276.0,3152.0,38.02153533,ais/manual,True,False,9999.99,9999.99,HIGH
validation,SLC,a1a21a222e244555v,a1a21a222e244555v_004.09858336399999956257_008.43502997100000051489,S1A_IW_SLC__1SDV_20200214T174430_20200214T174457_031252_03982E_1D44,3,4.098583364,8.435029971,2115.0,2504.0,2506.0,2105.0,2501.0,2125.0,45.01680874,ais/manual,True,False,9999.99,9999.99,HIGH
validation,SLC,a1a21a222e244555v,a1a21a222e244555v_003.77343002000000016238_008.08827170400000028394,S1A_IW_SLC__1SDV_20200214T174430_20200214T174457_031252_03982E_1D44,2,3.77343002,8.088271704,13367.0,3985.0,3990.0,13355.0,3980.0,13379.0,73.17978744,ais/manual,True,False,9999.99,9999.99,HIGH
validation,SLC,a1a21a222e244555v,a1a21a222e244555v_003.31963857499999992484_007.29875407000000020474,S1A_IW_SLC__1SDV_20200214T174430_20200214T174457_031252_03982E_1D44,1,3.319638575,7.29875407,8780.0,7077.0,7088.0,8759.0,7066.0,8801.0,136.7472183,ais/manual,True,False,9999.99,9999.99,HIGH
validation,SLC,a1a21a222e244555v,a1a21a222e244555v_003.97367427600000011623_007.23593544499999996589,S1A_IW_SLC__1SDV_20200214T174430_20200214T174457_031252_03982E_1D44,1,3.973674276,7.235935445,10659.0,1933.0,1935.0,10653.0,1932.0,10665.0,38.51962015,ais/manual,True,False,9999.99,9999.99,HIGH
validation,SLC,a1a21a222e244555v,a1a21a222e244555v_004.23419716200000006978_008.83682286900000057983,S1A_IW_SLC__1SDV_20200214T174430_20200214T174457_031252_03982E_1D44,3,4.234197162,8.836822869,15887.0,2102.0,2106.0,15876.0,2099.0,15899.0,23.95771099,ais/manual,True,True,9999.99,9999.99,HIGH
validation,SLC,a1a21a222e244555v,a1a21a222e244555v_004.03220877700000013277_007.52190835100000043667,S1A_IW_SLC__1SDV_20200214T174430_20200214T174457_031252_03982E_1D44,1,4.032208777,7.521908351,18641.0,1944.0,1954.0,18587.0,1935.0,18696.0,130.9845535,ais/manual,True,False,9999.99,9999.99,HIGH
validation,SLC,a1a21a222e244555v,a1a21a222e244555v_004.22144444899999982113_007.99830954300000041002,S1A_IW_SLC__1SDV_20200214T174430_20200214T174457_031252_03982E_1D44,2,4.221444449,7.998309542999999,13439.0,381.0,383.0,13435.0,380.0,13443.0,35.06755663,ais/manual,True,False,9999.99,9999.99,HIGH
validation,SLC,a1a21a222e244555v,a1a21a222e244555v_004.17335817599999980843_008.38334968999999929906,S1A_IW_SLC__1SDV_20200214T174430_20200214T174457_031252_03982E_1D44,3,4.173358176,8.38334969,982.0,1843.0,1845.0,972.0,1840.0,992.0,46.44413896,ais/manual,True,False,9999.99,9999.99,HIGH
validation,SLC,a1a21a222e244555v,a1a21a222e244555v_004.25981559600000014854_008.16513126199999916821,S1A_IW_SLC__1SDV_20200214T174430_20200214T174457_031252_03982E_1D44,2,4.259815596,8.165131262000001,18689.0,354.0,355.0,18683.0,352.0,18696.0,47.62633751,ais/manual,True,False,9999.99,9999.99,HIGH
validation,SLC,a1a21a222e244555v,a1a21a222e244555v_004.10302604900000034149_007.62517849600000019450,S1A_IW_SLC__1SDV_20200214T174430_20200214T174457_031252_03982E_1D44,2,4.103026049,7.625178496,1963.0,693.0,698.0,1947.0,688.0,1981.0,69.35599876,ais/manual,True,False,9999.99,9999.99,HIGH
validation,SLC,a1a21a222e244555v,a1a21a222e244555v_003.78438098599999994676_008.09357329200000030767,S1A_IW_SLC__1SDV_20200214T174430_20200214T174457_031252_03982E_1D44,2,3.784380986,8.093573292,13592.0,3909.0,3914.0,13577.0,3904.0,13606.0,83.48692734,ais/manual,True,False,9999.99,9999.99,HIGH
validation,SLC,a1a21a222e244555v,a1a21a222e244555v_004.23128053399999970452_008.05145500499999933197,S1A_IW_SLC__1SDV_20200214T174430_20200214T174457_031252_03982E_1D44,2,4.231280534,8.051455005,15084.0,391.0,394.0,15074.0,388.0,15094.0,53.32453722,ais/manual,True,False,9999.99,9999.99,HIGH
validation,SLC,a1a21a222e244555v,a1a21a222e244555v_004.21944883699999984117_008.82727432499999942195,S1A_IW_SLC__1SDV_20200214T174430_20200214T174457_031252_03982E_1D44,3,4.219448837,8.827274325,15475.0,2201.0,2204.0,15464.0,2198.0,15486.0,24.14885726,ais/manual,True,True,9999.99,9999.99,HIGH
validation,SLC,a1a21a222e244555v,a1a21a222e244555v_003.55272305499999996314_007.37439232200000027717,S1A_IW_SLC__1SDV_20200214T174430_20200214T174457_031252_03982E_1D44,1,3.552723055,7.374392322,12004.0,5403.0,5405.0,11999.0,5401.0,12010.0,61.23380728,ais/manual,True,False,9999.99,9999.99,HIGH
validation,SLC,a1a21a222e244555v,a1a21a222e244555v_004.23130886900000025008_008.33960281300000083604,S1A_IW_SLC__1SDV_20200214T174430_20200214T174457_031252_03982E_1D44,2,4.231308868999999,8.339602812999999,23868.0,855.0,856.0,23862.0,853.0,23875.0,35.11825735,ais/manual,True,False,9999.99,9999.99,HIGH
validation,SLC,a1a21a222e244555v,a1a21a222e244555v_004.10361024400000040657_008.18142224099999992859,S1A_IW_SLC__1SDV_20200214T174430_20200214T174457_031252_03982E_1D44,2,4.103610244,8.181422241,18207.0,1586.0,1589.0,18200.0,1584.0,18214.0,,ais/manual,True,False,9999.99,9999.99,HIGH
validation,SLC,a1a21a222e244555v,a1a21a222e244555v_004.03016463300000005177_007.49228286900000028936,S1A_IW_SLC__1SDV_20200214T174430_20200214T174457_031252_03982E_1D44,1,4.030164633,7.4922828689999985,17818.0,1912.0,1918.0,17809.0,1907.0,17826.0,35.39813931,ais/manual,True,False,9999.99,9999.99,HIGH
validation,SLC,0157baf3866b2cf9v,0157baf3866b2cf9v_005.57769947899999962715_004.97630324400000034757,S1A_IW_SLC__1SDV_20200226T052146_20200226T052216_031419_039DEC_1B76,3,5.577699479,4.976303244,20639.0,4116.0,4118.0,20632.0,4115.0,20647.0,25.82376094,ais/manual,True,True,9999.99,9999.99,HIGH
validation,SLC,0157baf3866b2cf9v,0157baf3866b2cf9v_005.51926270099999971563_004.99579356699999976854,S1A_IW_SLC__1SDV_20200226T052146_20200226T052216_031419_039DEC_1B76,3,5.5192627010000015,4.995793567,19599.0,3695.0,3696.0,19594.0,3693.0,19603.0,49.34071211,ais/manual,True,False,9999.99,9999.99,HIGH
validation,SLC,0157baf3866b2cf9v,0157baf3866b2cf9v_005.44915475699999962700_005.08001689800000022501,S1A_IW_SLC__1SDV_20200226T052146_20200226T052216_031419_039DEC_1B76,3,5.4491547570000005,5.080016898,16352.0,3286.0,3289.0,16344.0,3284.0,16360.0,30.29911089,ais/manual,True,True,9999.99,9999.99,HIGH
validation,SLC,0157baf3866b2cf9v,0157baf3866b2cf9v_005.62481291000000016567_004.93814780599999991750,S1A_IW_SLC__1SDV_20200226T052146_20200226T052216_031419_039DEC_1B76,3,5.62481291,4.938147806,22229.0,4420.0,4424.0,22217.0,4416.0,22241.0,38.61720056,ais/manual,True,True,9999.99,9999.99,HIGH
validation,SLC,0157baf3866b2cf9v,0157baf3866b2cf9v_005.47911329699999960496_004.93050169999999976511,S1A_IW_SLC__1SDV_20200226T052146_20200226T052216_031419_039DEC_1B76,3,5.4791132970000005,4.9305017,21495.0,3280.0,3285.0,21480.0,3276.0,21510.0,62.25506206,ais/manual,True,False,9999.99,9999.99,HIGH
validation,SLC,0157baf3866b2cf9v,0157baf3866b2cf9v_005.46674571199999981275_004.94310254600000043013,S1A_IW_SLC__1SDV_20200226T052146_20200226T052216_031419_039DEC_1B76,3,5.466745712000001,4.943102546,20992.0,3205.0,3207.0,20984.0,3202.0,21000.0,36.96818167,ais/manual,True,False,9999.99,9999.99,HIGH
validation,SLC,0157baf3866b2cf9v,0157baf3866b2cf9v_005.50516157399999972455_004.96571752300000035518,S1A_IW_SLC__1SDV_20200226T052146_20200226T052216_031419_039DEC_1B76,3,5.505161574,4.965717523,20500.0,3538.0,3540.0,20493.0,3536.0,20508.0,63.37536832,ais/manual,True,False,9999.99,9999.99,HIGH
validation,SLC,0157baf3866b2cf9v,0157baf3866b2cf9v_005.05238541800000007242_005.21598864899999981048,S1A_IW_SLC__1SDV_20200226T052146_20200226T052216_031419_039DEC_1B76,3,5.052385418,5.215988649,9313.0,434.0,439.0,9297.0,429.0,9328.0,32.22815658,ais/manual,True,True,9999.99,9999.99,HIGH
validation,SLC,0157baf3866b2cf9v,0157baf3866b2cf9v_005.16655717600000041756_005.19749076899999984391,S1A_IW_SLC__1SDV_20200226T052146_20200226T052216_031419_039DEC_1B76,3,5.166557176,5.197490769,10658.0,1287.0,1291.0,10643.0,1283.0,10672.0,58.15996566,ais/manual,True,False,9999.99,9999.99,HIGH
validation,SLC,0157baf3866b2cf9v,0157baf3866b2cf9v_005.40884502799999999922_005.27131175800000040255,S1A_IW_SLC__1SDV_20200226T052146_20200226T052216_031419_039DEC_1B76,3,5.408845027999999,5.271311758,9875.0,3279.0,3281.0,9868.0,3277.0,9882.0,40.57476625,ais/manual,True,False,1.695276280698356,1.7510220738137634,HIGH
validation,SLC,0157baf3866b2cf9v,0157baf3866b2cf9v_005.64855616400000037913_004.92672268200000029736,S1A_IW_SLC__1SDV_20200226T052146_20200226T052216_031419_039DEC_1B76,3,5.648556164,4.926722682,22771.0,4586.0,4587.0,22765.0,4585.0,22778.0,27.2739762,ais/manual,True,True,9999.99,9999.99,HIGH
validation,SLC,0157baf3866b2cf9v,0157baf3866b2cf9v_005.51758459900000008957_004.94798158800000020818,S1A_IW_SLC__1SDV_20200226T052146_20200226T052216_031419_039DEC_1B76,3,5.517584599,4.947981588,21174.0,3606.0,3608.0,21166.0,3604.0,21182.0,56.06938899,ais/manual,True,False,9999.99,9999.99,HIGH
validation,SLC,0157baf3866b2cf9v,0157baf3866b2cf9v_005.43978130200000009609_005.06818954099999974261,S1A_IW_SLC__1SDV_20200226T052146_20200226T052216_031419_039DEC_1B76,3,5.439781302,5.068189541000001,16678.0,3195.0,3202.0,16635.0,3188.0,16717.0,203.0646699,ais/manual,True,False,9999.99,9999.99,HIGH
validation,SLC,0157baf3866b2cf9v,0157baf3866b2cf9v_005.38012596599999959324_005.15340885999999986922,S1A_IW_SLC__1SDV_20200226T052146_20200226T052216_031419_039DEC_1B76,3,5.3801259660000005,5.15340886,13496.0,2869.0,2874.0,13483.0,2864.0,13509.0,29.66751134,ais/manual,True,True,9999.99,9999.99,HIGH
validation,SLC,0157baf3866b2cf9v,0157baf3866b2cf9v_005.56352251499999983508_005.04161321499999992568,S1A_IW_SLC__1SDV_20200226T052146_20200226T052216_031419_039DEC_1B76,3,5.563522515,5.041613215,18382.0,4110.0,4114.0,18365.0,4107.0,18399.0,81.08913685,ais/manual,True,False,9999.99,9999.99,HIGH
validation,SLC,0157baf3866b2cf9v,0157baf3866b2cf9v_005.43503202299999976788_005.08731346099999992560,S1A_IW_SLC__1SDV_20200226T052146_20200226T052216_031419_039DEC_1B76,3,5.435032023,5.087313461,16019.0,3189.0,3193.0,16003.0,3184.0,16031.0,157.6096996,ais/manual,True,False,9999.99,9999.99,HIGH
validation,SLC,0157baf3866b2cf9v,0157baf3866b2cf9v_005.42765790799999958693_004.95453092500000025211,S1A_IW_SLC__1SDV_20200226T052146_20200226T052216_031419_039DEC_1B76,3,5.427657908,4.954530925,20348.0,2920.0,2934.0,20321.0,2907.0,20374.0,240.1687969,ais/manual,True,False,9999.99,9999.99,HIGH
validation,SLC,0157baf3866b2cf9v,0157baf3866b2cf9v_005.15289289000000039209_005.25258410699999966909,S1A_IW_SLC__1SDV_20200226T052146_20200226T052216_031419_039DEC_1B76,3,5.15289289,5.252584107,8799.0,1270.0,1274.0,8787.0,1266.0,8810.0,33.98027131,ais/manual,True,True,9999.99,9.356126869012254,HIGH
validation,SLC,0157baf3866b2cf9v,0157baf3866b2cf9v_005.17129699200000025883_005.25058506299999994127,S1A_IW_SLC__1SDV_20200226T052146_20200226T052216_031419_039DEC_1B76,3,5.171296992,5.250585063,8983.0,1409.0,1412.0,8978.0,1406.0,8989.0,31.52240431,ais/manual,True,True,9999.99,9.864279442658605,HIGH
validation,SLC,0157baf3866b2cf9v,0157baf3866b2cf9v_005.52095773799999989251_004.87438253699999979318,S1A_IW_SLC__1SDV_20200226T052146_20200226T052216_031419_039DEC_1B76,3,5.520957738,4.874382537,23654.0,3515.0,3518.0,23642.0,3512.0,23665.0,37.3480466,ais/manual,True,False,9999.99,9999.99,HIGH
validation,SLC,0157baf3866b2cf9v,0157baf3866b2cf9v_005.09500806199999978219_005.28038153299999990509,S1A_IW_SLC__1SDV_20200226T052146_20200226T052216_031419_039DEC_1B76,3,5.095008062,5.280381533,7532.0,866.0,869.0,7522.0,864.0,7543.0,24.38426156,ais/manual,True,True,9999.99,8.589530833450002,HIGH
validation,SLC,758991708403f218v,758991708403f218v_003.56100383099999984182_007.12977377099999998222,S1A_IW_SLC__1SDV_20200321T174430_20200321T174457_031777_03AA65_97CA,1,3.5610038310000003,7.129773771,5778.0,4938.0,4943.0,5766.0,4933.0,5790.0,43.09011622,ais/manual,True,False,9999.99,9999.99,HIGH
validation,SLC,758991708403f218v,758991708403f218v_003.85791688800000009962_006.99781174399999983393,S1A_IW_SLC__1SDV_20200321T174430_20200321T174457_031777_03AA65_97CA,1,3.857916888,6.997811744,4020.0,2436.0,2441.0,4010.0,2430.0,4030.0,80.37391206,ais/manual,True,False,9999.99,9999.99,HIGH
validation,SLC,758991708403f218v,758991708403f218v_003.99031208499999978656_007.29029724399999956574,S1A_IW_SLC__1SDV_20200321T174430_20200321T174457_031777_03AA65_97CA,1,3.990312085,7.290297244,12196.0,1889.0,1904.0,12163.0,1874.0,12231.0,38.25984594,ais/manual,True,False,9999.99,9999.99,HIGH
validation,SLC,758991708403f218v,758991708403f218v_004.11765599800000003938_007.79450694199999993828,S1A_IW_SLC__1SDV_20200321T174430_20200321T174457_031777_03AA65_97CA,2,4.117655998,7.794506942000001,6879.0,848.0,853.0,6868.0,844.0,6890.0,68.81368129,ais/manual,True,False,9999.99,9999.99,HIGH
validation,SLC,758991708403f218v,758991708403f218v_003.89758310300000010429_007.61175475599999984411,S1A_IW_SLC__1SDV_20200321T174430_20200321T174457_031777_03AA65_97CA,1,3.897583103,7.611754756,20378.0,3124.0,3130.0,20362.0,3118.0,20394.0,38.02153533,ais/manual,True,False,9999.99,9999.99,HIGH
validation,SLC,758991708403f218v,758991708403f218v_004.14600349899999987002_007.49964351800000006421,S1A_IW_SLC__1SDV_20200321T174430_20200321T174457_031777_03AA65_97CA,1,4.146003499,7.499643517999999,18698.0,1026.0,1031.0,18687.0,1022.0,18708.0,30.82129479,ais/manual,True,False,9999.99,9999.99,HIGH
validation,SLC,758991708403f218v,758991708403f218v_004.04318164399999968595_007.50271691599999979161,S1A_IW_SLC__1SDV_20200321T174430_20200321T174457_031777_03AA65_97CA,1,4.043181644,7.502716916000002,18200.0,1825.0,1830.0,18189.0,1819.0,18211.0,72.31417052,ais/manual,True,False,9999.99,9999.99,HIGH
validation,SLC,758991708403f218v,758991708403f218v_003.61143599999999986849_007.40085267999999985022,S1A_IW_SLC__1SDV_20200321T174430_20200321T174457_031777_03AA65_97CA,1,3.611436,7.40085268,13047.0,4989.0,4993.0,13037.0,4985.0,13059.0,48.48738400000001,ais/manual,True,False,9999.99,9999.99,HIGH
validation,SLC,758991708403f218v,758991708403f218v_004.00401546299999999690_007.27045885400000013732,S1A_IW_SLC__1SDV_20200321T174430_20200321T174457_031777_03AA65_97CA,1,4.004015463,7.270458854,11749.0,1751.0,1753.0,11742.0,1749.0,11755.0,33.25344781,ais/manual,True,False,9999.99,9999.99,HIGH
validation,SLC,758991708403f218v,758991708403f218v_004.14714931999999958379_008.45221550800000009929,S1A_IW_SLC__1SDV_20200321T174430_20200321T174457_031777_03AA65_97CA,3,4.14714932,8.452215508,2992.0,2153.0,2157.0,2981.0,2149.0,3003.0,31.1392924,ais/manual,True,False,9999.99,9999.99,HIGH
validation,SLC,758991708403f218v,758991708403f218v_004.31241473600000002619_008.78950429400000032842,S1A_IW_SLC__1SDV_20200321T174430_20200321T174457_031777_03AA65_97CA,3,4.312414736,8.789504294,14890.0,1418.0,1420.0,14883.0,1416.0,14897.0,25.53221667,ais/manual,True,True,9999.99,9999.99,HIGH
validation,SLC,758991708403f218v,758991708403f218v_004.14492588500000014307_007.55215744699999991241,S1A_IW_SLC__1SDV_20200321T174430_20200321T174457_031777_03AA65_97CA,1,4.144925885,7.552157447000001,20141.0,1120.0,1123.0,20137.0,1117.0,20148.0,40.92702151,ais/manual,True,False,9999.99,9999.99,HIGH
validation,SLC,758991708403f218v,758991708403f218v_004.13667265499999992073_008.47762999000000050387,S1A_IW_SLC__1SDV_20200321T174430_20200321T174457_031777_03AA65_97CA,3,4.136672655,8.47762999,3723.0,2275.0,2281.0,3713.0,2269.0,3734.0,37.84694686,ais/manual,True,False,9999.99,9999.99,HIGH
validation,SLC,758991708403f218v,758991708403f218v_004.12761859200000014170_007.63532585599999968906,S1A_IW_SLC__1SDV_20200321T174430_20200321T174457_031777_03AA65_97CA,2,4.127618592,7.6353258560000015,2413.0,514.0,517.0,2399.0,512.0,2427.0,69.35599876,ais/manual,True,False,9999.99,9999.99,HIGH
validation,SLC,758991708403f218v,758991708403f218v_004.11405482600000027560_007.63688021599999977695,S1A_IW_SLC__1SDV_20200321T174430_20200321T174457_031777_03AA65_97CA,2,4.114054826,7.6368802160000016,2378.0,622.0,625.0,2369.0,618.0,2388.0,39.28640076,ais/manual,True,False,9999.99,9999.99,HIGH
validation,SLC,758991708403f218v,758991708403f218v_004.11894926799999971934_008.08592410900000047036,S1A_IW_SLC__1SDV_20200321T174430_20200321T174457_031777_03AA65_97CA,2,4.118949268,8.085924109,15447.0,1308.0,1314.0,15430.0,1303.0,15465.0,52.96737892,ais/manual,True,False,9999.99,9999.99,HIGH
validation,SLC,758991708403f218v,758991708403f218v_004.09978173399999956672_008.01766211700000042129,S1A_IW_SLC__1SDV_20200321T174430_20200321T174457_031777_03AA65_97CA,2,4.099781734,8.017662117,13294.0,1346.0,1350.0,13283.0,1342.0,13304.0,79.51497896,ais/manual,True,False,9999.99,9999.99,HIGH
validation,SLC,758991708403f218v,758991708403f218v_003.78733142199999983646_008.76217096399999917367,S1A_IW_SLC__1SDV_20200321T174430_20200321T174457_031777_03AA65_97CA,3,3.787331422,8.762170964,10498.0,5433.0,5438.0,10479.0,5427.0,10516.0,99.1946135,ais/manual,True,False,3.187816636407128,3.3858760500554848,HIGH
validation,SLC,758991708403f218v,758991708403f218v_004.02883984600000033538_007.52336655900000028652,S1A_IW_SLC__1SDV_20200321T174430_20200321T174457_031777_03AA65_97CA,1,4.028839846,7.5233665589999985,18685.0,1969.0,1976.0,18673.0,1961.0,18698.0,68.84064161,ais/manual,True,False,9999.99,9999.99,HIGH
validation,SLC,758991708403f218v,758991708403f218v_004.34868589199999977524_008.76822487799999983338,S1A_IW_SLC__1SDV_20200321T174430_20200321T174457_031777_03AA65_97CA,3,4.348685892,8.768224878,14438.0,1103.0,1105.0,14428.0,1102.0,14448.0,24.14885726,ais/manual,True,True,9999.99,9999.99,HIGH
validation,SLC,758991708403f218v,758991708403f218v_004.26076843400000004891_008.59135879799999990780,S1A_IW_SLC__1SDV_20200321T174430_20200321T174457_031777_03AA65_97CA,3,4.260768434,8.591358798,8141.0,1499.0,1502.0,8133.0,1496.0,8149.0,34.73114993,ais/manual,True,False,9999.99,9999.99,HIGH
validation,SLC,758991708403f218v,758991708403f218v_004.35037717799999956725_008.39376390400000005343,S1A_IW_SLC__1SDV_20200321T174430_20200321T174457_031777_03AA65_97CA,3,4.3503771780000005,8.393763904,2470.0,489.0,491.0,2462.0,486.0,2477.0,37.60712932,ais/manual,True,False,9999.99,9999.99,HIGH
validation,SLC,758991708403f218v,758991708403f218v_004.26421172199999976016_008.60199032000000052278,S1A_IW_SLC__1SDV_20200321T174430_20200321T174457_031777_03AA65_97CA,3,4.264211722,8.60199032,8504.0,1489.0,1492.0,8495.0,1486.0,8512.0,36.54560868,ais/manual,True,False,9999.99,9999.99,HIGH
validation,SLC,758991708403f218v,758991708403f218v_003.82679510299999980916_008.10758885199999923543,S1A_IW_SLC__1SDV_20200321T174430_20200321T174457_031777_03AA65_97CA,2,3.826795103,8.107588852000001,14294.0,3599.0,3604.0,14282.0,3594.0,14306.0,53.289024100000006,ais/manual,True,False,9999.99,9999.99,HIGH
validation,SLC,758991708403f218v,758991708403f218v_004.11120314999999969530_007.12452450199999987035,S1A_IW_SLC__1SDV_20200321T174430_20200321T174457_031777_03AA65_97CA,1,4.11120315,7.124524502000001,8535.0,688.0,696.0,8515.0,681.0,8556.0,213.4936165,ais/manual,True,False,9999.99,9999.99,HIGH
validation,SLC,758991708403f218v,758991708403f218v_004.11863830999999969151_007.78621823299999960000,S1A_IW_SLC__1SDV_20200321T174430_20200321T174457_031777_03AA65_97CA,2,4.11863831,7.786218233,6647.0,827.0,834.0,6629.0,820.0,6664.0,77.84068101,ais/manual,True,False,9999.99,9999.99,HIGH
validation,SLC,758991708403f218v,758991708403f218v_003.97139356799999987402_007.78976966599999975926,S1A_IW_SLC__1SDV_20200321T174430_20200321T174457_031777_03AA65_97CA,2,3.971393568,7.7897696660000015,5877.0,1969.0,1972.0,5873.0,1966.0,5882.0,32.72200093,ais/manual,True,False,9999.99,9999.99,HIGH
validation,SLC,758991708403f218v,758991708403f218v_003.03169581399999987781_007.55552849399999981728,S1A_IW_SLC__1SDV_20200321T174430_20200321T174457_031777_03AA65_97CA,1,3.031695814,7.555528494,13967.0,9710.0,9717.0,13941.0,9703.0,13993.0,191.9028463,ais/manual,True,False,9999.99,9999.99,HIGH
validation,SLC,758991708403f218v,758991708403f218v_004.05389638100000038179_007.52611313800000036878,S1A_IW_SLC__1SDV_20200321T174430_20200321T174457_031777_03AA65_97CA,1,4.053896381,7.526113137999999,18903.0,1780.0,1785.0,18889.0,1774.0,18916.0,77.48343419,ais/manual,True,False,9999.99,9999.99,HIGH
validation,SLC,758991708403f218v,758991708403f218v_004.14492588500000014307_007.55215744699999991241,S1A_IW_SLC__1SDV_20200321T174430_20200321T174457_031777_03AA65_97CA,2,4.144925885,7.552157447000001,192.0,247.0,250.0,188.0,244.0,199.0,40.92702151,ais/manual,True,False,9999.99,9999.99,HIGH
validation,SLC,758991708403f218v,758991708403f218v_004.15681551199999965718_007.98344816899999987214,S1A_IW_SLC__1SDV_20200321T174430_20200321T174457_031777_03AA65_97CA,2,4.156815512,7.983448169,12628.0,851.0,854.0,12618.0,848.0,12638.0,55.93572444,ais/manual,True,False,9999.99,9999.99,HIGH
validation,SLC,758991708403f218v,758991708403f218v_003.98006704500000019209_007.78327246999999999844,S1A_IW_SLC__1SDV_20200321T174430_20200321T174457_031777_03AA65_97CA,2,3.980067045,7.78327247,5743.0,1892.0,1902.0,5725.0,1882.0,5760.0,43.53374327,ais/manual,True,False,9999.99,9999.99,HIGH
validation,SLC,758991708403f218v,758991708403f218v_004.23056108699999988687_008.24230179099999915593,S1A_IW_SLC__1SDV_20200321T174430_20200321T174457_031777_03AA65_97CA,2,4.230561087,8.242301791000001,20886.0,698.0,701.0,20879.0,696.0,20893.0,53.09308034,ais/manual,True,False,9999.99,9999.99,HIGH
validation,SLC,758991708403f218v,758991708403f218v_004.21711404299999959022_008.37972238000000047009,S1A_IW_SLC__1SDV_20200321T174430_20200321T174457_031777_03AA65_97CA,3,4.2171140430000005,8.37972238,1174.0,1496.0,1500.0,1165.0,1491.0,1183.0,46.74702824,ais/manual,True,False,9999.99,9999.99,HIGH
validation,SLC,758991708403f218v,758991708403f218v_004.16728308099999988912_008.03523689000000018723,S1A_IW_SLC__1SDV_20200321T174430_20200321T174457_031777_03AA65_97CA,2,4.167283081,8.03523689,14230.0,854.0,856.0,14220.0,851.0,14240.0,53.23664531,ais/manual,True,False,9999.99,9999.99,HIGH
validation,SLC,758991708403f218v,758991708403f218v_004.28412297499999983330_008.16457551999999964210,S1A_IW_SLC__1SDV_20200321T174430_20200321T174457_031777_03AA65_97CA,2,4.284122975,8.16457552,18849.0,160.0,163.0,18833.0,156.0,18865.0,110.673668,ais/manual,True,False,9999.99,9999.99,HIGH
validation,SLC,758991708403f218v,758991708403f218v_004.22079438499999959333_008.07805793100000002482,S1A_IW_SLC__1SDV_20200321T174430_20200321T174457_031777_03AA65_97CA,2,4.220794385,8.078057931,15841.0,509.0,515.0,15826.0,504.0,15855.0,56.6263747,ais/manual,True,False,9999.99,9999.99,HIGH
validation,SLC,758991708403f218v,758991708403f218v_004.25142264099999955818_008.40916063100000066299,S1A_IW_SLC__1SDV_20200321T174430_20200321T174457_031777_03AA65_97CA,3,4.251422641,8.409160631,2315.0,1278.0,1280.0,2307.0,1276.0,2321.0,33.84257402,ais/manual,True,False,9999.99,9999.99,HIGH
validation,SLC,758991708403f218v,758991708403f218v_004.11919123299999956345_007.47717706300000006792,S1A_IW_SLC__1SDV_20200321T174430_20200321T174457_031777_03AA65_97CA,1,4.1191912330000005,7.477177062999999,17930.0,1197.0,1202.0,17919.0,1192.0,17941.0,50.35886342,ais/manual,True,False,9999.99,9999.99,HIGH
validation,SLC,758991708403f218v,758991708403f218v_003.78524077699999983437_008.72866856499999954622,S1A_IW_SLC__1SDV_20200321T174430_20200321T174457_031777_03AA65_97CA,3,3.785240777,8.728668565,9406.0,5395.0,5397.0,9399.0,5393.0,9413.0,29.86707409,ais/manual,True,False,0.393966669247646,0.808424538953476,HIGH
validation,SLC,758991708403f218v,758991708403f218v_004.26413070200000010601_008.62064379299999927753,S1A_IW_SLC__1SDV_20200321T174430_20200321T174457_031777_03AA65_97CA,3,4.264130702,8.620643793,9101.0,1520.0,1522.0,9093.0,1517.0,9108.0,31.54412368,ais/manual,True,False,9999.99,9999.99,HIGH
validation,SLC,758991708403f218v,758991708403f218v_004.35182400099999977527_008.39304178199999917354,S1A_IW_SLC__1SDV_20200321T174430_20200321T174457_031777_03AA65_97CA,3,4.3518240010000016,8.393041782000001,2456.0,476.0,479.0,2449.0,474.0,2464.0,28.97941499,ais/manual,True,False,9999.99,9999.99,HIGH
validation,SLC,4a97701b4bd81bf7v,4a97701b4bd81bf7v_057.10113402999999721033_006.45740657999999978500,S1A_IW_SLC__1SDV_20200403T054834_20200403T054901_031959_03B0CA_FD46,3,57.10113403,6.45740658,5562.0,325.0,339.0,5499.0,310.0,5623.0,249.0104223,ais/manual,True,False,9999.99,9999.99,HIGH
validation,SLC,4a97701b4bd81bf7v,4a97701b4bd81bf7v_057.83503335999999706019_008.49988256399999997370,S1A_IW_SLC__1SDV_20200403T054834_20200403T054901_031959_03B0CA_FD46,1,57.83503336,8.499882564,20642.0,8086.0,8093.0,20627.0,8079.0,20656.0,75.4,ais/manual,True,True,9999.99,9999.99,HIGH
validation,SLC,4a97701b4bd81bf7v,4a97701b4bd81bf7v_057.73761446000000319145_009.35476161799999950119,S1A_IW_SLC__1SDV_20200403T054834_20200403T054901_031959_03B0CA_FD46,1,57.73761446,9.354761618,8086.0,8042.0,8048.0,8052.0,8037.0,8117.0,157.45130680000003,ais/manual,True,False,9999.99,9999.99,HIGH
validation,SLC,4a97701b4bd81bf7v,4a97701b4bd81bf7v_057.79668046999999830859_005.67644370200000025761,S1A_IW_SLC__1SDV_20200403T054834_20200403T054901_031959_03B0CA_FD46,3,57.79668047,5.676443702,22991.0,5317.0,5327.0,22976.0,5306.0,23006.0,31.02801415,ais/manual,True,True,9999.99,9999.99,HIGH
validation,SLC,4a97701b4bd81bf7v,4a97701b4bd81bf7v_057.00903629999999822076_008.20343595099999944864,S1A_IW_SLC__1SDV_20200403T054834_20200403T054901_031959_03B0CA_FD46,1,57.0090363,8.203435951,20580.0,1345.0,1355.0,20564.0,1335.0,20594.0,57.34035285,ais/manual,True,False,9999.99,9999.99,HIGH
validation,SLC,4a97701b4bd81bf7v,4a97701b4bd81bf7v_057.56214207000000016023_008.98517086600000070007,S1A_IW_SLC__1SDV_20200403T054834_20200403T054901_031959_03B0CA_FD46,1,57.56214207,8.985170866,12218.0,6348.0,6358.0,12186.0,6338.0,12249.0,122.2490486,ais/manual,True,False,9999.99,9999.99,HIGH
validation,SLC,4a97701b4bd81bf7v,4a97701b4bd81bf7v_057.12608945000000204573_008.59685537300000035543,S1A_IW_SLC__1SDV_20200403T054834_20200403T054901_031959_03B0CA_FD46,1,57.12608945,8.596855373,15407.0,2594.0,2596.0,15401.0,2593.0,15413.0,26.15,ais/manual,True,True,0.1585448036343454,0.3503455127745412,HIGH
validation,SLC,4a97701b4bd81bf7v,4a97701b4bd81bf7v_057.38347947999999831836_007.09759091699999977720,S1A_IW_SLC__1SDV_20200403T054834_20200403T054901_031959_03B0CA_FD46,2,57.38347948,7.097590917000001,20130.0,3901.0,3907.0,20118.0,3896.0,20142.0,103.8726438,ais/manual,True,False,9999.99,9999.99,HIGH
validation,SLC,4a97701b4bd81bf7v,4a97701b4bd81bf7v_058.29600041999999859854_008.74501756799999974135,S1A_IW_SLC__1SDV_20200403T054834_20200403T054901_031959_03B0CA_FD46,1,58.29600042,8.745017568,19585.0,11911.0,11914.0,19576.0,11909.0,19591.0,27.13,ais/manual,True,True,5.202617287184206,7.854376816321155,HIGH
validation,SLC,4a97701b4bd81bf7v,4a97701b4bd81bf7v_057.73662843999999694233_009.55444375000000079012,S1A_IW_SLC__1SDV_20200403T054834_20200403T054901_031959_03B0CA_FD46,1,57.73662844,9.55444375,5425.0,8209.0,8214.0,5412.0,8205.0,5439.0,139.8971735,ais/manual,True,False,9999.99,9999.99,HIGH
validation,SLC,4a97701b4bd81bf7v,4a97701b4bd81bf7v_057.68996005999999709957_007.09816196299999990771,S1A_IW_SLC__1SDV_20200403T054834_20200403T054901_031959_03B0CA_FD46,2,57.68996006,7.098161963,21780.0,6326.0,6332.0,21746.0,6320.0,21811.0,180.9411697,ais/manual,True,False,9999.99,9999.99,HIGH
validation,SLC,4a97701b4bd81bf7v,4a97701b4bd81bf7v_057.38422496999999822265_006.19137941800000035641,S1A_IW_SLC__1SDV_20200403T054834_20200403T054901_031959_03B0CA_FD46,3,57.38422497,6.191379418,11694.0,2383.0,2387.0,11673.0,2379.0,11711.0,83.0,ais/manual,True,True,9999.99,9999.99,HIGH
validation,SLC,4a97701b4bd81bf7v,4a97701b4bd81bf7v_057.74037245000000240225_009.67174308699999940586,S1A_IW_SLC__1SDV_20200403T054834_20200403T054901_031959_03B0CA_FD46,1,57.74037245,9.671743087,3914.0,8343.0,8348.0,3900.0,8338.0,3925.0,74.6,ais/manual,True,True,9999.99,9999.99,HIGH
validation,SLC,4a97701b4bd81bf7v,4a97701b4bd81bf7v_057.95655947000000196567_007.67372012500000000301,S1A_IW_SLC__1SDV_20200403T054834_20200403T054901_031959_03B0CA_FD46,2,57.95655947,7.673720125,13964.0,8866.0,8875.0,13946.0,8857.0,13978.0,68.8921557,ais/manual,True,False,3.020088278463965,6.789803409346015,HIGH
validation,SLC,4a97701b4bd81bf7v,4a97701b4bd81bf7v_057.43892507000000335893_008.53095249899999963361,S1A_IW_SLC__1SDV_20200403T054834_20200403T054901_031959_03B0CA_FD46,1,57.43892507,8.530952499,18045.0,4997.0,5010.0,18010.0,4984.0,18079.0,188.6648978,ais/manual,True,False,9999.99,9999.99,HIGH
validation,SLC,4a97701b4bd81bf7v,4a97701b4bd81bf7v_058.08549876000000011800_008.31526483700000085264,S1A_IW_SLC__1SDV_20200403T054834_20200403T054901_031959_03B0CA_FD46,2,58.08549876,8.315264837,4822.0,10383.0,10385.0,4805.0,10380.0,4838.0,50.63533321,ais/manual,True,False,4.864014127921698,6.58718620375937,HIGH
validation,SLC,4a97701b4bd81bf7v,4a97701b4bd81bf7v_057.97510278000000027987_009.41560078400000044496,S1A_IW_SLC__1SDV_20200403T054834_20200403T054901_031959_03B0CA_FD46,1,57.97510278,9.415600784,8529.0,9956.0,9960.0,8520.0,9952.0,8538.0,22.0,ais/manual,True,True,9999.99,9999.99,HIGH
validation,SLC,4a97701b4bd81bf7v,4a97701b4bd81bf7v_057.65065807999999947242_009.35659358500000060133,S1A_IW_SLC__1SDV_20200403T054834_20200403T054901_031959_03B0CA_FD46,1,57.65065808,9.356593585,7601.0,7363.0,7371.0,7580.0,7354.0,7622.0,118.8468209,ais/manual,True,False,9999.99,9999.99,HIGH
validation,SLC,4a97701b4bd81bf7v,4a97701b4bd81bf7v_057.32671610999999955993_008.42061396399999928519,S1A_IW_SLC__1SDV_20200403T054834_20200403T054901_031959_03B0CA_FD46,1,57.32671611,8.420613964,19059.0,4023.0,4026.0,19043.0,4020.0,19075.0,76.65002122,ais/manual,True,False,9999.99,9999.99,HIGH
validation,SLC,4a97701b4bd81bf7v,4a97701b4bd81bf7v_057.58824451000000266276_008.90203064199999971606,S1A_IW_SLC__1SDV_20200403T054834_20200403T054901_031959_03B0CA_FD46,1,57.58824451,8.902030642,13524.0,6482.0,6492.0,13496.0,6472.0,13551.0,163.5651957,ais/manual,True,False,9999.99,9999.99,HIGH
validation,SLC,377410f6ab9824dfv,377410f6ab9824dfv_005.24763584799999982522_004.95906118999999989683,S1A_IW_SLC__1SDV_20200407T052956_20200407T053026_032017_03B2E2_18FA,1,5.247635848,4.95906119,2853.0,1565.0,1569.0,2844.0,1561.0,2862.0,30.75310309,ais/manual,True,True,9999.99,9999.99,HIGH
validation,SLC,377410f6ab9824dfv,377410f6ab9824dfv_005.70960908500000030585_003.92917426800000013642,S1A_IW_SLC__1SDV_20200407T052956_20200407T053026_032017_03B2E2_18FA,2,5.709609085,3.929174268,13498.0,3951.0,3955.0,13477.0,3947.0,13519.0,75.62173946,ais/manual,True,False,9999.99,9999.99,HIGH
validation,SLC,377410f6ab9824dfv,377410f6ab9824dfv_006.28710694399999958648_003.22040187200000005419,S1A_IW_SLC__1SDV_20200407T052956_20200407T053026_032017_03B2E2_18FA,3,6.287106944,3.220401872,15441.0,7762.0,7766.0,15412.0,7759.0,15466.0,156.097763,ais/manual,True,False,9999.99,9999.99,HIGH
validation,SLC,377410f6ab9824dfv,377410f6ab9824dfv_006.35340120700000010601_003.39584047399999988670,S1A_IW_SLC__1SDV_20200407T052956_20200407T053026_032017_03B2E2_18FA,3,6.353401207,3.395840474,10193.0,8552.0,8557.0,10173.0,8548.0,10211.0,91.30999194,ais/manual,True,False,4.542396403076878,4.823443515475159,HIGH
validation,SLC,377410f6ab9824dfv,377410f6ab9824dfv_005.50568286800000006309_004.81352897000000012895,S1A_IW_SLC__1SDV_20200407T052956_20200407T053026_032017_03B2E2_18FA,1,5.505682867999999,4.81352897,7819.0,3322.0,3326.0,7810.0,3317.0,7829.0,46.353204,ais/manual,True,False,9999.99,9999.99,HIGH
validation,SLC,377410f6ab9824dfv,377410f6ab9824dfv_005.86977840299999975571_004.61474999500000038211,S1A_IW_SLC__1SDV_20200407T052956_20200407T053026_032017_03B2E2_18FA,1,5.869778403,4.614749995,14978.0,5813.0,5814.0,14972.0,5812.0,14983.0,28.71676145,ais/manual,True,True,9999.99,9999.99,HIGH
validation,SLC,377410f6ab9824dfv,377410f6ab9824dfv_006.25148932399999956999_003.34378344699999985323,S1A_IW_SLC__1SDV_20200407T052956_20200407T053026_032017_03B2E2_18FA,3,6.251489324,3.343783447,11202.0,7682.0,7689.0,11168.0,7675.0,11236.0,164.3936059,ais/manual,True,False,9999.99,9999.99,HIGH
validation,SLC,377410f6ab9824dfv,377410f6ab9824dfv_006.36036271199999969639_003.40090921499999998545,S1A_IW_SLC__1SDV_20200407T052956_20200407T053026_032017_03B2E2_18FA,3,6.360362712000001,3.400909215,10076.0,8614.0,8617.0,10046.0,8611.0,10106.0,169.5289918,ais/manual,True,False,3.795336290414341,4.158224078911591,HIGH
validation,SLC,377410f6ab9824dfv,377410f6ab9824dfv_006.15241840399999961875_004.21990941199999980427,S1A_IW_SLC__1SDV_20200407T052956_20200407T053026_032017_03B2E2_18FA,2,6.152418404,4.219909412,7644.0,7835.0,7837.0,7635.0,7832.0,7654.0,28.12928594,ais/manual,True,True,9999.99,9999.99,HIGH
validation,SLC,377410f6ab9824dfv,377410f6ab9824dfv_006.40981955300000016962_004.01057188700000022408,S1A_IW_SLC__1SDV_20200407T052956_20200407T053026_032017_03B2E2_18FA,2,6.409819552999999,4.010571887,15333.0,9491.0,9497.0,15305.0,9485.0,15361.0,134.4,ais/manual,True,False,1.5064193576877851,0.9136558442085658,HIGH
validation,SLC,377410f6ab9824dfv,377410f6ab9824dfv_006.38389840700000021911_003.37958779899999983698,S1A_IW_SLC__1SDV_20200407T052956_20200407T053026_032017_03B2E2_18FA,3,6.383898407,3.379587799,10915.0,8763.0,8766.0,10898.0,8759.0,10932.0,71.45833088,ais/manual,True,False,1.3352367409217736,1.5059851960988548,HIGH
validation,SLC,377410f6ab9824dfv,377410f6ab9824dfv_006.27095961699999993044_003.30971410499999985078,S1A_IW_SLC__1SDV_20200407T052956_20200407T053026_032017_03B2E2_18FA,3,6.270959617000001,3.309714105,12430.0,7778.0,7787.0,12415.0,7770.0,12445.0,28.1047814,ais/manual,True,False,9999.99,9999.99,HIGH
validation,SLC,377410f6ab9824dfv,377410f6ab9824dfv_005.90046646500000004920_004.60336948600000006593,S1A_IW_SLC__1SDV_20200407T052956_20200407T053026_032017_03B2E2_18FA,1,5.900466465,4.603369486,15452.0,6031.0,6035.0,15445.0,6027.0,15460.0,32.67736754,ais/manual,True,False,9999.99,9999.99,HIGH
validation,SLC,377410f6ab9824dfv,377410f6ab9824dfv_005.33669102100000003475_004.35641252100000020420,S1A_IW_SLC__1SDV_20200407T052956_20200407T053026_032017_03B2E2_18FA,1,5.336691021,4.356412521,19020.0,1285.0,1287.0,19011.0,1282.0,19029.0,55.23293206,ais/manual,True,False,9999.99,9999.99,HIGH
validation,SLC,377410f6ab9824dfv,377410f6ab9824dfv_006.32582655800000015489_003.37475338000000002481,S1A_IW_SLC__1SDV_20200407T052956_20200407T053026_032017_03B2E2_18FA,3,6.325826557999999,3.37475338,10691.0,8306.0,8308.0,10670.0,8303.0,10713.0,117.06,ais/manual,True,False,7.772075567055644,7.948896970336645,HIGH
validation,SLC,377410f6ab9824dfv,377410f6ab9824dfv_006.31469720900000019981_003.22158886599999982892,S1A_IW_SLC__1SDV_20200407T052956_20200407T053026_032017_03B2E2_18FA,3,6.314697209,3.2215888660000003,15585.0,7978.0,7982.0,15559.0,7974.0,15611.0,144.3532126,ais/manual,True,False,9.926829474477016,9.59557852461278,HIGH
validation,SLC,377410f6ab9824dfv,377410f6ab9824dfv_006.32020875500000034464_003.38740692899999995547,S1A_IW_SLC__1SDV_20200407T052956_20200407T053026_032017_03B2E2_18FA,3,6.320208755,3.387406929,10248.0,8282.0,8285.0,10223.0,8279.0,10273.0,143.0317388,ais/manual,True,False,8.23341450833812,8.480858316074999,HIGH
validation,SLC,377410f6ab9824dfv,377410f6ab9824dfv_006.39371143400000008228_003.91858959400000017581,S1A_IW_SLC__1SDV_20200407T052956_20200407T053026_032017_03B2E2_18FA,2,6.393711434,3.918589594,17999.0,9221.0,9225.0,17983.0,9217.0,18016.0,41.81685783,ais/manual,True,False,4.533876315141008,4.139113994946564,HIGH
validation,SLC,377410f6ab9824dfv,377410f6ab9824dfv_005.74163642300000010010_003.86700474100000013422,S1A_IW_SLC__1SDV_20200407T052956_20200407T053026_032017_03B2E2_18FA,2,5.741636422999999,3.867004741,15546.0,4099.0,4103.0,15529.0,4094.0,15559.0,85.0919039,ais/manual,True,False,9999.99,9999.99,HIGH
validation,SLC,377410f6ab9824dfv,377410f6ab9824dfv_006.33631171599999998278_003.38597229799999999145,S1A_IW_SLC__1SDV_20200407T052956_20200407T053026_032017_03B2E2_18FA,3,6.336311716,3.385972298,10399.0,8405.0,8407.0,10380.0,8402.0,10417.0,80.57277995,ais/manual,True,False,6.463186848493516,6.705926870819406,HIGH
validation,SLC,377410f6ab9824dfv,377410f6ab9824dfv_006.33046825599999962719_003.33334737300000005789,S1A_IW_SLC__1SDV_20200407T052956_20200407T053026_032017_03B2E2_18FA,3,6.3304682560000005,3.333347373,12057.0,8276.0,8279.0,12031.0,8273.0,12082.0,111.6380534,ais/manual,True,False,7.7912235700976575,7.714982880978708,HIGH
validation,SLC,377410f6ab9824dfv,377410f6ab9824dfv_006.36936870200000004871_003.32957473600000009029,S1A_IW_SLC__1SDV_20200407T052956_20200407T053026_032017_03B2E2_18FA,3,6.369368702,3.329574736,12434.0,8571.0,8575.0,12414.0,8568.0,12454.0,71.73590074,ais/manual,True,False,3.4900017329997373,3.504368345347078,HIGH
validation,SLC,377410f6ab9824dfv,377410f6ab9824dfv_006.36544217700000025673_003.38282932300000016568,S1A_IW_SLC__1SDV_20200407T052956_20200407T053026_032017_03B2E2_18FA,3,6.365442177,3.382829323,10690.0,8625.0,8628.0,10680.0,8623.0,10701.0,26.74146001,ais/manual,True,True,3.3176478971578107,3.5224205090460736,HIGH
validation,SLC,377410f6ab9824dfv,377410f6ab9824dfv_005.37909093299999963023_004.36381526799999974742,S1A_IW_SLC__1SDV_20200407T052956_20200407T053026_032017_03B2E2_18FA,1,5.379090933,4.363815268,19056.0,1624.0,1628.0,19036.0,1619.0,19076.0,81.51376363,ais/manual,True,False,9999.99,9999.99,HIGH
validation,SLC,377410f6ab9824dfv,377410f6ab9824dfv_006.30158312899999994983_003.21480258599999979552,S1A_IW_SLC__1SDV_20200407T052956_20200407T053026_032017_03B2E2_18FA,3,6.301583129,3.214802586,15720.0,7866.0,7870.0,15682.0,7861.0,15757.0,238.28244390000003,ais/manual,True,False,9999.99,9999.99,HIGH
validation,SLC,377410f6ab9824dfv,377410f6ab9824dfv_006.02922705100000033696_003.64273458300000019250,S1A_IW_SLC__1SDV_20200407T052956_20200407T053026_032017_03B2E2_18FA,2,6.029227051,3.642734583,24172.0,5966.0,5971.0,24152.0,5961.0,24193.0,77.67846521,ais/manual,True,False,9999.99,9999.99,HIGH
validation,SLC,377410f6ab9824dfv,377410f6ab9824dfv_006.24535188399999974251_003.32181250299999986098,S1A_IW_SLC__1SDV_20200407T052956_20200407T053026_032017_03B2E2_18FA,3,6.245351884,3.3218125030000003,11871.0,7599.0,7602.0,11866.0,7596.0,11876.0,112.0806619,ais/manual,True,False,9999.99,9999.99,HIGH
validation,SLC,377410f6ab9824dfv,377410f6ab9824dfv_006.29987527299999960917_003.18641337200000007712,S1A_IW_SLC__1SDV_20200407T052956_20200407T053026_032017_03B2E2_18FA,3,6.299875273,3.186413372,16638.0,7808.0,7812.0,16594.0,7803.0,16681.0,178.49778759999995,ais/manual,True,False,9999.99,9999.99,HIGH
validation,SLC,377410f6ab9824dfv,377410f6ab9824dfv_006.34607699200000041628_003.89979071899999985007,S1A_IW_SLC__1SDV_20200407T052956_20200407T053026_032017_03B2E2_18FA,2,6.346076992,3.899790719,18274.0,8823.0,8836.0,18237.0,8810.0,18308.0,79.22458298,ais/manual,True,False,9.870491264981997,9.450458594972956,HIGH
validation,SLC,377410f6ab9824dfv,377410f6ab9824dfv_006.36177788400000032709_003.31700163200000019970,S1A_IW_SLC__1SDV_20200407T052956_20200407T053026_032017_03B2E2_18FA,3,6.361777883999999,3.317001632,12791.0,8493.0,8498.0,12748.0,8488.0,12835.0,109.9630834,ais/manual,True,False,4.393869988335769,4.767537462930954,HIGH
validation,SLC,377410f6ab9824dfv,377410f6ab9824dfv_006.33977017199999970387_003.35668044700000001157,S1A_IW_SLC__1SDV_20200407T052956_20200407T053026_032017_03B2E2_18FA,3,6.339770172000001,3.356680447,11364.0,8385.0,8388.0,11345.0,8382.0,11384.0,64.87461302,ais/manual,True,False,6.508487167530166,6.698079173558705,HIGH
validation,SLC,377410f6ab9824dfv,377410f6ab9824dfv_005.32598514499999975413_004.37172799200000028463,S1A_IW_SLC__1SDV_20200407T052956_20200407T053026_032017_03B2E2_18FA,1,5.325985145,4.371727992,18538.0,1227.0,1229.0,18529.0,1224.0,18547.0,56.43984141,ais/manual,True,False,9999.99,9999.99,HIGH
validation,SLC,377410f6ab9824dfv,377410f6ab9824dfv_006.35269334300000032556_003.37459194000000017866,S1A_IW_SLC__1SDV_20200407T052956_20200407T053026_032017_03B2E2_18FA,3,6.352693342999999,3.37459194,10872.0,8513.0,8518.0,10849.0,8509.0,10895.0,94.36682869,ais/manual,True,False,4.838476171040734,4.9950018265589735,HIGH
validation,SLC,377410f6ab9824dfv,377410f6ab9824dfv_005.68805290700000032444_004.50102866000000023661,S1A_IW_SLC__1SDV_20200407T052956_20200407T053026_032017_03B2E2_18FA,1,5.688052907,4.50102866,17040.0,4228.0,4233.0,17027.0,4223.0,17052.0,61.08989519,ais/manual,True,False,9999.99,9999.99,HIGH
validation,SLC,377410f6ab9824dfv,377410f6ab9824dfv_006.28811453399999997771_003.18839813999999988070,S1A_IW_SLC__1SDV_20200407T052956_20200407T053026_032017_03B2E2_18FA,3,6.288114534,3.18839814,16494.0,7720.0,7726.0,16449.0,7713.0,16540.0,175.36837769999997,ais/manual,True,False,9999.99,9999.99,HIGH
validation,SLC,377410f6ab9824dfv,377410f6ab9824dfv_006.28999598099999968071_003.23360257100000003661,S1A_IW_SLC__1SDV_20200407T052956_20200407T053026_032017_03B2E2_18FA,3,6.2899959810000015,3.233602571,15029.0,7806.0,7812.0,14983.0,7799.0,15071.0,234.0843139,ais/manual,True,False,9999.99,9999.99,HIGH
validation,SLC,377410f6ab9824dfv,377410f6ab9824dfv_005.45526910300000000831_004.97289445300000032546,S1A_IW_SLC__1SDV_20200407T052956_20200407T053026_032017_03B2E2_18FA,1,5.455269102999999,4.972894453,3565.0,3189.0,3191.0,3557.0,3186.0,3573.0,34.71338041,ais/manual,True,False,9999.99,9999.99,HIGH
validation,SLC,377410f6ab9824dfv,377410f6ab9824dfv_006.30765877999999968750_003.35367492899999986022,S1A_IW_SLC__1SDV_20200407T052956_20200407T053026_032017_03B2E2_18FA,3,6.30765878,3.353674929,11251.0,8132.0,8136.0,11225.0,8127.0,11277.0,102.897871,ais/manual,True,False,9999.99,9999.99,HIGH
validation,SLC,377410f6ab9824dfv,377410f6ab9824dfv_006.27534617400000005460_003.22220502399999997323,S1A_IW_SLC__1SDV_20200407T052956_20200407T053026_032017_03B2E2_18FA,3,6.275346174,3.222205024,15304.0,7674.0,7677.0,15282.0,7672.0,15326.0,136.812229,ais/manual,True,False,9999.99,9999.99,HIGH
validation,SLC,377410f6ab9824dfv,377410f6ab9824dfv_005.37025076000000023413_004.35350870400000022897,S1A_IW_SLC__1SDV_20200407T052956_20200407T053026_032017_03B2E2_18FA,1,5.37025076,4.353508703999999,19290.0,1539.0,1548.0,19269.0,1530.0,19311.0,63.71287667,ais/manual,True,False,9999.99,9999.99,HIGH
validation,SLC,377410f6ab9824dfv,377410f6ab9824dfv_006.32100627799999958967_003.27068562500000004079,S1A_IW_SLC__1SDV_20200407T052956_20200407T053026_032017_03B2E2_18FA,3,6.321006278,3.270685625,14026.0,8104.0,8108.0,13994.0,8100.0,14058.0,181.9685092,ais/manual,True,False,9.18854648499345,9.006931386518456,HIGH
validation,SLC,377410f6ab9824dfv,377410f6ab9824dfv_006.34883278600000000580_003.33173166299999978790,S1A_IW_SLC__1SDV_20200407T052956_20200407T053026_032017_03B2E2_18FA,3,6.348832786,3.331731663,12229.0,8416.0,8421.0,12197.0,8410.0,12262.0,98.37142334,ais/manual,True,False,5.754611553885627,5.698477292504611,HIGH
validation,SLC,377410f6ab9824dfv,377410f6ab9824dfv_005.36707535800000012927_004.35801347800000016264,S1A_IW_SLC__1SDV_20200407T052956_20200407T053026_032017_03B2E2_18FA,1,5.367075358,4.358013478,19148.0,1522.0,1528.0,19124.0,1516.0,19171.0,87.84646824,ais/manual,True,False,9999.99,9999.99,HIGH
validation,SLC,377410f6ab9824dfv,377410f6ab9824dfv_006.34424041299999963428_003.29691849300000017209,S1A_IW_SLC__1SDV_20200407T052956_20200407T053026_032017_03B2E2_18FA,3,6.344240413,3.296918493,13327.0,8325.0,8329.0,13296.0,8322.0,13358.0,104.897121,ais/manual,True,False,6.483582612958428,6.875705387397294,HIGH
validation,SLC,377410f6ab9824dfv,377410f6ab9824dfv_006.31020496899999994156_003.33351522199999994456,S1A_IW_SLC__1SDV_20200407T052956_20200407T053026_032017_03B2E2_18FA,3,6.310204969,3.333515222,11918.0,8120.0,8123.0,11882.0,8117.0,11955.0,108.9856779,ais/manual,True,False,9999.99,9.94513613014147,HIGH
validation,SLC,377410f6ab9824dfv,377410f6ab9824dfv_006.37801583600000032703_003.38320032800000003448,S1A_IW_SLC__1SDV_20200407T052956_20200407T053026_032017_03B2E2_18FA,3,6.378015836,3.383200328,10760.0,8723.0,8725.0,10750.0,8720.0,10771.0,48.27690829,ais/manual,True,False,1.931914126247053,2.13099993122447,HIGH
validation,SLC,377410f6ab9824dfv,377410f6ab9824dfv_005.52855010599999996401_004.93099680500000037142,S1A_IW_SLC__1SDV_20200407T052956_20200407T053026_032017_03B2E2_18FA,1,5.528550106,4.930996805,4977.0,3686.0,3693.0,4953.0,3680.0,5001.0,224.155381,ais/manual,True,False,9999.99,9999.99,HIGH
validation,SLC,377410f6ab9824dfv,377410f6ab9824dfv_005.50601592000000028548_005.01916712800000031081,S1A_IW_SLC__1SDV_20200407T052956_20200407T053026_032017_03B2E2_18FA,1,5.50601592,5.019167128,2686.0,3654.0,3656.0,2676.0,3652.0,2696.0,33.48092713,ais/manual,True,False,9999.99,9999.99,HIGH
validation,SLC,377410f6ab9824dfv,377410f6ab9824dfv_006.33861458600000027275_003.32566731899999989963,S1A_IW_SLC__1SDV_20200407T052956_20200407T053026_032017_03B2E2_18FA,3,6.338614586,3.325667319,12358.0,8327.0,8331.0,12333.0,8323.0,12384.0,73.55552393,ais/manual,True,False,6.895749902381954,6.9189987692312185,HIGH
validation,SLC,fc483682c621b54bv,fc483682c621b54bv_004.19793525900000030759_008.47640456499999928042,S1A_IW_SLC__1SDV_20200414T174431_20200414T174458_032127_03B6BD_BBB0,3,4.197935258999999,8.476404565,4054.0,1798.0,1801.0,4043.0,1795.0,4065.0,40.96895779,ais/manual,True,False,9999.99,9999.99,HIGH
validation,SLC,fc483682c621b54bv,fc483682c621b54bv_003.96534431800000009005_007.72438087400000039651,S1A_IW_SLC__1SDV_20200414T174431_20200414T174458_032127_03B6BD_BBB0,2,3.965344318,7.724380873999999,3954.0,1908.0,1910.0,3947.0,1906.0,3960.0,40.92702151,ais/manual,True,False,9999.99,9999.99,HIGH
validation,SLC,fc483682c621b54bv,fc483682c621b54bv_004.11583367800000043957_008.11375096799999973030,S1A_IW_SLC__1SDV_20200414T174431_20200414T174458_032127_03B6BD_BBB0,2,4.115833678,8.113750968,16237.0,1375.0,1377.0,16225.0,1373.0,16249.0,37.47632022,ais/manual,True,False,9999.99,9999.99,HIGH
validation,SLC,fc483682c621b54bv,fc483682c621b54bv_004.24931635799999973813_008.62721554400000023577,S1A_IW_SLC__1SDV_20200414T174431_20200414T174458_032127_03B6BD_BBB0,3,4.249316358,8.627215544,9186.0,1644.0,1647.0,9178.0,1641.0,9194.0,34.70242133,ais/manual,True,False,9999.99,9999.99,HIGH
validation,SLC,fc483682c621b54bv,fc483682c621b54bv_004.02441135399999971867_007.28498998899999961054,S1A_IW_SLC__1SDV_20200414T174431_20200414T174458_032127_03B6BD_BBB0,1,4.024411354,7.284989989,12217.0,1614.0,1619.0,12179.0,1609.0,12254.0,213.6825199,ais/manual,True,False,9999.99,9999.99,HIGH
validation,SLC,fc483682c621b54bv,fc483682c621b54bv_004.13942130499999993987_007.50009263100000023172,S1A_IW_SLC__1SDV_20200414T174431_20200414T174458_032127_03B6BD_BBB0,1,4.139421305,7.500092631,18647.0,1075.0,1078.0,18638.0,1071.0,18657.0,30.82129479,ais/manual,True,False,9999.99,9999.99,HIGH
validation,SLC,fc483682c621b54bv,fc483682c621b54bv_004.22666907300000005421_008.05821555900000063843,S1A_IW_SLC__1SDV_20200414T174431_20200414T174458_032127_03B6BD_BBB0,2,4.226669073,8.058215559,15255.0,430.0,433.0,15242.0,426.0,15268.0,45.04131591,ais/manual,True,False,9999.99,9999.99,HIGH
validation,SLC,fc483682c621b54bv,fc483682c621b54bv_004.03445455099999961135_007.51712869500000024914,S1A_IW_SLC__1SDV_20200414T174431_20200414T174458_032127_03B6BD_BBB0,1,4.0344545510000005,7.517128695,18520.0,1912.0,1915.0,18510.0,1909.0,18529.0,38.17741089,ais/manual,True,False,9999.99,9999.99,HIGH
validation,SLC,fc483682c621b54bv,fc483682c621b54bv_004.27427804700000013582_008.16105837499999964280,S1A_IW_SLC__1SDV_20200414T174431_20200414T174458_032127_03B6BD_BBB0,2,4.274278047,8.161058375,18654.0,228.0,233.0,18636.0,223.0,18671.0,71.80348266,ais/manual,True,False,9999.99,9999.99,HIGH
validation,SLC,fc483682c621b54bv,fc483682c621b54bv_004.24974497699999975708_008.06611657300000040038,S1A_IW_SLC__1SDV_20200414T174431_20200414T174458_032127_03B6BD_BBB0,2,4.249744977,8.066116573,15634.0,264.0,267.0,15622.0,262.0,15647.0,48.48738400000001,ais/manual,True,False,9999.99,9999.99,HIGH
validation,SLC,fc483682c621b54bv,fc483682c621b54bv_004.16386791099999964416_008.40254564700000017297,S1A_IW_SLC__1SDV_20200414T174431_20200414T174458_032127_03B6BD_BBB0,3,4.1638679110000005,8.402545647,1517.0,1942.0,1949.0,1498.0,1935.0,1537.0,75.90372796,ais/manual,True,False,9999.99,9999.99,HIGH
validation,SLC,fc483682c621b54bv,fc483682c621b54bv_004.11279359999999982733_007.47951730299999972829,S1A_IW_SLC__1SDV_20200414T174431_20200414T174458_032127_03B6BD_BBB0,1,4.1127936,7.479517303,17932.0,1247.0,1250.0,17925.0,1244.0,17939.0,27.081380100000004,ais/manual,True,False,9999.99,9999.99,HIGH
validation,SLC,fc483682c621b54bv,fc483682c621b54bv_004.02807308499999994211_008.39048508800000014674,S1A_IW_SLC__1SDV_20200414T174431_20200414T174458_032127_03B6BD_BBB0,3,4.028073085,8.390485088,271.0,2972.0,2975.0,261.0,2970.0,281.0,60.59254714,ais/manual,True,False,9999.99,9999.99,HIGH
validation,SLC,fc483682c621b54bv,fc483682c621b54bv_003.57436363199999984630_007.39334307399999968169,S1A_IW_SLC__1SDV_20200414T174431_20200414T174458_032127_03B6BD_BBB0,1,3.574363632,7.393343074,12619.0,5259.0,5275.0,12583.0,5244.0,12655.0,48.54998529,ais/manual,True,False,9999.99,9999.99,HIGH
validation,SLC,fc483682c621b54bv,fc483682c621b54bv_004.02426409799999973416_007.80985380599999956530,S1A_IW_SLC__1SDV_20200414T174431_20200414T174458_032127_03B6BD_BBB0,2,4.024264098,7.809853806,6740.0,1591.0,1594.0,6731.0,1589.0,6750.0,66.12856052,ais/manual,True,False,9999.99,9999.99,HIGH
validation,SLC,fc483682c621b54bv,fc483682c621b54bv_004.28401731699999999137_008.55600772500000061882,S1A_IW_SLC__1SDV_20200414T174431_20200414T174458_032127_03B6BD_BBB0,3,4.284017317,8.556007725,7137.0,1261.0,1264.0,7126.0,1258.0,7148.0,33.03153856,ais/manual,True,False,9999.99,9999.99,HIGH
validation,SLC,fc483682c621b54bv,fc483682c621b54bv_004.30196294300000037225_008.16526335400000036202,S1A_IW_SLC__1SDV_20200414T174431_20200414T174458_032127_03B6BD_BBB0,2,4.301962943,8.165263354,18955.0,21.0,22.0,18948.0,19.0,18961.0,53.23664531,ais/manual,True,False,9999.99,9999.99,HIGH
validation,SLC,fc483682c621b54bv,fc483682c621b54bv_003.98197536300000010101_009.10297801099999936980,S1A_IW_SLC__1SDV_20200414T174431_20200414T174458_032127_03B6BD_BBB0,3,3.981975363,9.102978011,22989.0,4476.0,4486.0,22951.0,4466.0,23027.0,171.699687,ais/manual,True,False,3.3350841715269004,3.042088540764329,HIGH
validation,SLC,fc483682c621b54bv,fc483682c621b54bv_003.57391604499999981925_007.39595403000000040095,S1A_IW_SLC__1SDV_20200414T174431_20200414T174458_032127_03B6BD_BBB0,1,3.573916045,7.39595403,12686.0,5267.0,5274.0,12667.0,5260.0,12704.0,87.84646824,ais/manual,True,False,9999.99,9999.99,HIGH
validation,SLC,fc483682c621b54bv,fc483682c621b54bv_003.80715140800000018118_008.72378463499999945441,S1A_IW_SLC__1SDV_20200414T174431_20200414T174458_032127_03B6BD_BBB0,3,3.807151408,8.723784635,9366.0,5217.0,5220.0,9355.0,5213.0,9377.0,43.96668291,ais/manual,True,False,2.344212602815858,2.328125581124991,HIGH
validation,SLC,fc483682c621b54bv,fc483682c621b54bv_004.04394357800000037173_007.28485896699999990744,S1A_IW_SLC__1SDV_20200414T174431_20200414T174458_032127_03B6BD_BBB0,1,4.043943578,7.284858967000001,12320.0,1463.0,1466.0,12310.0,1460.0,12329.0,33.25344781,ais/manual,True,False,9999.99,9999.99,HIGH
validation,SLC,fc483682c621b54bv,fc483682c621b54bv_004.09121421600000001462_008.02324403199999913738,S1A_IW_SLC__1SDV_20200414T174431_20200414T174458_032127_03B6BD_BBB0,2,4.091214216,8.023244032000001,13380.0,1419.0,1421.0,13366.0,1417.0,13395.0,80.52276157,ais/manual,True,False,9999.99,9999.99,HIGH
validation,SLC,fc483682c621b54bv,fc483682c621b54bv_004.14864862499999986767_007.54988519599999996501,S1A_IW_SLC__1SDV_20200414T174431_20200414T174458_032127_03B6BD_BBB0,1,4.148648625,7.549885196,20074.0,1084.0,1091.0,20062.0,1077.0,20086.0,45.40728906,ais/manual,True,False,9999.99,9999.99,HIGH
validation,SLC,fc483682c621b54bv,fc483682c621b54bv_004.13167055100000002454_008.55104854600000052756,S1A_IW_SLC__1SDV_20200414T174431_20200414T174458_032127_03B6BD_BBB0,3,4.131670551,8.551048546,5984.0,2430.0,2439.0,5965.0,2421.0,6002.0,195.191507,ais/manual,True,False,9999.99,9999.99,HIGH
validation,SLC,fc483682c621b54bv,fc483682c621b54bv_003.78779221000000010378_008.72685289200000013921,S1A_IW_SLC__1SDV_20200414T174431_20200414T174458_032127_03B6BD_BBB0,3,3.78779221,8.726852892,9336.0,5371.0,5374.0,9325.0,5368.0,9347.0,35.78904259,ais/manual,True,False,0.640337601880657,0.6536019007976378,HIGH
validation,SLC,fc483682c621b54bv,fc483682c621b54bv_003.97105170499999982070_007.79047702200000014017,S1A_IW_SLC__1SDV_20200414T174431_20200414T174458_032127_03B6BD_BBB0,2,3.971051705,7.790477022,5869.0,1971.0,1972.0,5863.0,1969.0,5875.0,34.88459362,ais/manual,True,False,9999.99,9999.99,HIGH
validation,SLC,fc483682c621b54bv,fc483682c621b54bv_003.77413197200000016807_008.72829813499999929149,S1A_IW_SLC__1SDV_20200414T174431_20200414T174458_032127_03B6BD_BBB0,3,3.774131972,8.728298135,9292.0,5479.0,5482.0,9281.0,5476.0,9303.0,31.1865471,ais/manual,True,False,0.1847496562668515,0.3442172467255923,HIGH
validation,SLC,fc483682c621b54bv,fc483682c621b54bv_004.12590826400000043606_007.79619238100000000458,S1A_IW_SLC__1SDV_20200414T174431_20200414T174458_032127_03B6BD_BBB0,2,4.125908264,7.796192381,6950.0,785.0,788.0,6940.0,782.0,6960.0,56.78036777,ais/manual,True,False,9999.99,9999.99,HIGH
validation,SLC,fc483682c621b54bv,fc483682c621b54bv_004.14986101800000017903_008.04920832200000013756,S1A_IW_SLC__1SDV_20200414T174431_20200414T174458_032127_03B6BD_BBB0,2,4.149861018,8.049208322,14513.0,1008.0,1011.0,14506.0,1006.0,14520.0,56.6263747,ais/manual,True,False,9999.99,9999.99,HIGH
validation,SLC,fc483682c621b54bv,fc483682c621b54bv_003.59546801199999999099_008.38133557199999934539,S1A_IW_SLC__1SDV_20200414T174431_20200414T174458_032127_03B6BD_BBB0,2,3.595468012,8.381335572000001,21108.0,5825.0,5831.0,21079.0,5819.0,21137.0,120.5102165,ais/manual,True,False,9999.99,9999.99,HIGH
validation,SLC,3808f5703f0920bfv,3808f5703f0920bfv_042.37009787000000216040_014.43822560999999993214,S1A_IW_SLC__1SDV_20200421T050338_20200421T050406_032221_03BA14_7DD2,3,42.37009787,14.43822561,18674.0,10630.0,10639.0,18656.0,10621.0,18692.0,108.3,ais/manual,True,False,2.142643840618568,2.4491334971662835,HIGH
validation,SLC,3808f5703f0920bfv,3808f5703f0920bfv_042.18835886000000101603_015.92276417000000066082,S1A_IW_SLC__1SDV_20200421T050338_20200421T050406_032221_03BA14_7DD2,2,42.18835886,15.92276417,7248.0,10186.0,10187.0,7243.0,10185.0,7251.0,18.42,ais/manual,True,True,9999.99,9999.99,HIGH
validation,SLC,3808f5703f0920bfv,3808f5703f0920bfv_042.43927320000000236178_015.21223838000000050386,S1A_IW_SLC__1SDV_20200421T050338_20200421T050406_032221_03BA14_7DD2,3,42.4392732,15.21223838,550.0,11916.0,11918.0,541.0,11914.0,557.0,19.46200731,ais/manual,True,True,9999.99,9999.99,HIGH
validation,SLC,3808f5703f0920bfv,3808f5703f0920bfv_041.27066628000000036991_016.61495813999999882071,S1A_IW_SLC__1SDV_20200421T050338_20200421T050406_032221_03BA14_7DD2,1,41.27066628,16.61495814,8438.0,3263.0,3264.0,8433.0,3262.0,8441.0,26.085,ais/manual,True,True,6.522878958566231,6.935332990086058,HIGH
validation,SLC,3808f5703f0920bfv,3808f5703f0920bfv_042.54510504999999653819_015.02929924999999933277,S1A_IW_SLC__1SDV_20200421T050338_20200421T050406_032221_03BA14_7DD2,3,42.54510505,15.02929925,5375.0,12572.0,12587.0,5346.0,12558.0,5401.0,21.3,ais/manual,True,True,9999.99,9999.99,HIGH
validation,SLC,3808f5703f0920bfv,3808f5703f0920bfv_042.17958224000000200249_015.34190081000000027700,S1A_IW_SLC__1SDV_20200421T050338_20200421T050406_032221_03BA14_7DD2,2,42.17958224,15.34190081,20054.0,9528.0,9537.0,20034.0,9518.0,20071.0,18.33,ais/manual,True,True,9999.99,9999.99,HIGH
validation,SLC,3808f5703f0920bfv,3808f5703f0920bfv_042.57896999999999820830_014.98898007000000021094,S1A_IW_SLC__1SDV_20200421T050338_20200421T050406_032221_03BA14_7DD2,3,42.57897,14.98898007,6504.0,12801.0,12815.0,6472.0,12786.0,6534.0,18.0,ais/manual,True,True,9999.99,9999.99,HIGH
validation,SLC,3808f5703f0920bfv,3808f5703f0920bfv_041.56410749999999865167_016.77455112999999897738,S1A_IW_SLC__1SDV_20200421T050338_20200421T050406_032221_03BA14_7DD2,1,41.5641075,16.77455113,6810.0,5734.0,5741.0,6796.0,5728.0,6825.0,23.69,ais/manual,True,True,9999.99,9999.99,HIGH
validation,SLC,3808f5703f0920bfv,3808f5703f0920bfv_042.43563471000000220101_014.60432630000000031600,S1A_IW_SLC__1SDV_20200421T050338_20200421T050406_032221_03BA14_7DD2,3,42.43563471,14.6043263,14956.0,11304.0,11314.0,14935.0,11293.0,14978.0,16.6,ais/manual,True,True,9999.99,9999.99,HIGH
validation,SLC,3808f5703f0920bfv,3808f5703f0920bfv_041.42807377999999829399_016.53220832999999956314,S1A_IW_SLC__1SDV_20200421T050338_20200421T050406_032221_03BA14_7DD2,1,41.42807378,16.53220833,10816.0,4403.0,4407.0,10805.0,4400.0,10825.0,20.05069934,ais/manual,True,True,9999.99,9999.99,HIGH
validation,SLC,3808f5703f0920bfv,3808f5703f0920bfv_042.31927206999999668824_015.83341614000000063811,S1A_IW_SLC__1SDV_20200421T050338_20200421T050406_032221_03BA14_7DD2,2,42.31927207,15.83341614,9853.0,11123.0,11124.0,9847.0,11121.0,9857.0,21.6,ais/manual,True,True,9999.99,9999.99,HIGH
validation,SLC,3808f5703f0920bfv,3808f5703f0920bfv_042.19436692000000022063_015.65082643000000039990,S1A_IW_SLC__1SDV_20200421T050338_20200421T050406_032221_03BA14_7DD2,2,42.19436692,15.65082643,13199.0,9955.0,9956.0,13192.0,9953.0,13202.0,20.9,ais/manual,True,True,8.38746068269219,9999.99,HIGH
validation,SLC,3808f5703f0920bfv,3808f5703f0920bfv_042.56582201999999881536_015.00469878000000001350,S1A_IW_SLC__1SDV_20200421T050338_20200421T050406_032221_03BA14_7DD2,3,42.56582202,15.00469878,6064.0,12712.0,12723.0,6040.0,12701.0,6088.0,19.9,ais/manual,True,True,9999.99,9999.99,HIGH
validation,SLC,3808f5703f0920bfv,3808f5703f0920bfv_041.46701657999999923732_016.83177326999999934287,S1A_IW_SLC__1SDV_20200421T050338_20200421T050406_032221_03BA14_7DD2,1,41.46701658,16.83177327,5266.0,5039.0,5044.0,5252.0,5033.0,5277.0,21.5,ais/manual,True,True,9999.99,9999.99,HIGH
validation,SLC,3808f5703f0920bfv,3808f5703f0920bfv_042.39247841000000249778_015.91760838000000077841,S1A_IW_SLC__1SDV_20200421T050338_20200421T050406_032221_03BA14_7DD2,2,42.39247841,15.91760838,8415.0,11784.0,11795.0,8377.0,11772.0,8453.0,218.6340242,ais/manual,True,False,9999.99,9999.99,HIGH
validation,SLC,3808f5703f0920bfv,3808f5703f0920bfv_041.63761116999999956079_016.56309574999999867373,S1A_IW_SLC__1SDV_20200421T050338_20200421T050406_032221_03BA14_7DD2,1,41.63761117,16.56309575,11242.0,6077.0,6080.0,11236.0,6074.0,11249.0,18.0,ais/manual,True,True,9999.99,9999.99,HIGH
validation,SLC,3808f5703f0920bfv,3808f5703f0920bfv_042.56363814000000189708_015.07194780999999927928,S1A_IW_SLC__1SDV_20200421T050338_20200421T050406_032221_03BA14_7DD2,3,42.56363814,15.07194781,4473.0,12760.0,12762.0,4466.0,12757.0,4481.0,22.57,ais/manual,True,True,9999.99,9999.99,HIGH
validation,SLC,3808f5703f0920bfv,3808f5703f0920bfv_042.20546496000000047388_015.46075500999999974283,S1A_IW_SLC__1SDV_20200421T050338_20200421T050406_032221_03BA14_7DD2,2,42.20546496,15.46075501,17497.0,9850.0,9853.0,17490.0,9847.0,17502.0,15.53,ais/manual,True,True,8.463217833185972,9.294892113319532,HIGH
validation,SLC,3808f5703f0920bfv,3808f5703f0920bfv_042.43927320000000236178_015.21223838000000050386,S1A_IW_SLC__1SDV_20200421T050338_20200421T050406_032221_03BA14_7DD2,2,42.4392732,15.21223838,24404.0,11445.0,11447.0,24395.0,11443.0,24411.0,19.46200731,ais/manual,True,True,9999.99,9999.99,HIGH
validation,SLC,3808f5703f0920bfv,3808f5703f0920bfv_042.55750539999999659813_015.16683566999999932534,S1A_IW_SLC__1SDV_20200421T050338_20200421T050406_032221_03BA14_7DD2,3,42.5575054,15.16683567,2229.0,12803.0,12806.0,2221.0,12800.0,2236.0,22.63,ais/manual,True,True,9999.99,9999.99,HIGH
validation,SLC,3808f5703f0920bfv,3808f5703f0920bfv_041.34259422000000228081_016.30586312000000148714,S1A_IW_SLC__1SDV_20200421T050338_20200421T050406_032221_03BA14_7DD2,1,41.34259422,16.30586312,14894.0,3487.0,3490.0,14885.0,3484.0,14901.0,17.2,ais/manual,True,True,1.3247251715493489,2.2041895667204554,HIGH
validation,SLC,3808f5703f0920bfv,3808f5703f0920bfv_042.37887234000000091783_014.42782245999999979347,S1A_IW_SLC__1SDV_20200421T050338_20200421T050406_032221_03BA14_7DD2,3,42.37887234,14.42782246,18977.0,10690.0,10701.0,18952.0,10680.0,18999.0,16.72,ais/manual,True,True,2.647198757868769,2.2725973481702724,HIGH
validation,SLC,3808f5703f0920bfv,3808f5703f0920bfv_042.33146028000000171687_014.78219327999999954670,S1A_IW_SLC__1SDV_20200421T050338_20200421T050406_032221_03BA14_7DD2,3,42.33146028,14.78219328,10103.0,10650.0,10657.0,10083.0,10642.0,10122.0,20.47,ais/manual,True,True,9999.99,9999.99,HIGH
validation,SLC,3808f5703f0920bfv,3808f5703f0920bfv_042.40742225000000331647_015.24239080999999984556,S1A_IW_SLC__1SDV_20200421T050338_20200421T050406_032221_03BA14_7DD2,2,42.40742225,15.24239081,23540.0,11224.0,11225.0,23530.0,11222.0,23549.0,22.7,ais/manual,True,True,9999.99,9999.99,HIGH
validation,SLC,3808f5703f0920bfv,3808f5703f0920bfv_041.76220864999999804468_016.56719928000000052748,S1A_IW_SLC__1SDV_20200421T050338_20200421T050406_032221_03BA14_7DD2,1,41.76220865,16.56719928,11776.0,7057.0,7059.0,11770.0,7055.0,11780.0,27.82,ais/manual,True,True,9999.99,9999.99,HIGH
validation,SLC,3808f5703f0920bfv,3808f5703f0920bfv_042.52190402000000091220_015.11706809999999912009,S1A_IW_SLC__1SDV_20200421T050338_20200421T050406_032221_03BA14_7DD2,3,42.52190402,15.117068099999996,3198.0,12474.0,12481.0,3180.0,12468.0,3213.0,19.27,ais/manual,True,True,9999.99,9999.99,HIGH
validation,SLC,3808f5703f0920bfv,3808f5703f0920bfv_042.53698349999999805959_015.15886556999999967843,S1A_IW_SLC__1SDV_20200421T050338_20200421T050406_032221_03BA14_7DD2,3,42.53698350000001,15.15886557,2305.0,12634.0,12638.0,2294.0,12629.0,2316.0,21.35993692,ais/manual,True,True,9999.99,9999.99,HIGH
validation,SLC,3808f5703f0920bfv,3808f5703f0920bfv_041.40061239999999997963_016.88337832999999932326,S1A_IW_SLC__1SDV_20200421T050338_20200421T050406_032221_03BA14_7DD2,1,41.4006124,16.88337833,3987.0,4577.0,4579.0,3981.0,4576.0,3990.0,18.32,ais/manual,True,True,9999.99,9999.99,HIGH
validation,SLC,3808f5703f0920bfv,3808f5703f0920bfv_041.75645286000000311333_016.56657807999999931781,S1A_IW_SLC__1SDV_20200421T050338_20200421T050406_032221_03BA14_7DD2,1,41.75645286,16.56657808,11760.0,7011.0,7014.0,11749.0,7009.0,11771.0,22.54333333,ais/manual,True,True,9999.99,9999.99,HIGH
validation,SLC,3808f5703f0920bfv,3808f5703f0920bfv_042.00345064999999777910_015.07288306000000055462,S1A_IW_SLC__1SDV_20200421T050338_20200421T050406_032221_03BA14_7DD2,3,42.00345065,15.07288306,1474.0,8345.0,8346.0,1468.0,8344.0,1478.0,26.775,ais/manual,True,True,4.406186028119595,3.9913784671347066,HIGH
validation,SLC,3808f5703f0920bfv,3808f5703f0920bfv_041.95178717000000290227_016.51416425000000032242,S1A_IW_SLC__1SDV_20200421T050338_20200421T050406_032221_03BA14_7DD2,1,41.95178717,16.51416425,13762.0,8484.0,8490.0,13749.0,8478.0,13772.0,24.71,ais/manual,True,True,9999.99,9999.99,HIGH
validation,SLC,3808f5703f0920bfv,3808f5703f0920bfv_042.45945339000000018359_014.59091916000000033193,S1A_IW_SLC__1SDV_20200421T050338_20200421T050406_032221_03BA14_7DD2,3,42.45945339,14.59091916,15410.0,11479.0,11491.0,15382.0,11468.0,15435.0,19.84,ais/manual,True,True,9999.99,9999.99,HIGH
validation,SLC,f298dbd78ef977d5v,f298dbd78ef977d5v_057.25249290000000002010_008.12656831500000009783,S1A_IW_SLC__1SDV_20200427T054835_20200427T054902_032309_03BD1A_0BE5,2,57.2524929,8.126568315,3152.0,3665.0,3671.0,3141.0,3660.0,3164.0,17.24,ais/manual,True,True,9999.99,9999.99,HIGH
validation,SLC,f298dbd78ef977d5v,f298dbd78ef977d5v_057.30426672000000110074_007.49342914799999970654,S1A_IW_SLC__1SDV_20200427T054835_20200427T054902_032309_03BD1A_0BE5,2,57.30426672,7.493429148,13293.0,3570.0,3576.0,13281.0,3565.0,13305.0,27.4,ais/manual,True,True,9999.99,9999.99,HIGH
validation,SLC,f298dbd78ef977d5v,f298dbd78ef977d5v_057.26774320999999901005_009.02008893400000033580,S1A_IW_SLC__1SDV_20200427T054835_20200427T054902_032309_03BD1A_0BE5,1,57.26774321,9.020088934,10182.0,4066.0,4071.0,10173.0,4062.0,10190.0,18.858865,ais/manual,True,True,9999.99,9999.99,HIGH
validation,SLC,f298dbd78ef977d5v,f298dbd78ef977d5v_057.63235791999999690916_006.28698815699999968842,S1A_IW_SLC__1SDV_20200427T054835_20200427T054902_032309_03BD1A_0BE5,3,57.63235792,6.286988157000001,11362.0,4412.0,4416.0,11344.0,4407.0,11377.0,62.6675643,ais/manual,True,True,9999.99,9999.99,HIGH
validation,SLC,f298dbd78ef977d5v,f298dbd78ef977d5v_057.58528739999999856991_007.39819243999999986983,S1A_IW_SLC__1SDV_20200427T054835_20200427T054902_032309_03BD1A_0BE5,2,57.5852874,7.39819244,16346.0,5717.0,5722.0,16335.0,5712.0,16356.0,27.43,ais/manual,True,True,9999.99,9999.99,HIGH
validation,SLC,f298dbd78ef977d5v,f298dbd78ef977d5v_057.12306988999999646239_008.49083392100000011737,S1A_IW_SLC__1SDV_20200427T054835_20200427T054902_032309_03BD1A_0BE5,1,57.12306989,8.490833921,16950.0,2479.0,2484.0,16937.0,2474.0,16960.0,22.5,ais/manual,True,True,5.431035560957015,5.193890096055729,HIGH
validation,SLC,f298dbd78ef977d5v,f298dbd78ef977d5v_057.66485690999999746964_009.30910963600000052054,S1A_IW_SLC__1SDV_20200427T054835_20200427T054902_032309_03BD1A_0BE5,1,57.66485691,9.309109636,8332.0,7430.0,7435.0,8324.0,7425.0,8340.0,16.65,ais/manual,True,True,9999.99,9999.99,HIGH
validation,SLC,f298dbd78ef977d5v,f298dbd78ef977d5v_058.28570447999999970534_006.23374734500000027282,S1A_IW_SLC__1SDV_20200427T054835_20200427T054902_032309_03BD1A_0BE5,3,58.28570448,6.233747345,15750.0,9566.0,9571.0,15741.0,9562.0,15757.0,14.09,ais/manual,True,True,3.815761057123703,4.56786270573582,HIGH
validation,SLC,f298dbd78ef977d5v,f298dbd78ef977d5v_057.92292060999999847581_007.74314939799999990555,S1A_IW_SLC__1SDV_20200427T054835_20200427T054902_032309_03BD1A_0BE5,2,57.92292061,7.743149398,12706.0,8647.0,8650.0,12699.0,8644.0,12714.0,18.6,ais/manual,True,True,8.589137385161072,9999.99,HIGH
validation,SLC,f298dbd78ef977d5v,f298dbd78ef977d5v_057.00690809000000314199_008.24149608399999955566,S1A_IW_SLC__1SDV_20200427T054835_20200427T054902_032309_03BD1A_0BE5,1,57.00690809,8.241496084,20015.0,1357.0,1363.0,19994.0,1351.0,20036.0,145.3117131,ais/manual,True,False,8.967991884603496,8.964297835064501,HIGH
validation,SLC,f298dbd78ef977d5v,f298dbd78ef977d5v_057.96772872999999748345_009.76082405700000066417,S1A_IW_SLC__1SDV_20200427T054835_20200427T054902_032309_03BD1A_0BE5,1,57.96772873,9.760824057,3969.0,10198.0,10202.0,3962.0,10194.0,3975.0,16.51279675,ais/manual,True,True,9999.99,9999.99,HIGH
validation,SLC,f298dbd78ef977d5v,f298dbd78ef977d5v_057.66607241999999899917_009.24642947000000070545,S1A_IW_SLC__1SDV_20200427T054835_20200427T054902_032309_03BD1A_0BE5,1,57.66607242,9.24642947,9188.0,7385.0,7392.0,9157.0,7379.0,9218.0,179.8454827,ais/manual,True,False,9999.99,9999.99,HIGH
validation,SLC,f298dbd78ef977d5v,f298dbd78ef977d5v_057.98614411999999873615_009.84594371999999928846,S1A_IW_SLC__1SDV_20200427T054835_20200427T054902_032309_03BD1A_0BE5,1,57.98614412,9.84594372,2974.0,10417.0,10419.0,2967.0,10416.0,2981.0,25.91,ais/manual,True,True,9999.99,9999.99,HIGH
validation,SLC,f298dbd78ef977d5v,f298dbd78ef977d5v_057.59206797000000221942_007.51952583300000032551,S1A_IW_SLC__1SDV_20200427T054835_20200427T054902_032309_03BD1A_0BE5,2,57.59206797,7.519525832999999,14439.0,5863.0,5867.0,14429.0,5859.0,14450.0,26.5,ais/manual,True,True,9999.99,9999.99,HIGH
validation,SLC,f298dbd78ef977d5v,f298dbd78ef977d5v_057.99183835000000186710_008.06906287199999994186,S1A_IW_SLC__1SDV_20200427T054835_20200427T054902_032309_03BD1A_0BE5,2,57.99183835,8.069062872,8044.0,9444.0,9451.0,8029.0,9437.0,8057.0,21.3,ais/manual,True,True,7.975696631621506,9.098658398738268,HIGH
validation,SLC,f298dbd78ef977d5v,f298dbd78ef977d5v_057.19075760999999857859_008.98033617099999936784,S1A_IW_SLC__1SDV_20200427T054835_20200427T054902_032309_03BD1A_0BE5,1,57.19075761,8.980336171,10326.0,3428.0,3435.0,10313.0,3422.0,10338.0,14.73393647,ais/manual,True,True,3.6583333043560033,3.409342279563332,HIGH
validation,SLC,f298dbd78ef977d5v,f298dbd78ef977d5v_056.95558596000000051163_007.09854351600000033073,S1A_IW_SLC__1SDV_20200427T054835_20200427T054902_032309_03BD1A_0BE5,2,56.95558596,7.098543516,17818.0,512.0,519.0,17805.0,505.0,17829.0,23.48666667,ais/manual,True,True,9999.99,9999.99,HIGH
validation,SLC,f298dbd78ef977d5v,f298dbd78ef977d5v_057.08287948000000255888_007.69266444600000021126,S1A_IW_SLC__1SDV_20200427T054835_20200427T054902_032309_03BD1A_0BE5,2,57.08287948,7.692664446,8933.0,1980.0,1983.0,8923.0,1976.0,8941.0,48.8,ais/manual,True,True,9999.99,9999.99,HIGH
validation,SLC,f298dbd78ef977d5v,f298dbd78ef977d5v_057.09652233999999992875_008.41824782499999990648,S1A_IW_SLC__1SDV_20200427T054835_20200427T054902_032309_03BD1A_0BE5,1,57.09652234,8.418247825,17872.0,2209.0,2211.0,17864.0,2208.0,17878.0,23.955,ais/manual,True,True,6.736224363048741,6.678700934953422,HIGH
validation,SLC,f298dbd78ef977d5v,f298dbd78ef977d5v_057.22165997999999831336_008.45801204300000009084,S1A_IW_SLC__1SDV_20200427T054835_20200427T054902_032309_03BD1A_0BE5,1,57.22165998,8.458012043,17960.0,3226.0,3230.0,17953.0,3222.0,17967.0,16.815,ais/manual,True,True,9999.99,9999.99,HIGH
validation,SLC,f298dbd78ef977d5v,f298dbd78ef977d5v_057.35091451000000262184_007.33794179100000043547,S1A_IW_SLC__1SDV_20200427T054835_20200427T054902_032309_03BD1A_0BE5,2,57.35091451,7.337941791,16047.0,3819.0,3822.0,16034.0,3816.0,16057.0,23.93,ais/manual,True,True,9999.99,9999.99,HIGH
validation,SLC,f298dbd78ef977d5v,f298dbd78ef977d5v_057.12641125999999758278_008.62292990799999969909,S1A_IW_SLC__1SDV_20200427T054835_20200427T054902_032309_03BD1A_0BE5,1,57.12641126,8.622929908,15049.0,2617.0,2619.0,15040.0,2614.0,15057.0,14.56425546,ais/manual,True,True,0.1357711970714451,0.1322935614337584,HIGH
validation,SLC,f298dbd78ef977d5v,f298dbd78ef977d5v_057.10330807999999791491_008.42870637999999949841,S1A_IW_SLC__1SDV_20200427T054835_20200427T054902_032309_03BD1A_0BE5,1,57.10330808,8.42870638,17755.0,2271.0,2273.0,17747.0,2270.0,17761.0,16.95,ais/manual,True,True,7.110392085415956,7.0087354228100684,HIGH
validation,SLC,f298dbd78ef977d5v,f298dbd78ef977d5v_057.02863409999999788624_007.99673035400000031814,S1A_IW_SLC__1SDV_20200427T054835_20200427T054902_032309_03BD1A_0BE5,2,57.02863410000001,7.9967303539999985,3920.0,1797.0,1808.0,3902.0,1786.0,3936.0,31.65,ais/manual,True,True,9999.99,9999.99,HIGH
validation,SLC,f298dbd78ef977d5v,f298dbd78ef977d5v_058.17495241000000305576_006.19490160299999992333,S1A_IW_SLC__1SDV_20200427T054835_20200427T054902_032309_03BD1A_0BE5,3,58.17495241,6.194901603,15838.0,8660.0,8664.0,15822.0,8655.0,15852.0,44.1,ais/manual,True,True,9999.99,9999.99,HIGH
validation,SLC,f298dbd78ef977d5v,f298dbd78ef977d5v_057.65965446999999954869_009.26632939699999980121,S1A_IW_SLC__1SDV_20200427T054835_20200427T054902_032309_03BD1A_0BE5,1,57.65965447,9.266329397,8883.0,7352.0,7356.0,8874.0,7348.0,8892.0,24.07,ais/manual,True,True,9999.99,9999.99,HIGH
validation,SLC,f298dbd78ef977d5v,f298dbd78ef977d5v_056.86533579000000315773_008.21467481400000032465,S1A_IW_SLC__1SDV_20200427T054835_20200427T054902_032309_03BD1A_0BE5,1,56.86533579,8.214674814,19656.0,222.0,224.0,19650.0,219.0,19660.0,21.915,ais/manual,True,True,3.501581033654764,3.243903634539967,HIGH
validation,SLC,f298dbd78ef977d5v,f298dbd78ef977d5v_057.47092974000000253909_008.35945770999999915318,S1A_IW_SLC__1SDV_20200427T054835_20200427T054902_032309_03BD1A_0BE5,1,57.47092974,8.35945771,20759.0,5105.0,5111.0,20748.0,5099.0,20771.0,23.81,ais/manual,True,True,9999.99,9999.99,HIGH
validation,SLC,f298dbd78ef977d5v,f298dbd78ef977d5v_057.62042459999999977072_007.78626111400000020524,S1A_IW_SLC__1SDV_20200427T054835_20200427T054902_032309_03BD1A_0BE5,2,57.62042460000001,7.786261114,10385.0,6293.0,6296.0,10374.0,6289.0,10395.0,24.0,ais/manual,True,False,9999.99,9999.99,HIGH
validation,SLC,f298dbd78ef977d5v,f298dbd78ef977d5v_057.16282750999999962005_008.63429843399999974451,S1A_IW_SLC__1SDV_20200427T054835_20200427T054902_032309_03BD1A_0BE5,1,57.16282751,8.634298434,15079.0,2912.0,2914.0,15073.0,2910.0,15083.0,12.1826549,ais/manual,True,True,4.140219831191027,3.9511274178005458,HIGH
validation,SLC,f298dbd78ef977d5v,f298dbd78ef977d5v_058.04757741000000237364_006.84313167899999985622,S1A_IW_SLC__1SDV_20200427T054835_20200427T054902_032309_03BD1A_0BE5,3,58.04757741,6.843131679,4115.0,8095.0,8105.0,4098.0,8085.0,4131.0,23.77587825,ais/manual,True,False,0.9996714857250724,2.5953220989425643,HIGH
validation,SLC,f298dbd78ef977d5v,f298dbd78ef977d5v_057.21687754999999953043_008.47414362199999970926,S1A_IW_SLC__1SDV_20200427T054835_20200427T054902_032309_03BD1A_0BE5,1,57.21687755,8.474143622,17698.0,3202.0,3208.0,17686.0,3196.0,17706.0,20.79,ais/manual,True,True,9999.99,9999.99,HIGH
validation,SLC,f298dbd78ef977d5v,f298dbd78ef977d5v_058.40702836999999902901_005.86740207099999988571,S1A_IW_SLC__1SDV_20200427T054835_20200427T054902_032309_03BD1A_0BE5,3,58.40702837,5.867402071,22785.0,10292.0,10293.0,22778.0,10291.0,22792.0,26.14,ais/manual,True,True,1.9118272438771609,2.525453709822634,HIGH
validation,SLC,f298dbd78ef977d5v,f298dbd78ef977d5v_057.16615605999999871756_008.34753968300000082081,S1A_IW_SLC__1SDV_20200427T054835_20200427T054902_032309_03BD1A_0BE5,1,57.16615606,8.347539682999999,19292.0,2698.0,2717.0,19254.0,2678.0,19326.0,14.95,ais/manual,True,True,9999.99,9999.99,HIGH
validation,SLC,f298dbd78ef977d5v,f298dbd78ef977d5v_057.20360070000000263235_009.21503658199999975409,S1A_IW_SLC__1SDV_20200427T054835_20200427T054902_032309_03BD1A_0BE5,1,57.2036007,9.215036582,7172.0,3734.0,3736.0,7167.0,3733.0,7175.0,13.79805311,ais/manual,True,True,7.008777471235085,6.609651105390676,HIGH
validation,SLC,f298dbd78ef977d5v,f298dbd78ef977d5v_057.03913080000000235259_008.00617053600000083691,S1A_IW_SLC__1SDV_20200427T054835_20200427T054902_032309_03BD1A_0BE5,2,57.0391308,8.006170536,3833.0,1887.0,1897.0,3815.0,1877.0,3847.0,39.55,ais/manual,True,True,9999.99,9999.99,HIGH
validation,SLC,f298dbd78ef977d5v,f298dbd78ef977d5v_057.22449854999999985239_007.50960231599999961105,S1A_IW_SLC__1SDV_20200427T054835_20200427T054902_032309_03BD1A_0BE5,2,57.22449855,7.509602316,12602.0,2953.0,2957.0,12591.0,2949.0,12610.0,27.75,ais/manual,True,True,9999.99,9999.99,HIGH
validation,SLC,f298dbd78ef977d5v,f298dbd78ef977d5v_058.00791013999999989892_006.18361117300000007191,S1A_IW_SLC__1SDV_20200427T054835_20200427T054902_032309_03BD1A_0BE5,3,58.00791014,6.183611172999999,15151.0,7325.0,7331.0,15126.0,7318.0,15176.0,107.945937,ais/manual,True,False,9999.99,9999.99,HIGH
validation,SLC,f298dbd78ef977d5v,f298dbd78ef977d5v_057.27066333999999869775_006.70348887699999984591,S1A_IW_SLC__1SDV_20200427T054835_20200427T054902_032309_03BD1A_0BE5,3,57.27066334,6.703488877000001,2282.0,1839.0,1841.0,2272.0,1836.0,2292.0,23.23458692,ais/manual,True,True,9999.99,9999.99,HIGH
validation,SLC,f298dbd78ef977d5v,f298dbd78ef977d5v_057.10100174000000095020_006.12034885699999975373,S1A_IW_SLC__1SDV_20200427T054835_20200427T054902_032309_03BD1A_0BE5,3,57.10100174,6.120348857000001,11455.0,77.0,82.0,11437.0,72.0,11473.0,77.5,ais/manual,True,True,9999.99,9999.99,HIGH
validation,SLC,f298dbd78ef977d5v,f298dbd78ef977d5v_057.06218202000000161433_008.43280099799999938170,S1A_IW_SLC__1SDV_20200427T054835_20200427T054902_032309_03BD1A_0BE5,1,57.06218202,8.432800998,17474.0,1952.0,1955.0,17467.0,1948.0,17481.0,15.48,ais/manual,True,True,3.2187130505111625,3.2198323140162004,HIGH
validation,SLC,f298dbd78ef977d5v,f298dbd78ef977d5v_057.43960613000000137163_008.86442696099999949411,S1A_IW_SLC__1SDV_20200427T054835_20200427T054902_032309_03BD1A_0BE5,1,57.43960613,8.864426961,13275.0,5281.0,5283.0,13270.0,5279.0,13279.0,83.84434296,ais/manual,True,False,9999.99,9999.99,HIGH
validation,SLC,f298dbd78ef977d5v,f298dbd78ef977d5v_057.64606557999999836284_009.09551783600000085528,S1A_IW_SLC__1SDV_20200427T054835_20200427T054902_032309_03BD1A_0BE5,1,57.64606558,9.095517836,11149.0,7098.0,7103.0,11140.0,7094.0,11159.0,18.27327438,ais/manual,True,True,9999.99,9999.99,HIGH
validation,SLC,f298dbd78ef977d5v,f298dbd78ef977d5v_057.49497007000000081689_008.81684032499999936761,S1A_IW_SLC__1SDV_20200427T054835_20200427T054902_032309_03BD1A_0BE5,1,57.49497007,8.816840325,14245.0,5675.0,5682.0,14215.0,5668.0,14273.0,151.7104654,ais/manual,True,False,9999.99,9999.99,HIGH
validation,SLC,f298dbd78ef977d5v,f298dbd78ef977d5v_058.00846400999999730175_006.22928041299999968317,S1A_IW_SLC__1SDV_20200427T054835_20200427T054902_032309_03BD1A_0BE5,3,58.00846401,6.229280413,14360.0,7360.0,7367.0,14326.0,7353.0,14391.0,145.36286299999998,ais/manual,True,False,9999.99,9999.99,HIGH
validation,SLC,f298dbd78ef977d5v,f298dbd78ef977d5v_057.06917992000000339203_006.99590470900000038768,S1A_IW_SLC__1SDV_20200427T054835_20200427T054902_032309_03BD1A_0BE5,2,57.06917992,6.995904709,20131.0,1333.0,1334.0,20124.0,1331.0,20134.0,49.84,ais/manual,True,True,9999.99,9999.99,HIGH
validation,SLC,f298dbd78ef977d5v,f298dbd78ef977d5v_058.14855264999999917563_006.56307680499999968049,S1A_IW_SLC__1SDV_20200427T054835_20200427T054902_032309_03BD1A_0BE5,3,58.14855265,6.563076805,9374.0,8700.0,8702.0,9370.0,8699.0,9379.0,12.13,ais/manual,True,True,2.456887425667565,2.558513506077033,HIGH
validation,SLC,f298dbd78ef977d5v,f298dbd78ef977d5v_057.21270004000000142241_007.64171537400000033813,S1A_IW_SLC__1SDV_20200427T054835_20200427T054902_032309_03BD1A_0BE5,2,57.21270004,7.641715373999999,10440.0,2963.0,2979.0,10408.0,2948.0,10469.0,170.5328945,ais/manual,True,False,9999.99,9999.99,HIGH
validation,SLC,f298dbd78ef977d5v,f298dbd78ef977d5v_057.82115281000000095446_009.06466915999999933717,S1A_IW_SLC__1SDV_20200427T054835_20200427T054902_032309_03BD1A_0BE5,1,57.82115281,9.06466916,12513.0,8445.0,8454.0,12496.0,8437.0,12530.0,26.2,ais/manual,True,True,9999.99,9999.99,HIGH
validation,SLC,f298dbd78ef977d5v,f298dbd78ef977d5v_057.20813301999999822556_008.51101844499999948823,S1A_IW_SLC__1SDV_20200427T054835_20200427T054902_032309_03BD1A_0BE5,1,57.20813302,8.511018445,17111.0,3164.0,3170.0,17100.0,3159.0,17119.0,14.22,ais/manual,True,True,9999.99,9999.99,HIGH
validation,SLC,f298dbd78ef977d5v,f298dbd78ef977d5v_057.18414955000000077234_009.18861970400000060977,S1A_IW_SLC__1SDV_20200427T054835_20200427T054902_032309_03BD1A_0BE5,1,57.18414955,9.188619704,7428.0,3559.0,3560.0,7423.0,3557.0,7434.0,11.55,ais/manual,True,True,5.088950910951268,4.729616982967579,HIGH
validation,SLC,f298dbd78ef977d5v,f298dbd78ef977d5v_057.92469785000000115360_007.60362228199999989897,S1A_IW_SLC__1SDV_20200427T054835_20200427T054902_032309_03BD1A_0BE5,2,57.92469785,7.603622282000001,14913.0,8554.0,8558.0,14887.0,8550.0,14936.0,73.43808173,ais/manual,True,False,4.35890848633334,6.78359223148265,HIGH
validation,SLC,f298dbd78ef977d5v,f298dbd78ef977d5v_057.21232865000000344935_008.60566378400000075999,S1A_IW_SLC__1SDV_20200427T054835_20200427T054902_032309_03BD1A_0BE5,1,57.21232865,8.605663783999999,15758.0,3277.0,3280.0,15749.0,3274.0,15765.0,16.99,ais/manual,True,True,9.622249318960009,9.463405493637593,HIGH
validation,SLC,f298dbd78ef977d5v,f298dbd78ef977d5v_056.98167229999999960910_007.67153077800000016140,S1A_IW_SLC__1SDV_20200427T054835_20200427T054902_032309_03BD1A_0BE5,2,56.9816723,7.671530777999999,8719.0,1165.0,1168.0,8709.0,1162.0,8726.0,21.79,ais/manual,True,True,9999.99,9999.99,HIGH
validation,SLC,f298dbd78ef977d5v,f298dbd78ef977d5v_057.22287234000000211154_008.56149961999999931095,S1A_IW_SLC__1SDV_20200427T054835_20200427T054902_032309_03BD1A_0BE5,1,57.22287234,8.56149962,16455.0,3322.0,3325.0,16448.0,3320.0,16461.0,17.46993059,ais/manual,True,True,9999.99,9999.99,HIGH
validation,SLC,f298dbd78ef977d5v,f298dbd78ef977d5v_057.45653030999999799633_007.17262567299999975745,S1A_IW_SLC__1SDV_20200427T054835_20200427T054902_032309_03BD1A_0BE5,2,57.45653031,7.172625673,19310.0,4529.0,4535.0,19298.0,4523.0,19323.0,25.91,ais/manual,True,True,9999.99,9999.99,HIGH
validation,SLC,f298dbd78ef977d5v,f298dbd78ef977d5v_057.59010316999999901100_007.20190206100000018807,S1A_IW_SLC__1SDV_20200427T054835_20200427T054902_032309_03BD1A_0BE5,2,57.59010317,7.201902061,19555.0,5607.0,5611.0,19544.0,5603.0,19564.0,28.0,ais/manual,True,True,9999.99,9999.99,HIGH
validation,SLC,f298dbd78ef977d5v,f298dbd78ef977d5v_057.25013272999999713875_008.96389746200000026022,S1A_IW_SLC__1SDV_20200427T054835_20200427T054902_032309_03BD1A_0BE5,1,57.25013273,8.963897462,10870.0,3880.0,3881.0,10865.0,3878.0,10876.0,15.31477614,ais/manual,True,True,9999.99,9999.99,HIGH
validation,SLC,f298dbd78ef977d5v,f298dbd78ef977d5v_058.17048703999999759162_006.04881255799999983935,S1A_IW_SLC__1SDV_20200427T054835_20200427T054902_032309_03BD1A_0BE5,3,58.17048704,6.048812558,18361.0,8527.0,8538.0,18343.0,8517.0,18378.0,163.88556210000004,ais/manual,True,False,9999.99,9999.99,HIGH
validation,SLC,f298dbd78ef977d5v,f298dbd78ef977d5v_057.07642005000000295922_007.65115395299999967449,S1A_IW_SLC__1SDV_20200427T054835_20200427T054902_032309_03BD1A_0BE5,2,57.07642005,7.651153953,9552.0,1896.0,1903.0,9537.0,1889.0,9568.0,37.83,ais/manual,True,True,9999.99,9999.99,HIGH
validation,SLC,f298dbd78ef977d5v,f298dbd78ef977d5v_057.54949606999999645041_009.23678639499999931672,S1A_IW_SLC__1SDV_20200427T054835_20200427T054902_032309_03BD1A_0BE5,1,57.54949607,9.236786395,8701.0,6463.0,6467.0,8691.0,6459.0,8707.0,19.36208593,ais/manual,True,True,9999.99,9999.99,HIGH
validation,SLC,f298dbd78ef977d5v,f298dbd78ef977d5v_057.18757696000000123604_009.34978437999999911767,S1A_IW_SLC__1SDV_20200427T054835_20200427T054902_032309_03BD1A_0BE5,1,57.18757696,9.34978438,5277.0,3728.0,3733.0,5265.0,3723.0,5286.0,17.8792951,ais/manual,True,True,3.5598256297937776,3.1263148003746286,HIGH
validation,SLC,f298dbd78ef977d5v,f298dbd78ef977d5v_057.83887271999999768468_009.69039773299999929179,S1A_IW_SLC__1SDV_20200427T054835_20200427T054902_032309_03BD1A_0BE5,1,57.83887272,9.690397733,4204.0,9127.0,9130.0,4187.0,9125.0,4218.0,55.66231342,ais/manual,True,False,9999.99,9999.99,HIGH
validation,SLC,f298dbd78ef977d5v,f298dbd78ef977d5v_057.85096690999999680116_009.22713655899999984911,S1A_IW_SLC__1SDV_20200427T054835_20200427T054902_032309_03BD1A_0BE5,1,57.85096691,9.227136559,10434.0,8818.0,8825.0,10423.0,8811.0,10446.0,49.975,ais/manual,True,True,9999.99,9999.99,HIGH
validation,SLC,f298dbd78ef977d5v,f298dbd78ef977d5v_057.41307270000000073651_008.39459387800000023105,S1A_IW_SLC__1SDV_20200427T054835_20200427T054902_032309_03BD1A_0BE5,1,57.41307270000001,8.394593878,19926.0,4678.0,4685.0,19900.0,4672.0,19952.0,220.3000637,ais/manual,True,False,9999.99,9999.99,HIGH
validation,SLC,f298dbd78ef977d5v,f298dbd78ef977d5v_057.94288079999999752090_007.20574219399999993385,S1A_IW_SLC__1SDV_20200427T054835_20200427T054902_032309_03BD1A_0BE5,2,57.9428808,7.205742194,21406.0,8400.0,8402.0,21400.0,8399.0,21410.0,10.2,ais/manual,True,True,3.921592005172288,8.97350109819351,HIGH
validation,SLC,f298dbd78ef977d5v,f298dbd78ef977d5v_057.22272896999999858281_008.59925977299999999559,S1A_IW_SLC__1SDV_20200427T054835_20200427T054902_032309_03BD1A_0BE5,1,57.22272897,8.599259773,15906.0,3353.0,3356.0,15900.0,3351.0,15913.0,21.14357404,ais/manual,True,True,9999.99,9999.99,HIGH
validation,SLC,f298dbd78ef977d5v,f298dbd78ef977d5v_057.59236422000000032995_007.53724813699999973693,S1A_IW_SLC__1SDV_20200427T054835_20200427T054902_032309_03BD1A_0BE5,2,57.59236422,7.537248137000001,14158.0,5879.0,5884.0,14147.0,5874.0,14170.0,23.95,ais/manual,True,True,9999.99,9999.99,HIGH
validation,SLC,f298dbd78ef977d5v,f298dbd78ef977d5v_058.06795003999999948974_008.19184100899999911860,S1A_IW_SLC__1SDV_20200427T054835_20200427T054902_032309_03BD1A_0BE5,2,58.06795004,8.191841009,6596.0,10140.0,10142.0,6590.0,10139.0,6600.0,11.99,ais/manual,True,True,3.031095489522165,5.036596985050206,HIGH
validation,SLC,f298dbd78ef977d5v,f298dbd78ef977d5v_057.73663389000000023543_009.26672694900000060159,S1A_IW_SLC__1SDV_20200427T054835_20200427T054902_032309_03BD1A_0BE5,1,57.73663389,9.266726949,9286.0,7956.0,7960.0,9260.0,7952.0,9311.0,219.5536295,ais/manual,True,False,9999.99,9999.99,HIGH
validation,SLC,f298dbd78ef977d5v,f298dbd78ef977d5v_057.19985341000000289569_005.51712258600000016173,S1A_IW_SLC__1SDV_20200427T054835_20200427T054902_032309_03BD1A_0BE5,3,57.19985341,5.517122586,22792.0,453.0,459.0,22779.0,448.0,22803.0,20.47,ais/manual,True,True,9999.99,9999.99,HIGH
validation,SLC,cd36e75010a021f7v,cd36e75010a021f7v_055.65854221000000023878_006.31054966600000000199,S1A_IW_SLC__1SDV_20200427T054900_20200427T054928_032309_03BD1A_6DE0,2,55.65854221,6.310549666,24267.0,1726.0,1734.0,24239.0,1718.0,24294.0,174.23723909999995,ais/manual,True,False,9999.99,9999.99,HIGH
validation,SLC,cd36e75010a021f7v,cd36e75010a021f7v_055.50777573999999958687_007.93173195999999958161,S1A_IW_SLC__1SDV_20200427T054900_20200427T054928_032309_03BD1A_6DE0,1,55.50777574,7.93173196,16707.0,1382.0,1384.0,16700.0,1380.0,16710.0,22.2,ais/manual,True,True,9999.99,9999.99,HIGH
validation,SLC,cd36e75010a021f7v,cd36e75010a021f7v_057.00275792000000052440_005.70971370599999961115,S1A_IW_SLC__1SDV_20200427T054900_20200427T054928_032309_03BD1A_6DE0,3,57.00275792,5.7097137060000005,18268.0,12428.0,12433.0,18250.0,12424.0,18286.0,67.0,ais/manual,True,True,9999.99,9999.99,HIGH
validation,SLC,cd36e75010a021f7v,cd36e75010a021f7v_056.87780493999999720245_006.87420632899999972665,S1A_IW_SLC__1SDV_20200427T054900_20200427T054928_032309_03BD1A_6DE0,2,56.87780494,6.874206329,21130.0,11801.0,11804.0,21122.0,11798.0,21138.0,37.45,ais/manual,True,True,9999.99,9999.99,HIGH
validation,SLC,cd36e75010a021f7v,cd36e75010a021f7v_056.24154803999999785447_006.08820288999999981172,S1A_IW_SLC__1SDV_20200427T054900_20200427T054928_032309_03BD1A_6DE0,3,56.24154804,6.08820289,7461.0,6649.0,6661.0,7434.0,6637.0,7484.0,249.99,ais/manual,True,False,9999.99,9999.99,HIGH
validation,SLC,cd36e75010a021f7v,cd36e75010a021f7v_056.46999732999999821459_007.96946925099999958775,S1A_IW_SLC__1SDV_20200427T054900_20200427T054928_032309_03BD1A_6DE0,1,56.46999733,7.969469251,21251.0,8980.0,8983.0,21243.0,8976.0,21258.0,21.2,ais/manual,True,True,9.382643055916946,9.313937756495545,HIGH
validation,SLC,cd36e75010a021f7v,cd36e75010a021f7v_056.72403558999999972912_008.10274193599999925652,S1A_IW_SLC__1SDV_20200427T054900_20200427T054928_032309_03BD1A_6DE0,1,56.72403559,8.102741936000001,20584.0,11089.0,11094.0,20576.0,11085.0,20592.0,20.05,ais/manual,True,True,6.496357787818938,6.979763403142513,HIGH
validation,SLC,cd36e75010a021f7v,cd36e75010a021f7v_056.52729455000000058362_007.94499182399999970272,S1A_IW_SLC__1SDV_20200427T054900_20200427T054928_032309_03BD1A_6DE0,2,56.52729455,7.944991824,2015.0,9881.0,9885.0,2008.0,9878.0,2022.0,22.5,ais/manual,True,True,9999.99,9999.99,HIGH
validation,SLC,cd36e75010a021f7v,cd36e75010a021f7v_055.49283154999999823076_008.10798668800000044143,S1A_IW_SLC__1SDV_20200427T054900_20200427T054928_032309_03BD1A_6DE0,1,55.49283155,8.107986687999999,13964.0,1418.0,1420.0,13958.0,1415.0,13968.0,15.97,ais/manual,True,True,5.615521822209653,5.464242957627749,HIGH
validation,SLC,cd36e75010a021f7v,cd36e75010a021f7v_056.30106646000000125696_006.80306065300000017970,S1A_IW_SLC__1SDV_20200427T054900_20200427T054928_032309_03BD1A_6DE0,2,56.30106646,6.803060652999999,19224.0,7185.0,7196.0,19202.0,7175.0,19245.0,228.0693461,ais/manual,True,False,9999.99,9999.99,HIGH
validation,SLC,cd36e75010a021f7v,cd36e75010a021f7v_056.68820665999999874884_005.57958004500000015469,S1A_IW_SLC__1SDV_20200427T054900_20200427T054928_032309_03BD1A_6DE0,3,56.68820666,5.579580045,18988.0,9839.0,9845.0,18960.0,9832.0,19016.0,111.4527511,ais/manual,True,False,9999.99,9999.99,HIGH
validation,SLC,cd36e75010a021f7v,cd36e75010a021f7v_055.94551429999999925258_005.11679428700000027419,S1A_IW_SLC__1SDV_20200427T054900_20200427T054928_032309_03BD1A_6DE0,3,55.94551429999999,5.116794287,23735.0,3616.0,3621.0,23705.0,3611.0,23765.0,110.1366163,ais/manual,True,False,9999.99,9999.99,HIGH
validation,SLC,cd36e75010a021f7v,cd36e75010a021f7v_056.16711975999999850728_007.00755128700000007314,S1A_IW_SLC__1SDV_20200427T054900_20200427T054928_032309_03BD1A_6DE0,2,56.16711976,7.007551287,15075.0,6286.0,6307.0,15037.0,6264.0,15110.0,109.3615246,ais/manual,True,False,9999.99,9999.99,HIGH
validation,SLC,cd36e75010a021f7v,cd36e75010a021f7v_056.45912235000000123364_007.89592680600000029756,S1A_IW_SLC__1SDV_20200427T054900_20200427T054928_032309_03BD1A_6DE0,2,56.45912235,7.895926806,2404.0,9304.0,9307.0,2398.0,9302.0,2408.0,19.20514171,ais/manual,True,True,9999.99,9999.99,HIGH
validation,SLC,cd36e75010a021f7v,cd36e75010a021f7v_056.46999732999999821459_007.96946925099999958775,S1A_IW_SLC__1SDV_20200427T054900_20200427T054928_032309_03BD1A_6DE0,2,56.46999733,7.969469251,1333.0,9451.0,9454.0,1325.0,9447.0,1340.0,21.2,ais/manual,True,True,9.379399083140187,9.31069096318254,HIGH
validation,SLC,cd36e75010a021f7v,cd36e75010a021f7v_056.78972090999999977612_007.89163474800000042109,S1A_IW_SLC__1SDV_20200427T054900_20200427T054928_032309_03BD1A_6DE0,2,56.78972091,7.891634747999999,4248.0,11903.0,11910.0,4236.0,11898.0,4257.0,50.40965367,ais/manual,True,False,9999.99,9999.99,HIGH
validation,SLC,cd36e75010a021f7v,cd36e75010a021f7v_056.38521544000000318420_007.75764068600000022968,S1A_IW_SLC__1SDV_20200427T054900_20200427T054928_032309_03BD1A_6DE0,2,56.38521544,7.757640686,4152.0,8608.0,8612.0,4144.0,8604.0,4160.0,14.02,ais/manual,True,True,9999.99,9999.99,HIGH
validation,SLC,cd36e75010a021f7v,cd36e75010a021f7v_055.63473221000000279446_006.61981362800000017188,S1A_IW_SLC__1SDV_20200427T054900_20200427T054928_032309_03BD1A_6DE0,2,55.63473221,6.619813627999999,18769.0,1776.0,1781.0,18752.0,1770.0,18784.0,156.73710359999995,ais/manual,True,False,9999.99,9999.99,HIGH
validation,SLC,cd36e75010a021f7v,cd36e75010a021f7v_056.50136076999999801274_006.12047913999999959600,S1A_IW_SLC__1SDV_20200427T054900_20200427T054928_032309_03BD1A_6DE0,3,56.50136077,6.12047914,8269.0,8733.0,8740.0,8246.0,8725.0,8292.0,78.70709909,ais/manual,True,False,9999.99,9999.99,HIGH
validation,SLC,cd36e75010a021f7v,cd36e75010a021f7v_056.67651157000000239350_007.26868055500000043168,S1A_IW_SLC__1SDV_20200427T054900_20200427T054928_032309_03BD1A_6DE0,2,56.67651157,7.268680555,13522.0,10513.0,10531.0,13489.0,10493.0,13552.0,91.92595171,ais/manual,True,False,9999.99,9999.99,HIGH
validation,SLC,cd36e75010a021f7v,cd36e75010a021f7v_055.53733718000000152415_007.60116563900000041798,S1A_IW_SLC__1SDV_20200427T054900_20200427T054928_032309_03BD1A_6DE0,2,55.53733718,7.601165638999999,2074.0,1803.0,1806.0,2067.0,1800.0,2081.0,16.03,ais/manual,True,True,9999.99,9999.99,HIGH
validation,SLC,cd36e75010a021f7v,cd36e75010a021f7v_056.52746505999999726555_006.96232925400000013383,S1A_IW_SLC__1SDV_20200427T054900_20200427T054928_032309_03BD1A_6DE0,2,56.52746506,6.962329254,17768.0,9097.0,9101.0,17758.0,9094.0,17776.0,18.9,ais/manual,True,True,9999.99,9999.99,HIGH
validation,SLC,cd36e75010a021f7v,cd36e75010a021f7v_055.54492325999999735586_007.51277024499999956930,S1A_IW_SLC__1SDV_20200427T054900_20200427T054928_032309_03BD1A_6DE0,2,55.54492326,7.512770245,3514.0,1789.0,1793.0,3504.0,1785.0,3522.0,19.96,ais/manual,True,True,9999.99,9999.99,HIGH
validation,SLC,cd36e75010a021f7v,cd36e75010a021f7v_056.65024443000000076154_005.95574897599999975029,S1A_IW_SLC__1SDV_20200427T054900_20200427T054928_032309_03BD1A_6DE0,3,56.65024443,5.9557489760000015,11989.0,9797.0,9802.0,11975.0,9793.0,12004.0,149.4481939,ais/manual,True,False,9999.99,9999.99,HIGH
validation,SLC,cd36e75010a021f7v,cd36e75010a021f7v_055.45315784999999664251_008.30953548799999985874,S1A_IW_SLC__1SDV_20200427T054900_20200427T054928_032309_03BD1A_6DE0,1,55.45315785,8.309535488,10772.0,1284.0,1288.0,10768.0,1280.0,10777.0,18.0,ais/manual,True,True,1.126798570019566,2.631271744341102,HIGH
validation,SLC,cd36e75010a021f7v,cd36e75010a021f7v_056.48292041999999923974_007.96765759500000037008,S1A_IW_SLC__1SDV_20200427T054900_20200427T054928_032309_03BD1A_6DE0,1,56.48292042,7.967657595,21348.0,9080.0,9083.0,21341.0,9077.0,21355.0,22.75,ais/manual,True,True,9.382025968890057,9.305223835568045,HIGH
validation,SLC,cd36e75010a021f7v,cd36e75010a021f7v_056.46525726000000133808_007.66105051699999961556,S1A_IW_SLC__1SDV_20200427T054900_20200427T054928_032309_03BD1A_6DE0,2,56.46525726,7.661050517,6097.0,9160.0,9163.0,6085.0,9156.0,6107.0,22.5,ais/manual,True,True,9999.99,9999.99,HIGH
validation,SLC,cd36e75010a021f7v,cd36e75010a021f7v_056.54340361999999942100_007.04833709600000002382,S1A_IW_SLC__1SDV_20200427T054900_20200427T054928_032309_03BD1A_6DE0,2,56.54340362,7.048337096,16424.0,9290.0,9294.0,16415.0,9285.0,16433.0,22.0,ais/manual,True,True,9999.99,9999.99,HIGH
validation,SLC,cd36e75010a021f7v,cd36e75010a021f7v_056.43235495999999784544_007.66788325899999989588,S1A_IW_SLC__1SDV_20200427T054900_20200427T054928_032309_03BD1A_6DE0,2,56.43235496,7.667883259,5812.0,8906.0,8911.0,5803.0,8900.0,5821.0,16.13,ais/manual,True,True,9999.99,9999.99,HIGH
validation,SLC,cd36e75010a021f7v,cd36e75010a021f7v_056.56880282000000192966_007.90331217399999985673,S1A_IW_SLC__1SDV_20200427T054900_20200427T054928_032309_03BD1A_6DE0,2,56.56880282,7.903312174,2879.0,10174.0,10178.0,2871.0,10169.0,2887.0,16.7,ais/manual,True,True,9999.99,9999.99,HIGH
validation,SLC,cd36e75010a021f7v,cd36e75010a021f7v_056.78027890999999982569_006.35602326099999981324,S1A_IW_SLC__1SDV_20200427T054900_20200427T054928_032309_03BD1A_6DE0,3,56.78027891,6.356023261,5621.0,11115.0,11120.0,5608.0,11110.0,5630.0,17.24,ais/manual,True,True,9999.99,9999.99,HIGH
validation,SLC,cd36e75010a021f7v,cd36e75010a021f7v_055.45691962000000074795_006.52360933100000028873,S1A_IW_SLC__1SDV_20200427T054900_20200427T054928_032309_03BD1A_6DE0,2,55.45691962,6.523609331,19475.0,295.0,299.0,19459.0,291.0,19492.0,143.38704230000005,ais/manual,True,False,9999.99,9999.99,HIGH
validation,SLC,cd36e75010a021f7v,cd36e75010a021f7v_056.72136623000000099637_008.18499714999999916643,S1A_IW_SLC__1SDV_20200427T054900_20200427T054928_032309_03BD1A_6DE0,1,56.72136623,8.18499715,19329.0,11137.0,11141.0,19319.0,11133.0,19336.0,28.3646525,ais/manual,True,False,1.6780880472983108,2.831023212164049,HIGH
validation,SLC,cd36e75010a021f7v,cd36e75010a021f7v_056.66971522000000049957_006.89198090200000024197,S1A_IW_SLC__1SDV_20200427T054900_20200427T054928_032309_03BD1A_6DE0,2,56.66971522,6.891980902,19711.0,10168.0,10173.0,19702.0,10164.0,19720.0,20.3415132,ais/manual,True,True,9999.99,9999.99,HIGH
validation,SLC,cd36e75010a021f7v,cd36e75010a021f7v_055.44671059000000212791_008.09274369599999943148,S1A_IW_SLC__1SDV_20200427T054900_20200427T054928_032309_03BD1A_6DE0,1,55.44671059,8.092743696,13950.0,1042.0,1046.0,13943.0,1038.0,13957.0,19.99,ais/manual,True,True,9999.99,9999.99,HIGH
validation,SLC,cd36e75010a021f7v,cd36e75010a021f7v_056.73806601999999799091_008.13019852799999931392,S1A_IW_SLC__1SDV_20200427T054900_20200427T054928_032309_03BD1A_6DE0,1,56.73806602,8.130198528,20244.0,11223.0,11225.0,20235.0,11220.0,20253.0,40.2,ais/manual,True,True,5.35152815866425,5.963369962214894,HIGH
validation,SLC,cd36e75010a021f7v,cd36e75010a021f7v_056.00565521000000046570_005.50330855200000002014,S1A_IW_SLC__1SDV_20200427T054900_20200427T054928_032309_03BD1A_6DE0,3,56.00565521,5.503308552000001,16821.0,4360.0,4365.0,16810.0,4354.0,16831.0,22.19610496,ais/manual,True,True,9999.99,9999.99,HIGH
validation,SLC,cd36e75010a021f7v,cd36e75010a021f7v_055.74698446000000018330_006.04421201200000002274,S1A_IW_SLC__1SDV_20200427T054900_20200427T054928_032309_03BD1A_6DE0,3,55.74698446,6.044212012000001,5617.0,2696.0,2706.0,5587.0,2687.0,5644.0,188.478866,ais/manual,True,False,9999.99,9999.99,HIGH
validation,SLC,cd36e75010a021f7v,cd36e75010a021f7v_056.48292041999999923974_007.96765759500000037008,S1A_IW_SLC__1SDV_20200427T054900_20200427T054928_032309_03BD1A_6DE0,2,56.48292042,7.967657595,1430.0,9551.0,9554.0,1423.0,9548.0,1437.0,22.75,ais/manual,True,True,9.37866491433919,9.302041095189654,HIGH
validation,SLC,264ed833a13b7f2av,264ed833a13b7f2av_044.50569915999999892620_012.46344780999999990456,S1A_IW_SLC__1SDV_20200501T051926_20200501T051953_032367_03BF2F_45CD,2,44.50569916,12.46344781,5608.0,8803.0,8807.0,5592.0,8799.0,5623.0,87.05990279,ais/manual,True,False,9999.99,9999.99,HIGH
validation,SLC,264ed833a13b7f2av,264ed833a13b7f2av_044.52559094000000072811_012.50411225000000037255,S1A_IW_SLC__1SDV_20200501T051926_20200501T051953_032367_03BF2F_45CD,2,44.52559094,12.50411225,4881.0,9000.0,9004.0,4867.0,8997.0,4894.0,28.56621159,ais/manual,True,False,9999.99,9999.99,HIGH
validation,SLC,264ed833a13b7f2av,264ed833a13b7f2av_044.37037191999999663494_012.51586338999999981070,S1A_IW_SLC__1SDV_20200501T051926_20200501T051953_032367_03BF2F_45CD,2,44.37037192,12.51586339,3846.0,7793.0,7796.0,3834.0,7789.0,3856.0,26.44417917,ais/manual,True,False,9999.99,9999.99,HIGH
validation,SLC,264ed833a13b7f2av,264ed833a13b7f2av_044.08605352000000010548_012.59974564999999913084,S1A_IW_SLC__1SDV_20200501T051926_20200501T051953_032367_03BF2F_45CD,1,44.08605352,12.59974565,20640.0,6517.0,6520.0,20631.0,6515.0,20649.0,24.0,ais/manual,True,True,1.909038794768316,1.6543842849395052,HIGH
validation,SLC,264ed833a13b7f2av,264ed833a13b7f2av_044.06723193999999921289_013.44086212000000024602,S1A_IW_SLC__1SDV_20200501T051926_20200501T051953_032367_03BF2F_45CD,1,44.06723194,13.44086212,4628.0,7253.0,7258.0,4607.0,7248.0,4646.0,195.0534274,ais/manual,True,False,9999.99,9999.99,HIGH
validation,SLC,264ed833a13b7f2av,264ed833a13b7f2av_044.51744758000000246057_012.46142794999999914296,S1A_IW_SLC__1SDV_20200501T051926_20200501T051953_032367_03BF2F_45CD,2,44.51744758,12.46142795,5709.0,8893.0,8899.0,5687.0,8887.0,5731.0,130.94401470000005,ais/manual,True,False,9999.99,9999.99,HIGH
validation,SLC,264ed833a13b7f2av,264ed833a13b7f2av_044.65388910000000066702_013.08759558999999939033,S1A_IW_SLC__1SDV_20200501T051926_20200501T051953_032367_03BF2F_45CD,1,44.6538891,13.08759559,13999.0,11473.0,11481.0,13980.0,11466.0,14016.0,135.11448769999998,ais/manual,True,False,9999.99,9999.99,HIGH
validation,SLC,264ed833a13b7f2av,264ed833a13b7f2av_044.46473962000000312855_012.52506202000000001817,S1A_IW_SLC__1SDV_20200501T051926_20200501T051953_032367_03BF2F_45CD,2,44.46473962,12.52506202,4144.0,8543.0,8546.0,4130.0,8540.0,4158.0,69.6832755,ais/manual,True,False,9999.99,9999.99,HIGH
validation,SLC,264ed833a13b7f2av,264ed833a13b7f2av_044.50957812000000046737_012.47598608999999925118,S1A_IW_SLC__1SDV_20200501T051926_20200501T051953_032367_03BF2F_45CD,2,44.50957812,12.47598609,5372.0,8846.0,8854.0,5346.0,8838.0,5395.0,142.5047621,ais/manual,True,False,9999.99,9999.99,HIGH
validation,SLC,264ed833a13b7f2av,264ed833a13b7f2av_044.50678451999999651889_012.43547266999999934001,S1A_IW_SLC__1SDV_20200501T051926_20200501T051953_032367_03BF2F_45CD,2,44.50678452,12.43547267,6185.0,8784.0,8787.0,6163.0,8781.0,6205.0,95.64981496,ais/manual,True,False,9999.99,9999.99,HIGH
validation,SLC,3ceef682fbe4930av,3ceef682fbe4930av_004.21583282300000039555_008.89450924199999981568,S1A_IW_SLC__1SDV_20200503T051344_20200503T051413_032396_03C03F_CD9E,1,4.215832823,8.894509242,2040.0,147.0,149.0,2036.0,144.0,2044.0,25.81763203,ais/manual,True,True,6.29783997372825,5.484958079659188,HIGH
validation,SLC,3ceef682fbe4930av,3ceef682fbe4930av_004.35239144099999997195_008.40385713000000045270,S1A_IW_SLC__1SDV_20200503T051344_20200503T051413_032396_03C03F_CD9E,1,4.352391441,8.40385713,15346.0,406.0,409.0,15337.0,404.0,15355.0,59.00918998,ais/manual,True,False,9999.99,9999.99,HIGH
validation,SLC,3ceef682fbe4930av,3ceef682fbe4930av_004.27261539000000034605_008.55530834800000050677,S1A_IW_SLC__1SDV_20200503T051344_20200503T051413_032396_03C03F_CD9E,1,4.27261539,8.555308347999999,10894.0,36.0,38.0,10885.0,33.0,10902.0,52.76739349,ais/manual,True,False,9999.99,9999.99,HIGH
validation,SLC,3ceef682fbe4930av,3ceef682fbe4930av_004.22270587700000010756_008.87738736100000025431,S1A_IW_SLC__1SDV_20200503T051344_20200503T051413_032396_03C03F_CD9E,1,4.222705877,8.877387361,2492.0,172.0,174.0,2486.0,169.0,2498.0,24.00666883,ais/manual,True,True,7.292291447350026,6.793988232135148,HIGH
validation,SLC,3ceef682fbe4930av,3ceef682fbe4930av_004.35555950000000002831_008.40619778800000005958,S1A_IW_SLC__1SDV_20200503T051344_20200503T051413_032396_03C03F_CD9E,1,4.3555595,8.406197788,15300.0,435.0,438.0,15291.0,431.0,15310.0,74.33677027,ais/manual,True,False,9999.99,9999.99,HIGH
validation,SLC,3ceef682fbe4930av,3ceef682fbe4930av_004.36998040299999956915_008.01290698400000067636,S1A_IW_SLC__1SDV_20200503T051344_20200503T051413_032396_03C03F_CD9E,2,4.3699804030000005,8.012906983999999,6385.0,383.0,385.0,6376.0,380.0,6395.0,57.98189059999999,ais/manual,True,False,9999.99,9999.99,HIGH
validation,SLC,fe6a8d80fb5ebb8ev,fe6a8d80fb5ebb8ev_043.70915159999999843876_013.54315648999999943669,S1A_IW_SLC__1SDV_20200520T051115_20200520T051142_032644_03C7E8_E2BE,2,43.7091516,13.54315649,22361.0,2554.0,2563.0,22322.0,2545.0,22397.0,218.1156315,ais/manual,True,False,9.190589699086209,9.144716661565491,HIGH
validation,SLC,fe6a8d80fb5ebb8ev,fe6a8d80fb5ebb8ev_043.94622362999999864996_013.66136934999999930085,S1A_IW_SLC__1SDV_20200520T051115_20200520T051142_032644_03C7E8_E2BE,2,43.94622363,13.66136935,20972.0,4536.0,4538.0,20966.0,4534.0,20979.0,19.44,ais/manual,True,True,9999.99,9999.99,HIGH
validation,SLC,fe6a8d80fb5ebb8ev,fe6a8d80fb5ebb8ev_043.74390702000000175076_013.33863640999999944370,S1A_IW_SLC__1SDV_20200520T051115_20200520T051142_032644_03C7E8_E2BE,3,43.74390702,13.33863641,3315.0,3101.0,3104.0,3305.0,3099.0,3325.0,23.28,ais/manual,True,True,8.187497190582082,7.882292857388175,HIGH
validation,SLC,fe6a8d80fb5ebb8ev,fe6a8d80fb5ebb8ev_043.86560467999999701760_013.89352610999999981800,S1A_IW_SLC__1SDV_20200520T051115_20200520T051142_032644_03C7E8_E2BE,2,43.86560468,13.89352611,15451.0,4127.0,4131.0,15440.0,4122.0,15459.0,21.06,ais/manual,True,True,9999.99,9999.99,HIGH
validation,SLC,fe6a8d80fb5ebb8ev,fe6a8d80fb5ebb8ev_043.71898178000000001475_013.42883171000000075423,S1A_IW_SLC__1SDV_20200520T051115_20200520T051142_032644_03C7E8_E2BE,3,43.71898178,13.42883171,1131.0,2991.0,2994.0,1120.0,2988.0,1138.0,27.38,ais/manual,True,True,9.333705358644831,9.255938605210355,HIGH
validation,SLC,fe6a8d80fb5ebb8ev,fe6a8d80fb5ebb8ev_043.69472315000000151031_013.85795635999999930732,S1A_IW_SLC__1SDV_20200520T051115_20200520T051142_032644_03C7E8_E2BE,2,43.69472315,13.85795636,15329.0,2747.0,2748.0,15323.0,2745.0,15333.0,22.9,ais/manual,True,True,9999.99,9999.99,HIGH
validation,SLC,fe6a8d80fb5ebb8ev,fe6a8d80fb5ebb8ev_044.51093438000000190868_012.96849163000000082491,S1A_IW_SLC__1SDV_20200520T051115_20200520T051142_032644_03C7E8_E2BE,3,44.51093438,12.96849163,15978.0,8818.0,8822.0,15972.0,8813.0,15985.0,22.56,ais/manual,True,True,9999.99,9999.99,HIGH
validation,SLC,fe6a8d80fb5ebb8ev,fe6a8d80fb5ebb8ev_043.76106596999999709396_013.26933887999999939211,S1A_IW_SLC__1SDV_20200520T051115_20200520T051142_032644_03C7E8_E2BE,3,43.76106597,13.26933888,4994.0,3171.0,3173.0,4987.0,3170.0,5001.0,29.35,ais/manual,True,True,5.574881868062636,5.796078783949476,HIGH
validation,SLC,fe6a8d80fb5ebb8ev,fe6a8d80fb5ebb8ev_043.53336074999999993906_014.33526168999999939047,S1A_IW_SLC__1SDV_20200520T051115_20200520T051142_032644_03C7E8_E2BE,2,43.53336075,14.33526169,4373.0,1956.0,1961.0,4358.0,1951.0,4389.0,108.3,ais/manual,True,False,9999.99,9999.99,HIGH
validation,SLC,fe6a8d80fb5ebb8ev,fe6a8d80fb5ebb8ev_043.68287422000000219668_014.10445750000000053603,S1A_IW_SLC__1SDV_20200520T051115_20200520T051142_032644_03C7E8_E2BE,2,43.68287422,14.1044575,9973.0,2898.0,2900.0,9967.0,2896.0,9979.0,18.98094979,ais/manual,True,True,9999.99,9999.99,HIGH
validation,SLC,fe6a8d80fb5ebb8ev,fe6a8d80fb5ebb8ev_043.17849744000000100641_015.33368439000000016392,S1A_IW_SLC__1SDV_20200520T051115_20200520T051142_032644_03C7E8_E2BE,1,43.17849744,15.33368439,3280.0,1105.0,1107.0,3274.0,1102.0,3285.0,24.02,ais/manual,True,True,9999.99,9999.99,HIGH
validation,SLC,fe6a8d80fb5ebb8ev,fe6a8d80fb5ebb8ev_044.21307963999999657290_012.60411483999999937566,S1A_IW_SLC__1SDV_20200520T051115_20200520T051142_032644_03C7E8_E2BE,3,44.21307964,12.60411484,23107.0,6136.0,6139.0,23099.0,6132.0,23116.0,21.7,ais/manual,True,True,9999.99,9999.99,HIGH
validation,SLC,fe6a8d80fb5ebb8ev,fe6a8d80fb5ebb8ev_043.93499907000000348489_013.81922937000000040086,S1A_IW_SLC__1SDV_20200520T051115_20200520T051142_032644_03C7E8_E2BE,2,43.93499907,13.81922937,17434.0,4600.0,4604.0,17423.0,4597.0,17442.0,26.2,ais/manual,True,True,9999.99,9999.99,HIGH
validation,SLC,fe6a8d80fb5ebb8ev,fe6a8d80fb5ebb8ev_043.28133921999999955688_015.08084269999999982304,S1A_IW_SLC__1SDV_20200520T051115_20200520T051142_032644_03C7E8_E2BE,1,43.28133922,15.0808427,8391.0,1635.0,1639.0,8381.0,1630.0,8398.0,19.05,ais/manual,True,True,9999.99,9999.99,HIGH
validation,SLC,fe6a8d80fb5ebb8ev,fe6a8d80fb5ebb8ev_043.67921599000000298929_014.10872999999999954923,S1A_IW_SLC__1SDV_20200520T051115_20200520T051142_032644_03C7E8_E2BE,2,43.67921599,14.10873,9864.0,2873.0,2876.0,9852.0,2871.0,9876.0,14.87,ais/manual,True,True,9999.99,9999.99,HIGH
validation,SLC,fe6a8d80fb5ebb8ev,fe6a8d80fb5ebb8ev_043.71898178000000001475_013.42883171000000075423,S1A_IW_SLC__1SDV_20200520T051115_20200520T051142_032644_03C7E8_E2BE,2,43.71898178,13.42883171,24991.0,2522.0,2525.0,24980.0,2519.0,24998.0,27.38,ais/manual,True,True,9.371778690696107,9.294339159611669,HIGH
validation,SLC,fe6a8d80fb5ebb8ev,fe6a8d80fb5ebb8ev_043.60690247000000141497_013.66396252999999916256,S1A_IW_SLC__1SDV_20200520T051115_20200520T051142_032644_03C7E8_E2BE,2,43.60690247,13.66396253,19129.0,1865.0,1867.0,19122.0,1864.0,19132.0,27.01,ais/manual,True,True,6.822517050660898,6.299918439042868,HIGH
validation,SLC,fe6a8d80fb5ebb8ev,fe6a8d80fb5ebb8ev_043.96201758000000126003_013.15382518999999916787,S1A_IW_SLC__1SDV_20200520T051115_20200520T051142_032644_03C7E8_E2BE,3,43.96201758,13.15382519,8729.0,4649.0,4652.0,8722.0,4647.0,8734.0,22.32,ais/manual,True,True,9999.99,9999.99,HIGH
validation,SLC,fe6a8d80fb5ebb8ev,fe6a8d80fb5ebb8ev_043.71980875999999938131_014.48751666999999976326,S1A_IW_SLC__1SDV_20200520T051115_20200520T051142_032644_03C7E8_E2BE,2,43.71980876,14.48751667,2211.0,3576.0,3578.0,2197.0,3573.0,2223.0,62.97778083,ais/manual,True,False,9999.99,9999.99,HIGH
validation,SLC,fe6a8d80fb5ebb8ev,fe6a8d80fb5ebb8ev_043.71878743999999983316_014.08021143999999935659,S1A_IW_SLC__1SDV_20200520T051115_20200520T051142_032644_03C7E8_E2BE,2,43.71878744,14.08021144,10675.0,3156.0,3158.0,10668.0,3154.0,10681.0,24.16,ais/manual,True,True,9999.99,9999.99,HIGH
validation,SLC,fe6a8d80fb5ebb8ev,fe6a8d80fb5ebb8ev_043.88089036000000220383_013.67963787000000053240,S1A_IW_SLC__1SDV_20200520T051115_20200520T051142_032644_03C7E8_E2BE,2,43.88089036,13.67963787,20223.0,4039.0,4043.0,20212.0,4034.0,20232.0,24.8,ais/manual,True,True,9999.99,9999.99,HIGH
validation,SLC,fe6a8d80fb5ebb8ev,fe6a8d80fb5ebb8ev_043.95365541000000320082_013.24593591000000003532,S1A_IW_SLC__1SDV_20200520T051115_20200520T051142_032644_03C7E8_E2BE,3,43.95365541,13.24593591,6554.0,4669.0,4672.0,6543.0,4666.0,6565.0,24.62,ais/manual,True,True,9999.99,9999.99,HIGH
validation,SLC,fe6a8d80fb5ebb8ev,fe6a8d80fb5ebb8ev_043.90134694999999709353_013.67345781999999942968,S1A_IW_SLC__1SDV_20200520T051115_20200520T051142_032644_03C7E8_E2BE,2,43.90134695,13.67345782,20468.0,4194.0,4198.0,20459.0,4189.0,20476.0,25.8,ais/manual,True,True,9999.99,9999.99,HIGH
validation,SLC,fe6a8d80fb5ebb8ev,fe6a8d80fb5ebb8ev_043.89662871000000166077_013.60981287000000072851,S1A_IW_SLC__1SDV_20200520T051115_20200520T051142_032644_03C7E8_E2BE,2,43.89662871,13.60981287,21859.0,4096.0,4099.0,21851.0,4093.0,21863.0,27.375,ais/manual,True,True,9999.99,9999.99,HIGH
validation,SLC,fe6a8d80fb5ebb8ev,fe6a8d80fb5ebb8ev_043.57639532999999687490_014.15693953999999976645,S1A_IW_SLC__1SDV_20200520T051115_20200520T051142_032644_03C7E8_E2BE,2,43.57639533,14.15693954,8312.0,2114.0,2119.0,8293.0,2108.0,8329.0,195.0534274,ais/manual,True,False,9999.99,9999.99,HIGH
validation,SLC,fe6a8d80fb5ebb8ev,fe6a8d80fb5ebb8ev_043.20776462999999978365_014.91086416999999997302,S1A_IW_SLC__1SDV_20200520T051115_20200520T051142_032644_03C7E8_E2BE,1,43.20776463,14.91086417,11234.0,876.0,884.0,11207.0,869.0,11260.0,158.16985490000005,ais/manual,True,False,9999.99,9999.99,HIGH
validation,SLC,fe6a8d80fb5ebb8ev,fe6a8d80fb5ebb8ev_044.21652214000000213900_012.60084563999999929251,S1A_IW_SLC__1SDV_20200520T051115_20200520T051142_032644_03C7E8_E2BE,3,44.21652214,12.60084564,23205.0,6160.0,6162.0,23197.0,6157.0,23212.0,21.7,ais/manual,True,True,9999.99,9999.99,HIGH
validation,SLC,fe6a8d80fb5ebb8ev,fe6a8d80fb5ebb8ev_043.91880361999999848877_013.64952861000000083891,S1A_IW_SLC__1SDV_20200520T051115_20200520T051142_032644_03C7E8_E2BE,2,43.91880362,13.64952861,21091.0,4308.0,4310.0,21084.0,4307.0,21097.0,28.1,ais/manual,True,True,9999.99,9999.99,HIGH
validation,SLC,fe6a8d80fb5ebb8ev,fe6a8d80fb5ebb8ev_043.91897333000000003267_013.64865286999999938189,S1A_IW_SLC__1SDV_20200520T051115_20200520T051142_032644_03C7E8_E2BE,2,43.91897333,13.64865287,21111.0,4309.0,4311.0,21105.0,4307.0,21115.0,20.15,ais/manual,True,True,9999.99,9999.99,HIGH
validation,SLC,fe6a8d80fb5ebb8ev,fe6a8d80fb5ebb8ev_043.91702101999999996451_013.88485133000000004699,S1A_IW_SLC__1SDV_20200520T051115_20200520T051142_032644_03C7E8_E2BE,2,43.91702102,13.88485133,15909.0,4523.0,4525.0,15902.0,4520.0,15915.0,26.8,ais/manual,True,True,9999.99,9999.99,HIGH
validation,SLC,fe6a8d80fb5ebb8ev,fe6a8d80fb5ebb8ev_043.80631202000000001817_013.26654083999999933496,S1A_IW_SLC__1SDV_20200520T051115_20200520T051142_032644_03C7E8_E2BE,3,43.80631202,13.26654084,5298.0,3526.0,3527.0,5292.0,3524.0,5302.0,21.85,ais/manual,True,True,9.5576682400832,9.479950552957115,HIGH
validation,SLC,fe6a8d80fb5ebb8ev,fe6a8d80fb5ebb8ev_043.99956388999999745693_013.95914020999999927142,S1A_IW_SLC__1SDV_20200520T051115_20200520T051142_032644_03C7E8_E2BE,2,43.99956389,13.95914021,14732.0,5245.0,5248.0,14722.0,5243.0,14741.0,23.93,ais/manual,True,True,9999.99,9999.99,HIGH
validation,SLC,fe6a8d80fb5ebb8ev,fe6a8d80fb5ebb8ev_043.72210885999999874230_013.45345550000000045543,S1A_IW_SLC__1SDV_20200520T051115_20200520T051142_032644_03C7E8_E2BE,2,43.72210886,13.4534555,24450.0,2570.0,2574.0,24441.0,2566.0,24458.0,26.275,ais/manual,True,True,9999.99,9999.99,HIGH
validation,SLC,fe6a8d80fb5ebb8ev,fe6a8d80fb5ebb8ev_044.10289496000000042386_012.57908575999999989392,S1A_IW_SLC__1SDV_20200520T051115_20200520T051142_032644_03C7E8_E2BE,3,44.10289496,12.57908576,23130.0,5241.0,5248.0,23118.0,5234.0,23142.0,24.81,ais/manual,True,True,2.354105800176401,3.01942960852444,HIGH
validation,SLC,fe6a8d80fb5ebb8ev,fe6a8d80fb5ebb8ev_043.72226461999999713726_013.54060401999999996292,S1A_IW_SLC__1SDV_20200520T051115_20200520T051142_032644_03C7E8_E2BE,2,43.72226462,13.54060402,22487.0,2655.0,2659.0,22465.0,2650.0,22506.0,118.98536409999998,ais/manual,True,False,9999.99,9999.99,HIGH
validation,SLC,fe6a8d80fb5ebb8ev,fe6a8d80fb5ebb8ev_043.89690934000000055448_013.61067792000000054031,S1A_IW_SLC__1SDV_20200520T051115_20200520T051142_032644_03C7E8_E2BE,2,43.89690934,13.61067792,21841.0,4099.0,4101.0,21834.0,4096.0,21848.0,24.27,ais/manual,True,True,9999.99,9999.99,HIGH
validation,SLC,fe6a8d80fb5ebb8ev,fe6a8d80fb5ebb8ev_044.14578621999999796799_013.17136140000000033012,S1A_IW_SLC__1SDV_20200520T051115_20200520T051142_032644_03C7E8_E2BE,3,44.14578622,13.1713614,9297.0,6117.0,6119.0,9287.0,6114.0,9307.0,24.00614543,ais/manual,True,True,9999.99,9999.99,HIGH
validation,SLC,fe6a8d80fb5ebb8ev,fe6a8d80fb5ebb8ev_043.86395811999999949649_013.58879493000000060476,S1A_IW_SLC__1SDV_20200520T051115_20200520T051142_032644_03C7E8_E2BE,2,43.86395812,13.58879493,22156.0,3818.0,3820.0,22149.0,3816.0,22159.0,23.9,ais/manual,True,True,9999.99,9999.99,HIGH
validation,SLC,fe6a8d80fb5ebb8ev,fe6a8d80fb5ebb8ev_043.85931755000000009659_013.65186770999999943399,S1A_IW_SLC__1SDV_20200520T051115_20200520T051142_032644_03C7E8_E2BE,2,43.85931755,13.65186771,20726.0,3842.0,3844.0,20719.0,3840.0,20729.0,22.4,ais/manual,True,True,9999.99,9999.99,HIGH
validation,SLC,fe6a8d80fb5ebb8ev,fe6a8d80fb5ebb8ev_044.12930807000000044127_012.94862351999999994234,S1A_IW_SLC__1SDV_20200520T051115_20200520T051142_032644_03C7E8_E2BE,3,44.12930807,12.94862352,14423.0,5782.0,5787.0,14414.0,5778.0,14432.0,19.94,ais/manual,True,True,9999.99,9999.99,HIGH
validation,SLC,fe6a8d80fb5ebb8ev,fe6a8d80fb5ebb8ev_043.96378605000000305836_013.02799841000000036217,S1A_IW_SLC__1SDV_20200520T051115_20200520T051142_032644_03C7E8_E2BE,3,43.96378605,13.02799841,11676.0,4547.0,4551.0,11664.0,4543.0,11687.0,26.26,ais/manual,True,True,9999.99,9.346753049572342,HIGH
validation,SLC,fe6a8d80fb5ebb8ev,fe6a8d80fb5ebb8ev_043.11349157000000076323_015.38790441999999991651,S1A_IW_SLC__1SDV_20200520T051115_20200520T051142_032644_03C7E8_E2BE,1,43.11349157,15.38790442,2008.0,656.0,658.0,2002.0,654.0,2013.0,24.94,ais/manual,True,True,6.299784466646889,9999.99,HIGH
validation,SLC,fe6a8d80fb5ebb8ev,fe6a8d80fb5ebb8ev_043.90726314999999857491_013.66348827000000021314,S1A_IW_SLC__1SDV_20200520T051115_20200520T051142_032644_03C7E8_E2BE,2,43.90726315,13.66348827,20720.0,4231.0,4236.0,20706.0,4226.0,20731.0,27.275,ais/manual,True,True,9999.99,9999.99,HIGH
validation,SLC,fe6a8d80fb5ebb8ev,fe6a8d80fb5ebb8ev_044.13853596999999950867_012.74565132000000033941,S1A_IW_SLC__1SDV_20200520T051115_20200520T051142_032644_03C7E8_E2BE,3,44.13853597,12.74565132,19301.0,5672.0,5673.0,19294.0,5670.0,19305.0,21.6,ais/manual,True,True,9999.99,9999.99,HIGH
validation,SLC,fe6a8d80fb5ebb8ev,fe6a8d80fb5ebb8ev_044.40097418999999945299_012.60009694000000024516,S1A_IW_SLC__1SDV_20200520T051115_20200520T051142_032644_03C7E8_E2BE,3,44.40097419,12.60009694,24200.0,7620.0,7623.0,24191.0,7617.0,24208.0,21.7,ais/manual,True,True,9999.99,9999.99,HIGH
validation,SLC,fe6a8d80fb5ebb8ev,fe6a8d80fb5ebb8ev_044.07313366000000343092_013.18284189999999966858,S1A_IW_SLC__1SDV_20200520T051115_20200520T051142_032644_03C7E8_E2BE,3,44.07313366,13.1828419,8646.0,5554.0,5557.0,8635.0,5550.0,8656.0,23.04,ais/manual,True,True,9999.99,9999.99,HIGH
validation,SLC,fe6a8d80fb5ebb8ev,fe6a8d80fb5ebb8ev_044.00248323999999655598_013.73132704000000003930,S1A_IW_SLC__1SDV_20200520T051115_20200520T051142_032644_03C7E8_E2BE,2,44.00248324,13.73132704,19720.0,5047.0,5048.0,19713.0,5045.0,19723.0,20.15,ais/manual,True,True,9999.99,9999.99,HIGH
validation,SLC,fe6a8d80fb5ebb8ev,fe6a8d80fb5ebb8ev_043.98834657999999819822_013.62987065000000086457,S1A_IW_SLC__1SDV_20200520T051115_20200520T051142_032644_03C7E8_E2BE,2,43.98834658,13.62987065,21895.0,4838.0,4841.0,21884.0,4834.0,21905.0,20.5,ais/manual,True,True,9999.99,9999.99,HIGH
validation,SLC,fe6a8d80fb5ebb8ev,fe6a8d80fb5ebb8ev_044.13658257000000162407_012.75160127000000009900,S1A_IW_SLC__1SDV_20200520T051115_20200520T051142_032644_03C7E8_E2BE,3,44.13658257,12.75160127,19148.0,5662.0,5664.0,19141.0,5659.0,19153.0,23.06,ais/manual,True,True,9999.99,9999.99,HIGH
validation,SLC,fe6a8d80fb5ebb8ev,fe6a8d80fb5ebb8ev_044.23718577999999723716_013.69824305999999936034,S1A_IW_SLC__1SDV_20200520T051115_20200520T051142_032644_03C7E8_E2BE,2,44.23718578,13.69824306,21687.0,6864.0,6867.0,21680.0,6862.0,21694.0,21.18,ais/manual,True,True,9999.99,9999.99,HIGH
validation,SLC,fe6a8d80fb5ebb8ev,fe6a8d80fb5ebb8ev_044.11195364999999668498_012.76278248000000026252,S1A_IW_SLC__1SDV_20200520T051115_20200520T051142_032644_03C7E8_E2BE,3,44.11195365,12.76278248,18750.0,5477.0,5480.0,18744.0,5473.0,18755.0,26.425,ais/manual,True,True,9999.99,9999.99,HIGH
validation,SLC,fe6a8d80fb5ebb8ev,fe6a8d80fb5ebb8ev_043.93570907000000147491_013.29754636999999917180,S1A_IW_SLC__1SDV_20200520T051115_20200520T051142_032644_03C7E8_E2BE,3,43.93570907,13.29754637,5272.0,4576.0,4578.0,5265.0,4574.0,5276.0,21.45,ais/manual,True,True,9999.99,9999.99,HIGH
validation,SLC,fe6a8d80fb5ebb8ev,fe6a8d80fb5ebb8ev_043.90186532999999968752_013.67157847000000003845,S1A_IW_SLC__1SDV_20200520T051115_20200520T051142_032644_03C7E8_E2BE,2,43.90186533,13.67157847,20512.0,4196.0,4198.0,20505.0,4195.0,20519.0,25.5,ais/manual,True,True,9999.99,9999.99,HIGH
validation,SLC,fe6a8d80fb5ebb8ev,fe6a8d80fb5ebb8ev_044.11868546000000179674_014.04228559999999959018,S1A_IW_SLC__1SDV_20200520T051115_20200520T051142_032644_03C7E8_E2BE,2,44.11868546,14.0422856,13566.0,6264.0,6271.0,13546.0,6257.0,13584.0,140.88,ais/manual,True,False,9999.99,9999.99,HIGH
validation,SLC,fe6a8d80fb5ebb8ev,fe6a8d80fb5ebb8ev_043.98266375000000039108_013.59197065999999942676,S1A_IW_SLC__1SDV_20200520T051115_20200520T051142_032644_03C7E8_E2BE,2,43.98266375,13.59197066,22711.0,4756.0,4760.0,22700.0,4753.0,22719.0,25.3,ais/manual,True,True,9999.99,9999.99,HIGH
validation,SLC,fe6a8d80fb5ebb8ev,fe6a8d80fb5ebb8ev_043.51598942999999763970_015.56282466999999947177,S1A_IW_SLC__1SDV_20200520T051115_20200520T051142_032644_03C7E8_E2BE,1,43.51598943,15.56282467,835.0,3994.0,3995.0,830.0,3992.0,838.0,21.44146857,ais/manual,True,True,9999.99,9999.99,HIGH
validation,SLC,75c03770095c6d9ev,75c03770095c6d9ev_002.73604657000000006661_009.75933101200000052700,S1A_IW_SLC__1SDV_20200522T050603_20200522T050631_032673_03C8C7_E420,2,2.73604657,9.759331012,5610.0,1672.0,1678.0,5570.0,1665.0,5649.0,182.7542914,ais/manual,True,False,9999.99,9999.99,HIGH
validation,SLC,75c03770095c6d9ev,75c03770095c6d9ev_003.82477531400000003714_009.29083623700000060808,S1A_IW_SLC__1SDV_20200522T050603_20200522T050631_032673_03C8C7_E420,3,3.824775314,9.290836237,2569.0,9784.0,9788.0,2557.0,9780.0,2580.0,22.57329143,ais/manual,True,True,9999.99,9999.99,HIGH
validation,SLC,75c03770095c6d9ev,75c03770095c6d9ev_003.75506910500000001818_008.91715723599999954274,S1A_IW_SLC__1SDV_20200522T050603_20200522T050631_032673_03C8C7_E420,3,3.755069105,8.917157236,14063.0,8642.0,8645.0,14052.0,8639.0,14074.0,61.72827927,ais/manual,True,False,0.5701726693604203,0.4419657968029686,HIGH
validation,SLC,75c03770095c6d9ev,75c03770095c6d9ev_003.80968415300000007306_008.76458228599999955577,S1A_IW_SLC__1SDV_20200522T050603_20200522T050631_032673_03C8C7_E420,3,3.809684153,8.764582286,19450.0,8818.0,8825.0,19426.0,8811.0,19473.0,147.68622219999995,ais/manual,True,False,5.029479732481203,5.172231899102523,HIGH
validation,SLC,75c03770095c6d9ev,75c03770095c6d9ev_003.85346236100000005820_009.47260259299999951565,S1A_IW_SLC__1SDV_20200522T050603_20200522T050631_032673_03C8C7_E420,2,3.853462361,9.472602593,20971.0,9831.0,9836.0,20955.0,9825.0,20986.0,170.48828269999996,ais/manual,True,False,5.428738419683381,4.21519129650204,HIGH
validation,SLC,75c03770095c6d9ev,75c03770095c6d9ev_003.96278094499999999911_009.12171187200000055384,S1A_IW_SLC__1SDV_20200522T050603_20200522T050631_032673_03C8C7_E420,3,3.962780945,9.121711872,8831.0,10577.0,10581.0,8807.0,10574.0,8856.0,128.6,ais/manual,True,False,4.820983619897925,4.379199085078354,HIGH
validation,SLC,75c03770095c6d9ev,75c03770095c6d9ev_002.97059978199999985549_009.78377937600000002760,S1A_IW_SLC__1SDV_20200522T050603_20200522T050631_032673_03C8C7_E420,2,2.970599782,9.783779376,6303.0,3521.0,3527.0,6258.0,3515.0,6347.0,145.6698843,ais/manual,True,False,9999.99,9999.99,HIGH
validation,SLC,75c03770095c6d9ev,75c03770095c6d9ev_003.67988513799999994447_009.41811925999999921544,S1A_IW_SLC__1SDV_20200522T050603_20200522T050631_032673_03C8C7_E420,2,3.679885138,9.41811926,21545.0,8402.0,8408.0,21508.0,8396.0,21582.0,214.1154408,ais/manual,True,False,9999.99,9999.99,HIGH
validation,SLC,75c03770095c6d9ev,75c03770095c6d9ev_002.82518351999999994817_009.84521677500000080840,S1A_IW_SLC__1SDV_20200522T050603_20200522T050631_032673_03C8C7_E420,2,2.82518352,9.845216775,3693.0,2500.0,2501.0,3687.0,2498.0,3699.0,41.4811804,ais/manual,True,False,4.525240807245214,3.5247749354098006,HIGH
validation,SLC,75c03770095c6d9ev,75c03770095c6d9ev_002.82020881999999994960_009.84431352100000012229,S1A_IW_SLC__1SDV_20200522T050603_20200522T050631_032673_03C8C7_E420,2,2.82020882,9.844313521,3689.0,2460.0,2463.0,3682.0,2457.0,3696.0,40.33571638,ais/manual,True,False,4.731412603978278,3.7082580744476985,HIGH
validation,SLC,75c03770095c6d9ev,75c03770095c6d9ev_003.96450219600000020037_009.10459665299999976185,S1A_IW_SLC__1SDV_20200522T050603_20200522T050631_032673_03C8C7_E420,3,3.964502196,9.104596653,9392.0,10563.0,10568.0,9369.0,10559.0,9415.0,88.06763884,ais/manual,True,False,5.118176421602851,4.764276726344759,HIGH
validation,SLC,75c03770095c6d9ev,75c03770095c6d9ev_004.00302564500000013226_009.19333570999999949436,S1A_IW_SLC__1SDV_20200522T050603_20200522T050631_032673_03C8C7_E420,3,4.003025645,9.19333571,6808.0,11004.0,11007.0,6792.0,11001.0,6824.0,35.63233543,ais/manual,True,False,0.8380233499786703,0.6013292303390915,HIGH
validation,SLC,75c03770095c6d9ev,75c03770095c6d9ev_003.12775402199999996711_009.04690230099999936897,S1A_IW_SLC__1SDV_20200522T050603_20200522T050631_032673_03C8C7_E420,3,3.127754022,9.046902301,5725.0,4005.0,4011.0,5690.0,3999.0,5760.0,200.3121839,ais/manual,True,False,9999.99,9999.99,HIGH
validation,SLC,75c03770095c6d9ev,75c03770095c6d9ev_003.83863391100000006517_009.23580983499999952357,S1A_IW_SLC__1SDV_20200522T050603_20200522T050631_032673_03C8C7_E420,3,3.838633911,9.235809835,4389.0,9802.0,9809.0,4373.0,9795.0,4406.0,25.99163079,ais/manual,True,True,9999.99,9999.99,HIGH
validation,SLC,75c03770095c6d9ev,75c03770095c6d9ev_002.90588834599999978892_009.82692152199999924278,S1A_IW_SLC__1SDV_20200522T050603_20200522T050631_032673_03C8C7_E420,2,2.905888346,9.826921522,4687.0,3092.0,3094.0,4680.0,3091.0,4693.0,51.15188774,ais/manual,True,False,7.615054283820418,7.210523134179,HIGH
validation,SLC,75c03770095c6d9ev,75c03770095c6d9ev_003.80026215100000008817_008.72018364700000070400,S1A_IW_SLC__1SDV_20200522T050603_20200522T050631_032673_03C8C7_E420,3,3.800262151,8.720183647,20860.0,8674.0,8675.0,20853.0,8672.0,20867.0,21.25038718,ais/manual,True,False,1.4839756906429995,1.509694164304029,HIGH
validation,SLC,75c03770095c6d9ev,75c03770095c6d9ev_003.96909084800000000470_009.59229121999999989612,S1A_IW_SLC__1SDV_20200522T050603_20200522T050631_032673_03C8C7_E420,2,3.969090848,9.59229122,18047.0,10917.0,10924.0,18021.0,10910.0,18074.0,107.5,ais/manual,True,False,3.404168564517009,2.7068566911802487,HIGH
validation,SLC,75c03770095c6d9ev,75c03770095c6d9ev_003.87397077299999992306_009.51917937800000046877,S1A_IW_SLC__1SDV_20200522T050603_20200522T050631_032673_03C8C7_E420,2,3.873970773,9.519179378,19675.0,10064.0,10069.0,19653.0,10060.0,19697.0,132.2991867,ais/manual,True,False,6.225946420538188,5.660068309609553,HIGH
validation,SLC,75c03770095c6d9ev,75c03770095c6d9ev_002.92336715699999993845_009.79976191799999973853,S1A_IW_SLC__1SDV_20200522T050603_20200522T050631_032673_03C8C7_E420,2,2.923367157,9.799761918,5564.0,3183.0,3200.0,5507.0,3166.0,5622.0,91.06697512,ais/manual,True,False,9999.99,9999.99,HIGH
validation,SLC,75c03770095c6d9ev,75c03770095c6d9ev_002.95504014499999989596_008.87925039900000001580,S1A_IW_SLC__1SDV_20200522T050603_20200522T050631_032673_03C8C7_E420,3,2.955040145,8.879250399,9941.0,2399.0,2407.0,9925.0,2390.0,9956.0,90.81421566,ais/manual,True,False,9999.99,9999.99,HIGH
validation,SLC,75c03770095c6d9ev,75c03770095c6d9ev_003.66631271199999986266_009.42315563900000086051,S1A_IW_SLC__1SDV_20200522T050603_20200522T050631_032673_03C8C7_E420,2,3.666312712,9.423155639,21304.0,8306.0,8311.0,21268.0,8300.0,21340.0,200.2564818,ais/manual,True,False,9999.99,9999.99,HIGH
validation,SLC,75c03770095c6d9ev,75c03770095c6d9ev_003.77484311399999983294_008.72802707600000005073,S1A_IW_SLC__1SDV_20200522T050603_20200522T050631_032673_03C8C7_E420,3,3.774843114,8.728027076,20425.0,8490.0,8492.0,20417.0,8487.0,20433.0,27.74176137,ais/manual,True,False,0.1185150259489875,0.3360015581135548,HIGH
validation,SLC,75c03770095c6d9ev,75c03770095c6d9ev_002.97937197599999992192_008.52739878699999920286,S1A_IW_SLC__1SDV_20200522T050603_20200522T050631_032673_03C8C7_E420,3,2.9793719760000004,8.527398787000001,21643.0,2015.0,2021.0,21603.0,2009.0,21683.0,183.6905996,ais/manual,True,False,9999.99,9999.99,HIGH
validation,SLC,75c03770095c6d9ev,75c03770095c6d9ev_003.86612076099999990575_009.48467869599999957586,S1A_IW_SLC__1SDV_20200522T050603_20200522T050631_032673_03C8C7_E420,2,3.866120761,9.484678696,20681.0,9948.0,9953.0,20653.0,9944.0,20706.0,146.45418869999995,ais/manual,True,False,4.728355292058766,3.473253514989824,HIGH
validation,SLC,36076e547370064ev,36076e547370064ev_044.46035091000000250006_013.80067161999999925115,S1A_IW_SLC__1SDV_20200613T051117_20200613T051144_032994_03D25F_B3C5,2,44.46035091,13.80067162,20618.0,8722.0,8724.0,20612.0,8721.0,20622.0,18.13689109,ais/manual,True,True,9999.99,9999.99,HIGH
validation,SLC,36076e547370064ev,36076e547370064ev_044.08663812999999720432_012.61362581999999932236,S1A_IW_SLC__1SDV_20200613T051117_20200613T051144_032994_03D25F_B3C5,3,44.08663813,12.61362582,22226.0,5145.0,5147.0,22219.0,5144.0,22230.0,17.22,ais/manual,True,True,2.99564837179941,2.8325748013045766,HIGH
validation,SLC,36076e547370064ev,36076e547370064ev_043.83357637999999667500_015.46644689000000028045,S1A_IW_SLC__1SDV_20200613T051117_20200613T051144_032994_03D25F_B3C5,1,43.83357638,15.46644689,4048.0,6368.0,6371.0,4040.0,6366.0,4053.0,,ais/manual,True,False,1.8038139309695207,2.468107340540752,HIGH
validation,SLC,36076e547370064ev,36076e547370064ev_044.75430182000000201015_013.03012563999999962050,S1A_IW_SLC__1SDV_20200613T051117_20200613T051144_032994_03D25F_B3C5,3,44.75430182,13.03012564,15837.0,10800.0,10803.0,15825.0,10796.0,15845.0,87.49962599,ais/manual,True,False,9999.99,9999.99,HIGH
validation,SLC,36076e547370064ev,36076e547370064ev_044.00474355000000059590_012.73466278999999978794,S1A_IW_SLC__1SDV_20200613T051117_20200613T051144_032994_03D25F_B3C5,3,44.00474355,12.73466279,18874.0,4606.0,4609.0,18862.0,4602.0,18882.0,23.86210998,ais/manual,True,False,3.694569703302707,3.542168179769988,HIGH
validation,SLC,36076e547370064ev,36076e547370064ev_044.77089569999999696392_014.14659823999999943567,S1A_IW_SLC__1SDV_20200613T051117_20200613T051144_032994_03D25F_B3C5,2,44.7708957,14.14659824,14762.0,11501.0,11506.0,14747.0,11496.0,14773.0,118.80527859999998,ais/manual,True,False,5.153314458197836,9999.99,HIGH
validation,SLC,36076e547370064ev,36076e547370064ev_044.04817629000000067663_014.08064835000000059040,S1A_IW_SLC__1SDV_20200613T051117_20200613T051144_032994_03D25F_B3C5,2,44.04817629,14.08064835,12396.0,5749.0,5752.0,12383.0,5745.0,12406.0,92.48636566,ais/manual,True,False,9999.99,9999.99,HIGH
validation,SLC,36076e547370064ev,36076e547370064ev_043.82151864000000074384_014.33495968999999981008,S1A_IW_SLC__1SDV_20200613T051117_20200613T051144_032994_03D25F_B3C5,2,43.82151864,14.33495969,5877.0,4221.0,4227.0,5856.0,4215.0,5896.0,141.5817828,ais/manual,True,False,9999.99,9999.99,HIGH
validation,SLC,36076e547370064ev,36076e547370064ev_043.99740256999999843401_014.25442299000000012654,S1A_IW_SLC__1SDV_20200613T051117_20200613T051144_032994_03D25F_B3C5,2,43.99740257,14.25442299,8462.0,5522.0,5528.0,8443.0,5516.0,8481.0,123.18,ais/manual,True,False,9999.99,9999.99,HIGH
validation,SLC,36076e547370064ev,36076e547370064ev_044.66598129999999855499_014.09503081000000079825,S1A_IW_SLC__1SDV_20200613T051117_20200613T051144_032994_03D25F_B3C5,2,44.6659813,14.09503081,15314.0,10625.0,10638.0,15294.0,10613.0,15330.0,222.0747866,ais/manual,True,False,9.275104012867343,9999.99,HIGH
validation,SLC,36076e547370064ev,36076e547370064ev_044.04137380000000234759_013.76085392000000062751,S1A_IW_SLC__1SDV_20200613T051117_20200613T051144_032994_03D25F_B3C5,2,44.0413738,13.76085392,19291.0,5383.0,5389.0,19276.0,5377.0,19303.0,31.35296513,ais/manual,True,False,9999.99,9999.99,HIGH
validation,SLC,36076e547370064ev,36076e547370064ev_043.85131008999999835396_014.02059844999999960180,S1A_IW_SLC__1SDV_20200613T051117_20200613T051144_032994_03D25F_B3C5,2,43.85131009,14.02059845,12654.0,4141.0,4144.0,12635.0,4136.0,12669.0,97.0,ais/manual,True,False,9999.99,9999.99,HIGH
validation,SLC,36076e547370064ev,36076e547370064ev_044.06960466999999681548_012.66063787000000040450,S1A_IW_SLC__1SDV_20200613T051117_20200613T051144_032994_03D25F_B3C5,3,44.06960467,12.66063787,20999.0,5052.0,5056.0,20984.0,5048.0,21011.0,26.425,ais/manual,True,True,4.869788323331475,4.751543005178311,HIGH
validation,SLC,36076e547370064ev,36076e547370064ev_043.59553978999999657162_015.50239058000000014204,S1A_IW_SLC__1SDV_20200613T051117_20200613T051144_032994_03D25F_B3C5,1,43.59553979,15.50239058,2280.0,4547.0,4549.0,2272.0,4544.0,2286.0,27.26110051,ais/manual,True,True,6.637734447895316,9999.99,HIGH
validation,SLC,36076e547370064ev,36076e547370064ev_043.76227195999999963760_015.46502289000000018859,S1A_IW_SLC__1SDV_20200613T051117_20200613T051144_032994_03D25F_B3C5,1,43.76227196,15.46502289,3733.0,5809.0,5812.0,3725.0,5807.0,3738.0,25.625,ais/manual,True,True,2.2851480407104297,2.713026674813502,HIGH
validation,SLC,36076e547370064ev,36076e547370064ev_044.18072579999999760503_013.21534680999999977757,S1A_IW_SLC__1SDV_20200613T051117_20200613T051144_032994_03D25F_B3C5,3,44.1807258,13.21534681,8482.0,6436.0,6442.0,8449.0,6429.0,8512.0,175.3551528,ais/manual,True,False,9999.99,9999.99,HIGH
validation,SLC,36076e547370064ev,36076e547370064ev_043.59950328000000041584_015.35845409999999944262,S1A_IW_SLC__1SDV_20200613T051117_20200613T051144_032994_03D25F_B3C5,1,43.59950328,15.3584541,4860.0,4421.0,4423.0,4852.0,4419.0,4866.0,25.42333333,ais/manual,True,False,9999.99,9999.99,HIGH
validation,SLC,36076e547370064ev,36076e547370064ev_044.09197903999999823554_012.56806568999999917935,S1A_IW_SLC__1SDV_20200613T051117_20200613T051144_032994_03D25F_B3C5,3,44.09197904,12.56806569,23359.0,5147.0,5149.0,23352.0,5146.0,23363.0,15.17258691,ais/manual,True,False,1.2243897401452786,1.632695200539397,HIGH
validation,SLC,36076e547370064ev,36076e547370064ev_043.80674546000000191270_015.46636237999999963222,S1A_IW_SLC__1SDV_20200613T051117_20200613T051144_032994_03D25F_B3C5,1,43.80674546,15.46636238,3921.0,6159.0,6163.0,3912.0,6154.0,3930.0,34.4,ais/manual,True,True,3.536390484966349,4.923674328050652,HIGH
validation,SLC,36076e547370064ev,36076e547370064ev_043.51175666999999691598_015.44800131000000043002,S1A_IW_SLC__1SDV_20200613T051117_20200613T051144_032994_03D25F_B3C5,1,43.51175667,15.44800131,2843.0,3832.0,3836.0,2832.0,3828.0,2854.0,30.3,ais/manual,True,False,9999.99,9999.99,HIGH
validation,SLC,36076e547370064ev,36076e547370064ev_043.72921191999999734890_015.58595204999999950246,S1A_IW_SLC__1SDV_20200613T051117_20200613T051144_032994_03D25F_B3C5,1,43.72921192,15.58595205,1449.0,5683.0,5684.0,1444.0,5682.0,1452.0,23.19,ais/manual,True,True,0.4944739162042065,4.962896664789319,HIGH
validation,SLC,36076e547370064ev,36076e547370064ev_044.10319464999999894417_012.57897537999999926228,S1A_IW_SLC__1SDV_20200613T051117_20200613T051144_032994_03D25F_B3C5,3,44.10319465,12.57897538,23153.0,5246.0,5252.0,23139.0,5239.0,23164.0,23.02,ais/manual,True,True,2.3914691030806035,3.0305045560316235,HIGH
validation,SLC,36076e547370064ev,36076e547370064ev_043.63724947000000042863_015.20445272999999986041,S1A_IW_SLC__1SDV_20200613T051117_20200613T051144_032994_03D25F_B3C5,1,43.63724947,15.20445273,7848.0,4550.0,4552.0,7842.0,4549.0,7851.0,14.51342204,ais/manual,True,True,9999.99,9999.99,HIGH
validation,SLC,36076e547370064ev,36076e547370064ev_043.48833982000000020207_014.29979411000000055765,S1A_IW_SLC__1SDV_20200613T051117_20200613T051144_032994_03D25F_B3C5,2,43.48833982,14.29979411,4891.0,1568.0,1574.0,4872.0,1562.0,4908.0,158.3912322,ais/manual,True,False,9999.99,9999.99,HIGH
validation,SLC,36076e547370064ev,36076e547370064ev_043.54605555999999921823_015.31530640000000076384,S1A_IW_SLC__1SDV_20200613T051117_20200613T051144_032994_03D25F_B3C5,1,43.54605556,15.3153064,5382.0,3956.0,3958.0,5376.0,3955.0,5385.0,26.0,ais/manual,True,True,9999.99,9999.99,HIGH
validation,SLC,36076e547370064ev,36076e547370064ev_043.64739466000000334134_013.40009934000000058063,S1A_IW_SLC__1SDV_20200613T051117_20200613T051144_032994_03D25F_B3C5,3,43.64739466,13.40009934,1422.0,2401.0,2405.0,1408.0,2397.0,1432.0,32.4595458,ais/manual,True,False,1.3694686083671754,1.328165651557323,HIGH
validation,SLC,36076e547370064ev,36076e547370064ev_043.34637774000000121077_014.04380779000000067924,S1A_IW_SLC__1SDV_20200613T051117_20200613T051144_032994_03D25F_B3C5,2,43.34637774,14.04380779,9532.0,193.0,198.0,9516.0,188.0,9548.0,107.1,ais/manual,True,False,9999.99,9999.99,HIGH
validation,SLC,36076e547370064ev,36076e547370064ev_044.50256539000000088890_014.08133517999999995141,S1A_IW_SLC__1SDV_20200613T051117_20200613T051144_032994_03D25F_B3C5,2,44.50256539,14.08133518,14752.0,9325.0,9327.0,14746.0,9324.0,14756.0,17.25,ais/manual,True,True,9999.99,9999.99,HIGH
validation,SLC,36076e547370064ev,36076e547370064ev_044.03627065999999956603_013.75521932999999918934,S1A_IW_SLC__1SDV_20200613T051117_20200613T051144_032994_03D25F_B3C5,2,44.03627066,13.75521933,19388.0,5337.0,5341.0,19380.0,5333.0,19396.0,28.56621159,ais/manual,True,False,9999.99,9999.99,HIGH
validation,SLC,36076e547370064ev,36076e547370064ev_044.71422723999999959688_012.69742358000000059803,S1A_IW_SLC__1SDV_20200613T051117_20200613T051144_032994_03D25F_B3C5,3,44.71422724,12.69742358,23528.0,10188.0,10190.0,23521.0,10187.0,23532.0,15.5385822,ais/manual,True,False,9999.99,9999.99,HIGH
validation,SLC,36076e547370064ev,36076e547370064ev_043.64392986000000007607_015.51407668999999955872,S1A_IW_SLC__1SDV_20200613T051117_20200613T051144_032994_03D25F_B3C5,1,43.64392986,15.51407669,2304.0,4938.0,4939.0,2298.0,4936.0,2309.0,23.705,ais/manual,True,True,3.536101615603417,5.27718727347348,HIGH
validation,SLC,36076e547370064ev,36076e547370064ev_043.79837521999999694344_015.46555142000000060420,S1A_IW_SLC__1SDV_20200613T051117_20200613T051144_032994_03D25F_B3C5,1,43.79837522,15.46555142,3896.0,6092.0,6096.0,3887.0,6088.0,3904.0,25.625,ais/manual,True,True,4.236758341935165,5.799054998843532,HIGH
validation,SLC,36076e547370064ev,36076e547370064ev_044.47212895999999915375_013.16298463999999945884,S1A_IW_SLC__1SDV_20200613T051117_20200613T051144_032994_03D25F_B3C5,3,44.47212896,13.16298464,11240.0,8689.0,8697.0,11221.0,8682.0,11257.0,125.1333156,ais/manual,True,False,9999.99,9999.99,HIGH
validation,SLC,36076e547370064ev,36076e547370064ev_043.38885484000000047899_014.50997154999999949609,S1A_IW_SLC__1SDV_20200613T051117_20200613T051144_032994_03D25F_B3C5,1,43.38885484,14.50997155,20023.0,1872.0,1879.0,19997.0,1865.0,20047.0,155.4893084,ais/manual,True,False,9999.99,9999.99,HIGH
validation,SLC,36076e547370064ev,36076e547370064ev_043.62205579999999827123_015.19101522999999964725,S1A_IW_SLC__1SDV_20200613T051117_20200613T051144_032994_03D25F_B3C5,1,43.6220558,15.19101523,8022.0,4417.0,4419.0,8014.0,4415.0,8027.0,28.2,ais/manual,True,True,9999.99,9999.99,HIGH
validation,SLC,13dd786ee6c95e06v,13dd786ee6c95e06v_043.99723261999999834870_012.73529027999999918563,S1A_IW_SLC__1SDV_20200618T051929_20200618T051956_033067_03D4A2_167D,1,43.99723262,12.73529028,17473.0,5954.0,5955.0,17464.0,5951.0,17479.0,18.0,ais/manual,True,True,2.942164153685221,2.635147367254401,HIGH
validation,SLC,13dd786ee6c95e06v,13dd786ee6c95e06v_044.67827565000000333839_012.34199745999999997537,S1A_IW_SLC__1SDV_20200618T051929_20200618T051956_033067_03D4A2_167D,2,44.67827565,12.34199746,8964.0,10032.0,10034.0,8955.0,10030.0,8971.0,20.17,ais/manual,True,True,7.077733462430194,7.214989801621018,HIGH
validation,SLC,13dd786ee6c95e06v,13dd786ee6c95e06v_044.20696444000000013830_013.35946035999999992328,S1A_IW_SLC__1SDV_20200618T051929_20200618T051956_033067_03D4A2_167D,1,44.20696444,13.35946036,6733.0,8253.0,8254.0,6728.0,8252.0,6738.0,22.56,ais/manual,True,True,9999.99,9999.99,HIGH
validation,SLC,13dd786ee6c95e06v,13dd786ee6c95e06v_044.49286843000000146731_012.35546977999999995745,S1A_IW_SLC__1SDV_20200618T051929_20200618T051956_033067_03D4A2_167D,2,44.49286843,12.35546978,7727.0,8587.0,8589.0,7718.0,8586.0,7733.0,26.44417917,ais/manual,True,False,4.812628685137582,5.41764258969146,HIGH
validation,SLC,13dd786ee6c95e06v,13dd786ee6c95e06v_044.61768375999999847181_012.35724326999999966858,S1A_IW_SLC__1SDV_20200618T051929_20200618T051956_033067_03D4A2_167D,2,44.61768376,12.35724327,8335.0,9570.0,9574.0,8330.0,9567.0,8340.0,13.72,ais/manual,True,True,6.42139369166488,6.382503160031179,HIGH
validation,SLC,13dd786ee6c95e06v,13dd786ee6c95e06v_044.12580161000000344984_012.79062648999999929345,S1A_IW_SLC__1SDV_20200618T051929_20200618T051956_033067_03D4A2_167D,1,44.12580161,12.79062649,17037.0,7019.0,7021.0,17029.0,7017.0,17045.0,21.7,ais/manual,True,True,9999.99,9999.99,HIGH
validation,SLC,13dd786ee6c95e06v,13dd786ee6c95e06v_044.16777773999999823218_012.63008465999999963003,S1A_IW_SLC__1SDV_20200618T051929_20200618T051956_033067_03D4A2_167D,1,44.16777774,12.63008466,20418.0,7183.0,7186.0,20412.0,7181.0,20425.0,15.74,ais/manual,True,True,9999.99,9999.99,HIGH
validation,SLC,13dd786ee6c95e06v,13dd786ee6c95e06v_044.68508681000000137828_012.27203006999999956861,S1A_IW_SLC__1SDV_20200618T051929_20200618T051956_033067_03D4A2_167D,2,44.68508681,12.27203007,10455.0,10016.0,10018.0,10449.0,10015.0,10462.0,18.39,ais/manual,True,True,1.8047939587538069,2.013735530864794,HIGH
validation,SLC,13dd786ee6c95e06v,13dd786ee6c95e06v_044.02335355000000305381_012.96550251000000031354,S1A_IW_SLC__1SDV_20200618T051929_20200618T051956_033067_03D4A2_167D,1,44.02335355,12.96550251,13149.0,6398.0,6400.0,13143.0,6396.0,13156.0,27.38,ais/manual,True,True,9999.99,9999.99,HIGH
validation,SLC,13dd786ee6c95e06v,13dd786ee6c95e06v_044.26286289000000095939_012.50812690999999965413,S1A_IW_SLC__1SDV_20200618T051929_20200618T051956_033067_03D4A2_167D,2,44.26286289,12.50812691,3420.0,6933.0,6934.0,3414.0,6932.0,3423.0,17.9,ais/manual,True,True,9999.99,9999.99,HIGH
validation,SLC,13dd786ee6c95e06v,13dd786ee6c95e06v_044.67658937000000207718_012.27432162000000026580,S1A_IW_SLC__1SDV_20200618T051929_20200618T051956_033067_03D4A2_167D,2,44.67658937,12.27432162,10363.0,9952.0,9954.0,10357.0,9950.0,10368.0,21.98,ais/manual,True,True,1.7096888025201589,1.874841511687762,HIGH
validation,SLC,13dd786ee6c95e06v,13dd786ee6c95e06v_044.67486547000000030039_012.30026645000000051766,S1A_IW_SLC__1SDV_20200618T051929_20200618T051956_033067_03D4A2_167D,2,44.67486547,12.30026645,9814.0,9964.0,9965.0,9807.0,9962.0,9817.0,16.12,ais/manual,True,True,3.7660170376543287,3.8826297332776543,HIGH
validation,SLC,13dd786ee6c95e06v,13dd786ee6c95e06v_044.07659882000000095559_012.58814560999999976332,S1A_IW_SLC__1SDV_20200618T051929_20200618T051956_033067_03D4A2_167D,2,44.07659882,12.58814561,857.0,5552.0,5554.0,846.0,5550.0,866.0,24.00784339,ais/manual,True,False,0.6844198449169536,0.4646338648419818,HIGH
validation,SLC,13dd786ee6c95e06v,13dd786ee6c95e06v_044.16081896000000028835_013.25881182000000002574,S1A_IW_SLC__1SDV_20200618T051929_20200618T051956_033067_03D4A2_167D,1,44.16081896,13.25881182,8342.0,7784.0,7786.0,8334.0,7783.0,8347.0,24.00614543,ais/manual,True,True,9999.99,9999.99,HIGH
validation,SLC,13dd786ee6c95e06v,13dd786ee6c95e06v_044.50894753000000036991_012.45287146999999983166,S1A_IW_SLC__1SDV_20200618T051929_20200618T051956_033067_03D4A2_167D,2,44.50894753,12.45287147,5808.0,8811.0,8815.0,5787.0,8806.0,5828.0,156.89655180000003,ais/manual,True,False,9999.99,9999.99,HIGH
validation,SLC,13dd786ee6c95e06v,13dd786ee6c95e06v_044.05839278999999919506_012.91648570999999989795,S1A_IW_SLC__1SDV_20200618T051929_20200618T051956_033067_03D4A2_167D,1,44.05839279,12.91648571,14262.0,6621.0,6625.0,14252.0,6618.0,14269.0,26.275,ais/manual,True,True,9999.99,9999.99,HIGH
validation,SLC,13dd786ee6c95e06v,13dd786ee6c95e06v_044.18587549000000080923_012.47071165999999919904,S1A_IW_SLC__1SDV_20200618T051929_20200618T051956_033067_03D4A2_167D,2,44.18587549,12.47071166,3784.0,6291.0,6292.0,3778.0,6288.0,3791.0,15.6,ais/manual,True,True,2.8282055479108053,2.344075635972636,HIGH
validation,SLC,13dd786ee6c95e06v,13dd786ee6c95e06v_044.16016564000000244050_012.51345655999999983976,S1A_IW_SLC__1SDV_20200618T051929_20200618T051956_033067_03D4A2_167D,2,44.16016564,12.51345656,2786.0,6132.0,6134.0,2780.0,6130.0,2790.0,22.32,ais/manual,True,True,3.6091147372875496,3.25985894302004,HIGH
validation,SLC,13dd786ee6c95e06v,13dd786ee6c95e06v_044.66083520000000106620_012.49428351000000070314,S1A_IW_SLC__1SDV_20200618T051929_20200618T051956_033067_03D4A2_167D,2,44.6608352,12.49428351,5744.0,10046.0,10047.0,5738.0,10044.0,5748.0,25.64,ais/manual,True,True,9999.99,9999.99,HIGH
validation,SLC,13dd786ee6c95e06v,13dd786ee6c95e06v_044.65788904000000059114_012.37521863000000088562,S1A_IW_SLC__1SDV_20200618T051929_20200618T051956_033067_03D4A2_167D,2,44.65788904,12.37521863,8172.0,9904.0,9908.0,8161.0,9900.0,8182.0,14.96,ais/manual,True,True,9.049327332731576,9.02031261902009,HIGH
validation,SLC,13dd786ee6c95e06v,13dd786ee6c95e06v_043.82240294999999719039_013.20774656000000035760,S1A_IW_SLC__1SDV_20200618T051929_20200618T051956_033067_03D4A2_167D,1,43.82240295,13.20774656,7630.0,5081.0,5083.0,7625.0,5079.0,7633.0,16.8,ais/manual,True,True,7.909942162785274,7.499512456763336,HIGH
validation,SLC,13dd786ee6c95e06v,13dd786ee6c95e06v_044.22423889000000229998_012.67890017999999940912,S1A_IW_SLC__1SDV_20200618T051929_20200618T051956_033067_03D4A2_167D,1,44.22423889,12.67890018,19734.0,7677.0,7680.0,19727.0,7673.0,19741.0,21.7,ais/manual,True,True,9999.99,9999.99,HIGH
validation,SLC,13dd786ee6c95e06v,13dd786ee6c95e06v_044.14972548000000074353_012.54690571000000076651,S1A_IW_SLC__1SDV_20200618T051929_20200618T051956_033067_03D4A2_167D,2,44.14972548,12.54690571,2058.0,6084.0,6086.0,2052.0,6082.0,2064.0,21.8,ais/manual,True,True,5.019549646672268,4.781597626431218,HIGH
validation,SLC,13dd786ee6c95e06v,13dd786ee6c95e06v_043.74571705999999693404_013.45619521000000062827,S1A_IW_SLC__1SDV_20200618T051929_20200618T051956_033067_03D4A2_167D,1,43.74571706,13.45619521,2793.0,4749.0,4752.0,2785.0,4747.0,2799.0,25.3,ais/manual,True,True,9999.99,9999.99,HIGH
validation,SLC,13dd786ee6c95e06v,13dd786ee6c95e06v_044.74670128999999718644_012.44484575999999975693,S1A_IW_SLC__1SDV_20200618T051929_20200618T051956_033067_03D4A2_167D,2,44.74670129,12.44484576,7198.0,10671.0,10673.0,7191.0,10670.0,7201.0,17.15,ais/manual,True,True,6.103096083053477,5.912509589105846,HIGH
validation,SLC,13dd786ee6c95e06v,13dd786ee6c95e06v_044.03608249999999912916_012.91252549000000016122,S1A_IW_SLC__1SDV_20200618T051929_20200618T051956_033067_03D4A2_167D,1,44.0360825,12.91252549,14226.0,6442.0,6445.0,14218.0,6440.0,14232.0,23.28,ais/manual,True,True,9999.99,9999.99,HIGH
validation,SLC,13dd786ee6c95e06v,13dd786ee6c95e06v_044.14907500999999712121_012.55856125000000034220,S1A_IW_SLC__1SDV_20200618T051929_20200618T051956_033067_03D4A2_167D,2,44.14907501,12.55856125,1820.0,6091.0,6093.0,1811.0,6088.0,1827.0,18.72,ais/manual,True,True,5.683645890989449,5.54342841876645,HIGH
validation,SLC,13dd786ee6c95e06v,13dd786ee6c95e06v_044.42320734999999842785_013.73381267999999977292,S1A_IW_SLC__1SDV_20200618T051929_20200618T051956_033067_03D4A2_167D,1,44.42320735,13.73381268,1171.0,10347.0,10350.0,1160.0,10343.0,1179.0,84.21420483,ais/manual,True,False,9999.99,9999.99,HIGH
validation,SLC,13dd786ee6c95e06v,13dd786ee6c95e06v_044.50581279000000023416_012.41753250000000008413,S1A_IW_SLC__1SDV_20200618T051929_20200618T051956_033067_03D4A2_167D,2,44.50581279,12.4175325,6515.0,8751.0,8753.0,6502.0,8749.0,6527.0,90.98246639,ais/manual,True,False,9.901670734346991,9999.99,HIGH
validation,SLC,13dd786ee6c95e06v,13dd786ee6c95e06v_044.50761750000000205318_012.37040217999999924814,S1A_IW_SLC__1SDV_20200618T051929_20200618T051956_033067_03D4A2_167D,2,44.5076175,12.37040218,7494.0,8718.0,8723.0,7478.0,8713.0,7508.0,69.6832755,ais/manual,True,False,6.317602153157131,6.721913897429633,HIGH
validation,SLC,13dd786ee6c95e06v,13dd786ee6c95e06v_044.65119903000000078919_012.38182632000000005235,S1A_IW_SLC__1SDV_20200618T051929_20200618T051956_033067_03D4A2_167D,2,44.65119903,12.38182632,8001.0,9858.0,9861.0,7990.0,9854.0,8011.0,15.72,ais/manual,True,True,9.248143803414084,9.19058809018484,HIGH
validation,SLC,9b89b9dcce7dc85ev,9b89b9dcce7dc85ev_006.32550033900000041598_003.19818543399999999366,S1A_IW_SLC__1SDV_20200630T053000_20200630T053030_033242_03D9F7_9D63,3,6.325500339,3.1981854339999995,16462.0,8016.0,8025.0,16415.0,8007.0,16510.0,182.985432,ais/manual,True,False,8.707744012870588,8.457731103387882,HIGH
validation,SLC,9b89b9dcce7dc85ev,9b89b9dcce7dc85ev_006.37840832000000013124_004.12425267800000039387,S1A_IW_SLC__1SDV_20200630T053000_20200630T053030_033242_03D9F7_9D63,2,6.37840832,4.124252678,11811.0,9420.0,9424.0,11800.0,9416.0,11822.0,41.81685783,ais/manual,True,False,2.790589010406665,2.659826007606799,HIGH
validation,SLC,9b89b9dcce7dc85ev,9b89b9dcce7dc85ev_006.36889887400000009876_003.99847641599999992224,S1A_IW_SLC__1SDV_20200630T053000_20200630T053030_033242_03D9F7_9D63,2,6.368898874,3.998476416,15483.0,9147.0,9153.0,15466.0,9142.0,15500.0,20.97971553,ais/manual,True,False,6.203684170341093,5.402242533200433,HIGH
validation,SLC,9b89b9dcce7dc85ev,9b89b9dcce7dc85ev_005.43121209899999968229_004.95622506700000009516,S1A_IW_SLC__1SDV_20200630T053000_20200630T053030_033242_03D9F7_9D63,1,5.431212099,4.956225067,3887.0,2967.0,2984.0,3858.0,2949.0,3913.0,240.1687969,ais/manual,True,False,9999.99,9999.99,HIGH
validation,SLC,9b89b9dcce7dc85ev,9b89b9dcce7dc85ev_005.76623248200000038111_004.49483120799999991135,S1A_IW_SLC__1SDV_20200630T053000_20200630T053030_033242_03D9F7_9D63,1,5.766232482,4.494831208,17681.0,4813.0,4816.0,17669.0,4809.0,17693.0,50.08408303,ais/manual,True,False,9999.99,9999.99,HIGH
validation,SLC,9b89b9dcce7dc85ev,9b89b9dcce7dc85ev_005.38520801199999965547_005.08750982300000043068,S1A_IW_SLC__1SDV_20200630T053000_20200630T053030_033242_03D9F7_9D63,1,5.3852080120000005,5.087509823,462.0,2823.0,2825.0,457.0,2822.0,468.0,26.95480625,ais/manual,True,True,9999.99,9999.99,HIGH
validation,SLC,9b89b9dcce7dc85ev,9b89b9dcce7dc85ev_006.32451215299999969233_003.17919819900000000246,S1A_IW_SLC__1SDV_20200630T053000_20200630T053030_033242_03D9F7_9D63,3,6.324512153,3.179198199,17078.0,7978.0,7984.0,17037.0,7973.0,17120.0,178.5379064,ais/manual,True,False,8.758475379421329,8.432884583841727,HIGH
validation,SLC,9b89b9dcce7dc85ev,9b89b9dcce7dc85ev_005.41550330899999998735_005.03159308700000007519,S1A_IW_SLC__1SDV_20200630T053000_20200630T053030_033242_03D9F7_9D63,1,5.415503309,5.031593087,1962.0,2967.0,2973.0,1952.0,2961.0,1972.0,28.79184254,ais/manual,True,True,9999.99,9999.99,HIGH
validation,SLC,9b89b9dcce7dc85ev,9b89b9dcce7dc85ev_006.25621045799999997428_003.36106215700000010571,S1A_IW_SLC__1SDV_20200630T053000_20200630T053030_033242_03D9F7_9D63,3,6.256210457999999,3.361062157,10716.0,7737.0,7743.0,10675.0,7731.0,10757.0,170.89497240000003,ais/manual,True,False,9999.99,9999.99,HIGH
validation,SLC,9b89b9dcce7dc85ev,9b89b9dcce7dc85ev_006.29009794400000021852_004.00899164800000029629,S1A_IW_SLC__1SDV_20200630T053000_20200630T053030_033242_03D9F7_9D63,2,6.290097943999998,4.008991648,14689.0,8555.0,8557.0,14683.0,8553.0,14696.0,25.19928583,ais/manual,True,True,9999.99,9999.99,HIGH
validation,SLC,9b89b9dcce7dc85ev,9b89b9dcce7dc85ev_005.46617037399999983194_004.90987260300000016855,S1A_IW_SLC__1SDV_20200630T053000_20200630T053030_033242_03D9F7_9D63,1,5.466170374,4.909872603,5217.0,3162.0,3165.0,5210.0,3159.0,5223.0,24.38426156,ais/manual,True,True,9999.99,9999.99,HIGH
validation,SLC,9b89b9dcce7dc85ev,9b89b9dcce7dc85ev_005.46248666899999957280_004.98627992199999958700,S1A_IW_SLC__1SDV_20200630T053000_20200630T053030_033242_03D9F7_9D63,1,5.462486669,4.986279922,3305.0,3257.0,3261.0,3296.0,3253.0,3314.0,34.12560461,ais/manual,True,True,9999.99,9999.99,HIGH
validation,SLC,9b89b9dcce7dc85ev,9b89b9dcce7dc85ev_006.37043910099999965979_003.39233624299999991791,S1A_IW_SLC__1SDV_20200630T053000_20200630T053030_033242_03D9F7_9D63,3,6.3704391010000005,3.392336243,10457.0,8670.0,8674.0,10445.0,8667.0,10468.0,62.37468305,ais/manual,True,False,2.6634840957466825,2.917113398669802,HIGH
validation,SLC,9b89b9dcce7dc85ev,9b89b9dcce7dc85ev_006.36592729300000037540_003.37732321199999985240,S1A_IW_SLC__1SDV_20200630T053000_20200630T053030_033242_03D9F7_9D63,3,6.365927293,3.377323212,10910.0,8612.0,8615.0,10902.0,8609.0,10918.0,26.49093979,ais/manual,True,False,3.3378676963080545,3.484748440046384,HIGH
validation,SLC,9b89b9dcce7dc85ev,9b89b9dcce7dc85ev_006.32310476500000007150_003.42267872899999980874,S1A_IW_SLC__1SDV_20200630T053000_20200630T053030_033242_03D9F7_9D63,3,6.323104765,3.422678729,9175.0,8352.0,8363.0,9135.0,8341.0,9214.0,173.79037730000005,ais/manual,True,False,8.368680890585182,8.797248238472529,HIGH
validation,SLC,9b89b9dcce7dc85ev,9b89b9dcce7dc85ev_005.98933292400000016897_004.49425246499999975214,S1A_IW_SLC__1SDV_20200630T053000_20200630T053030_033242_03D9F7_9D63,1,5.989332924,4.494252465,18950.0,6534.0,6536.0,18944.0,6532.0,18956.0,28.12928594,ais/manual,True,True,9999.99,9999.99,HIGH
validation,SLC,9b89b9dcce7dc85ev,9b89b9dcce7dc85ev_006.31201753800000009420_003.20848719999999998365,S1A_IW_SLC__1SDV_20200630T053000_20200630T053030_033242_03D9F7_9D63,3,6.312017537999999,3.2084872000000004,16035.0,7928.0,7938.0,15990.0,7918.0,16081.0,183.4322086,ais/manual,True,False,9999.99,9.87684417662043,HIGH
validation,SLC,9b89b9dcce7dc85ev,9b89b9dcce7dc85ev_006.33748476500000013090_003.29665249399999993329,S1A_IW_SLC__1SDV_20200630T053000_20200630T053030_033242_03D9F7_9D63,3,6.337484765,3.296652494,13331.0,8264.0,8271.0,13308.0,8257.0,13354.0,29.03634606,ais/manual,True,True,7.229463612662676,7.556897876454577,HIGH
validation,SLC,9b89b9dcce7dc85ev,9b89b9dcce7dc85ev_006.35537591399999968189_003.32984618600000015221,S1A_IW_SLC__1SDV_20200630T053000_20200630T053030_033242_03D9F7_9D63,3,6.355375914,3.329846186,12373.0,8455.0,8463.0,12344.0,8447.0,12402.0,114.1214215,ais/manual,True,False,5.0340538633694445,5.016616900348685,HIGH
validation,SLC,9b89b9dcce7dc85ev,9b89b9dcce7dc85ev_005.51465331899999977594_005.03986729300000035892,S1A_IW_SLC__1SDV_20200630T053000_20200630T053030_033242_03D9F7_9D63,1,5.514653319,5.039867293,2258.0,3745.0,3749.0,2247.0,3741.0,2269.0,33.48092713,ais/manual,True,False,9999.99,9999.99,HIGH
validation,SLC,9b89b9dcce7dc85ev,9b89b9dcce7dc85ev_006.29111875600000036712_003.21381291199999985508,S1A_IW_SLC__1SDV_20200630T053000_20200630T053030_033242_03D9F7_9D63,3,6.291118756,3.213812912,15722.0,7775.0,7779.0,15696.0,7770.0,15749.0,32.56948524,ais/manual,True,False,9999.99,9999.99,HIGH
validation,SLC,9b89b9dcce7dc85ev,9b89b9dcce7dc85ev_006.36266714499999963550_003.38220344799999983465,S1A_IW_SLC__1SDV_20200630T053000_20200630T053030_033242_03D9F7_9D63,3,6.362667145,3.3822034480000003,10732.0,8594.0,8597.0,10721.0,8592.0,10742.0,47.96602831,ais/manual,True,False,3.6330487377441454,3.8077336119321714,HIGH
validation,SLC,9b89b9dcce7dc85ev,9b89b9dcce7dc85ev_005.46662963400000023739_005.04484643300000001886,S1A_IW_SLC__1SDV_20200630T053000_20200630T053030_033242_03D9F7_9D63,1,5.466629633999999,5.044846433,1896.0,3383.0,3392.0,1879.0,3373.0,1913.0,120.2359004,ais/manual,True,False,9999.99,9999.99,HIGH
validation,SLC,9b89b9dcce7dc85ev,9b89b9dcce7dc85ev_006.37625880399999989123_003.35029478200000019328,S1A_IW_SLC__1SDV_20200630T053000_20200630T053030_033242_03D9F7_9D63,3,6.376258804,3.350294782,11849.0,8649.0,8655.0,11819.0,8643.0,11879.0,98.37142334,ais/manual,True,False,2.615528166763737,2.6489880810194424,HIGH
validation,SLC,9b89b9dcce7dc85ev,9b89b9dcce7dc85ev_006.31763107699999970635_003.36399767599999988121,S1A_IW_SLC__1SDV_20200630T053000_20200630T053030_033242_03D9F7_9D63,3,6.317631077000001,3.3639976760000003,11023.0,8217.0,8222.0,11002.0,8212.0,11044.0,54.32421847,ais/manual,True,False,8.80114726476292,8.94042080830311,HIGH
validation,SLC,9b89b9dcce7dc85ev,9b89b9dcce7dc85ev_006.36274774099999973487_003.39531422100000002118,S1A_IW_SLC__1SDV_20200630T053000_20200630T053030_033242_03D9F7_9D63,3,6.3627477410000015,3.395314221,10311.0,8616.0,8620.0,10293.0,8611.0,10326.0,52.22083035,ais/manual,True,False,3.498224718475839,3.7691924265887,HIGH
validation,SLC,9b89b9dcce7dc85ev,9b89b9dcce7dc85ev_006.31852229999999970289_003.22865176800000019952,S1A_IW_SLC__1SDV_20200630T053000_20200630T053030_033242_03D9F7_9D63,3,6.3185223,3.228651768,15419.0,8010.0,8015.0,15407.0,8005.0,15432.0,185.6340693,ais/manual,True,False,9.516932381270154,9.239646442505558,HIGH
validation,SLC,9b89b9dcce7dc85ev,9b89b9dcce7dc85ev_006.34633931100000037162_003.31465046400000007409,S1A_IW_SLC__1SDV_20200630T053000_20200630T053030_033242_03D9F7_9D63,3,6.346339311,3.314650464,12805.0,8361.0,8367.0,12775.0,8356.0,12835.0,102.0020209,ais/manual,True,False,6.120320234565427,6.415413652347683,HIGH
validation,SLC,9b89b9dcce7dc85ev,9b89b9dcce7dc85ev_005.45532186800000040705_004.99302282100000027754,S1A_IW_SLC__1SDV_20200630T053000_20200630T053030_033242_03D9F7_9D63,1,5.455321868,4.993022821,3104.0,3212.0,3215.0,3098.0,3210.0,3109.0,25.29928834,ais/manual,True,True,9999.99,9999.99,HIGH
validation,SLC,9b89b9dcce7dc85ev,9b89b9dcce7dc85ev_005.26767732500000018803_004.97771277899999997629,S1A_IW_SLC__1SDV_20200630T053000_20200630T053030_033242_03D9F7_9D63,1,5.267677325,4.977712779,2531.0,1741.0,1747.0,2519.0,1735.0,2544.0,29.66751134,ais/manual,True,True,9999.99,9999.99,HIGH
validation,SLC,9b89b9dcce7dc85ev,9b89b9dcce7dc85ev_006.34592311799999997390_004.04526121099999969033,S1A_IW_SLC__1SDV_20200630T053000_20200630T053030_033242_03D9F7_9D63,2,6.345923117999999,4.0452612110000015,13949.0,9044.0,9054.0,13926.0,9034.0,13972.0,134.4,ais/manual,True,False,7.911833988497793,7.812944307437404,HIGH
validation,SLC,9b89b9dcce7dc85ev,9b89b9dcce7dc85ev_005.27145801099999999906_004.15967877799999996569,S1A_IW_SLC__1SDV_20200630T053000_20200630T053030_033242_03D9F7_9D63,2,5.271458011,4.159678778,4242.0,927.0,930.0,4232.0,924.0,4251.0,48.28655235,ais/manual,True,False,9999.99,9999.99,HIGH
validation,SLC,9b89b9dcce7dc85ev,9b89b9dcce7dc85ev_006.35065184699999996099_003.36004246699999997716,S1A_IW_SLC__1SDV_20200630T053000_20200630T053030_033242_03D9F7_9D63,3,6.350651847000001,3.360042467,11367.0,8466.0,8472.0,11334.0,8461.0,11399.0,126.0692535,ais/manual,True,False,5.265215847686892,5.458178619889132,HIGH
validation,SLC,9b89b9dcce7dc85ev,9b89b9dcce7dc85ev_005.68284652300000026059_004.86941475600000028834,S1A_IW_SLC__1SDV_20200630T053000_20200630T053030_033242_03D9F7_9D63,1,5.682846522999999,4.869414756,7360.0,4769.0,4773.0,7352.0,4764.0,7367.0,26.74146001,ais/manual,True,True,9999.99,9999.99,HIGH
validation,SLC,9b89b9dcce7dc85ev,9b89b9dcce7dc85ev_005.60380398599999995923_004.87511793699999973484,S1A_IW_SLC__1SDV_20200630T053000_20200630T053030_033242_03D9F7_9D63,1,5.603803986,4.875117937,6803.0,4168.0,4173.0,6795.0,4164.0,6810.0,30.83723985,ais/manual,True,True,9999.99,9999.99,HIGH
validation,SLC,9b89b9dcce7dc85ev,9b89b9dcce7dc85ev_006.28179647099999982629_003.22510986099999996668,S1A_IW_SLC__1SDV_20200630T053000_20200630T053030_033242_03D9F7_9D63,3,6.281796471,3.2251098610000004,15291.0,7720.0,7727.0,15274.0,7713.0,15309.0,149.8005028,ais/manual,True,False,9999.99,9999.99,HIGH
validation,SLC,9b89b9dcce7dc85ev,9b89b9dcce7dc85ev_005.38152005899999963390_004.38223813000000017581,S1A_IW_SLC__1SDV_20200630T053000_20200630T053030_033242_03D9F7_9D63,1,5.381520059,4.38223813,18599.0,1663.0,1668.0,18588.0,1658.0,18610.0,55.23293206,ais/manual,True,False,9999.99,9999.99,HIGH
validation,SLC,9b89b9dcce7dc85ev,9b89b9dcce7dc85ev_005.52771424400000022104_005.00093300200000001610,S1A_IW_SLC__1SDV_20200630T053000_20200630T053030_033242_03D9F7_9D63,1,5.5277142439999984,5.000933002,3276.0,3783.0,3787.0,3265.0,3779.0,3287.0,56.17737127,ais/manual,True,False,9999.99,9999.99,HIGH
validation,SLC,9b89b9dcce7dc85ev,9b89b9dcce7dc85ev_006.25856024800000021457_003.19400157400000006547,S1A_IW_SLC__1SDV_20200630T053000_20200630T053030_033242_03D9F7_9D63,3,6.258560247999999,3.194001574,16154.0,7491.0,7499.0,16113.0,7483.0,16192.0,164.6612914,ais/manual,True,False,9999.99,9999.99,HIGH
validation,SLC,9b89b9dcce7dc85ev,9b89b9dcce7dc85ev_006.25819119199999995828_003.21262426500000009000,S1A_IW_SLC__1SDV_20200630T053000_20200630T053030_033242_03D9F7_9D63,3,6.258191192000001,3.212624265,15543.0,7518.0,7524.0,15501.0,7512.0,15585.0,176.3538561,ais/manual,True,False,9999.99,9999.99,HIGH
validation,SLC,9b89b9dcce7dc85ev,9b89b9dcce7dc85ev_005.35782324899999995438_004.34239156699999995226,S1A_IW_SLC__1SDV_20200630T053000_20200630T053030_033242_03D9F7_9D63,1,5.357823249,4.342391567,19561.0,1416.0,1430.0,19534.0,1402.0,19588.0,,ais/manual,True,False,9999.99,9999.99,HIGH
validation,SLC,9b89b9dcce7dc85ev,9b89b9dcce7dc85ev_006.36090478599999986642_004.10441618900000015913,S1A_IW_SLC__1SDV_20200630T053000_20200630T053030_033242_03D9F7_9D63,2,6.360904786,4.104416189,12290.0,9254.0,9260.0,12275.0,9247.0,12305.0,55.62602059,ais/manual,True,False,5.101661834236877,4.129863374094152,HIGH
validation,SLC,9b89b9dcce7dc85ev,9b89b9dcce7dc85ev_005.38571540399999992843_005.09770458100000034563,S1A_IW_SLC__1SDV_20200630T053000_20200630T053030_033242_03D9F7_9D63,1,5.385715404,5.097704581,221.0,2844.0,2847.0,213.0,2841.0,229.0,28.40980369,ais/manual,True,True,9999.99,9999.99,HIGH
validation,SLC,9b89b9dcce7dc85ev,9b89b9dcce7dc85ev_006.34141004499999993982_003.38083154100000005116,S1A_IW_SLC__1SDV_20200630T053000_20200630T053030_033242_03D9F7_9D63,3,6.341410045,3.380831541,10637.0,8428.0,8432.0,10608.0,8423.0,10666.0,94.32659484,ais/manual,True,False,5.974544208414303,6.153764288496051,HIGH
validation,SLC,9b89b9dcce7dc85ev,9b89b9dcce7dc85ev_005.45306324600000014158_004.96504714399999969032,S1A_IW_SLC__1SDV_20200630T053000_20200630T053030_033242_03D9F7_9D63,1,5.453063246,4.965047144,3780.0,3150.0,3165.0,3760.0,3135.0,3801.0,89.24282218,ais/manual,True,False,9999.99,9999.99,HIGH
validation,SLC,9b89b9dcce7dc85ev,9b89b9dcce7dc85ev_006.37562517799999994850_003.46521911999999998599,S1A_IW_SLC__1SDV_20200630T053000_20200630T053030_033242_03D9F7_9D63,3,6.375625178,3.46521912,8157.0,8826.0,8831.0,8127.0,8820.0,8186.0,35.55232016,ais/manual,True,False,4.917994886075864,4.877742898489889,HIGH
validation,SLC,9b89b9dcce7dc85ev,9b89b9dcce7dc85ev_005.40320504399999990142_005.00521058400000029565,S1A_IW_SLC__1SDV_20200630T053000_20200630T053030_033242_03D9F7_9D63,1,5.403205044,5.005210583999999,2542.0,2830.0,2843.0,2522.0,2817.0,2563.0,114.4470559,ais/manual,True,False,9999.99,9999.99,HIGH
validation,SLC,9b89b9dcce7dc85ev,9b89b9dcce7dc85ev_006.20932582699999979781_004.50471140600000019560,S1A_IW_SLC__1SDV_20200630T053000_20200630T053030_033242_03D9F7_9D63,1,6.209325827000001,4.504711406,19904.0,8249.0,8252.0,19882.0,8245.0,19926.0,38.61720056,ais/manual,True,True,9.386912273192378,8.759983433817427,HIGH
validation,SLC,9b89b9dcce7dc85ev,9b89b9dcce7dc85ev_005.53686612200000016770_004.91262478400000013323,S1A_IW_SLC__1SDV_20200630T053000_20200630T053030_033242_03D9F7_9D63,1,5.536866122,4.912624784,5512.0,3712.0,3716.0,5503.0,3708.0,5521.0,22.38909777,ais/manual,True,True,9999.99,9999.99,HIGH
validation,SLC,9b89b9dcce7dc85ev,9b89b9dcce7dc85ev_006.32932396599999957942_003.32874466499999988045,S1A_IW_SLC__1SDV_20200630T053000_20200630T053030_033242_03D9F7_9D63,3,6.3293239660000005,3.328744665,12237.0,8252.0,8260.0,12208.0,8244.0,12264.0,73.55552393,ais/manual,True,False,7.910074827847811,7.875406652305831,HIGH
validation,SLC,9b89b9dcce7dc85ev,9b89b9dcce7dc85ev_006.35227260000000004680_003.37071281299999991887,S1A_IW_SLC__1SDV_20200630T053000_20200630T053030_033242_03D9F7_9D63,3,6.352272599999999,3.370712813,11034.0,8496.0,8503.0,11003.0,8489.0,11064.0,160.6659392,ais/manual,True,False,4.903073594667532,5.046387320208203,HIGH
validation,SLC,9b89b9dcce7dc85ev,9b89b9dcce7dc85ev_006.30631181399999984905_003.22448754299999995609,S1A_IW_SLC__1SDV_20200630T053000_20200630T053030_033242_03D9F7_9D63,3,6.306311814,3.224487543,15474.0,7909.0,7912.0,15463.0,7906.0,15485.0,29.82529778,ais/manual,True,False,9999.99,9999.99,HIGH
validation,SLC,9b89b9dcce7dc85ev,9b89b9dcce7dc85ev_005.27026238399999957807_004.50658068899999975088,S1A_IW_SLC__1SDV_20200630T053000_20200630T053030_033242_03D9F7_9D63,1,5.270262384,4.506580689,14608.0,1004.0,1013.0,14558.0,995.0,14659.0,187.031418,ais/manual,True,False,9999.99,9999.99,HIGH
validation,SLC,9b89b9dcce7dc85ev,9b89b9dcce7dc85ev_006.26616646599999960188_003.17275954800000015155,S1A_IW_SLC__1SDV_20200630T053000_20200630T053030_033242_03D9F7_9D63,3,6.2661664660000005,3.172759548,16901.0,7517.0,7530.0,16858.0,7503.0,16944.0,173.8836461,ais/manual,True,False,9999.99,9999.99,HIGH
validation,SLC,9b89b9dcce7dc85ev,9b89b9dcce7dc85ev_005.55923542399999970343_004.98362374700000021477,S1A_IW_SLC__1SDV_20200630T053000_20200630T053030_033242_03D9F7_9D63,1,5.559235424,4.983623747,3862.0,3998.0,4003.0,3848.0,3994.0,3876.0,24.81803878,ais/manual,True,True,9999.99,9999.99,HIGH
validation,SLC,9b89b9dcce7dc85ev,9b89b9dcce7dc85ev_006.30124016600000036448_003.23759471500000017841,S1A_IW_SLC__1SDV_20200630T053000_20200630T053030_033242_03D9F7_9D63,3,6.301240166,3.237594715,15013.0,7890.0,7895.0,14972.0,7886.0,15053.0,78.14723305,ais/manual,True,False,9999.99,9999.99,HIGH
validation,SLC,cdc04ca397865356v,cdc04ca397865356v_063.41901328000000148677_-20.18413827999999909935,S1A_IW_SLC__1SDV_20200706T074222_20200706T074242_033331_03DC92_2526,3,63.41901328,-20.18413828,4902.0,6218.0,6239.0,4866.0,6197.0,4935.0,66.74,ais/manual,True,True,2.705876131869454,2.982721648314261,HIGH
validation,SLC,cdc04ca397865356v,cdc04ca397865356v_063.37701358999999712296_-20.36134484999999827437,S1A_IW_SLC__1SDV_20200706T074222_20200706T074242_033331_03DC92_2526,3,63.37701359,-20.36134485,7193.0,5774.0,5775.0,7187.0,5774.0,7197.0,15.28427607,ais/manual,True,True,1.3223079682488472,4.46165382447166,HIGH
validation,SLC,cdc04ca397865356v,cdc04ca397865356v_062.86274891000000053509_-19.98403250999999869464,S1A_IW_SLC__1SDV_20200706T074222_20200706T074242_033331_03DC92_2526,2,62.86274891,-19.98403251,22559.0,1469.0,1475.0,22538.0,1462.0,22579.0,72.8,ais/manual,True,True,9999.99,9999.99,HIGH
validation,SLC,cdc04ca397865356v,cdc04ca397865356v_063.47395775999999756323_-20.52655887999999961835,S1A_IW_SLC__1SDV_20200706T074222_20200706T074242_033331_03DC92_2526,3,63.47395776,-20.52655888,10114.0,6443.0,6446.0,10107.0,6440.0,10122.0,14.73,ais/manual,True,True,9.915125738069072,9999.99,HIGH
validation,SLC,cdc04ca397865356v,cdc04ca397865356v_063.37310887000000292346_-20.80939442000000028088,S1A_IW_SLC__1SDV_20200706T074222_20200706T074242_033331_03DC92_2526,3,63.37310887,-20.80939442,13673.0,5471.0,5477.0,13643.0,5465.0,13700.0,15.99134654,ais/manual,True,True,9999.99,9999.99,HIGH
validation,SLC,cdc04ca397865356v,cdc04ca397865356v_063.36698494000000181359_-20.22140492000000122630,S1A_IW_SLC__1SDV_20200706T074222_20200706T074242_033331_03DC92_2526,3,63.36698494,-20.22140492,5137.0,5782.0,5785.0,5125.0,5780.0,5147.0,59.9,ais/manual,True,True,4.499993048776491,4.575747183221127,HIGH
validation,SLC,cdc04ca397865356v,cdc04ca397865356v_062.72830145999999729156_-19.91451132999999984463,S1A_IW_SLC__1SDV_20200706T074222_20200706T074242_033331_03DC92_2526,2,62.72830146,-19.91451133,20812.0,451.0,455.0,20796.0,447.0,20829.0,68.1,ais/manual,True,True,9999.99,9999.99,HIGH
validation,SLC,cdc04ca397865356v,cdc04ca397865356v_062.85839842000000032840_-19.77550580999999851883,S1A_IW_SLC__1SDV_20200706T074222_20200706T074242_033331_03DC92_2526,2,62.85839842,-19.77550581,19606.0,1573.0,1579.0,19583.0,1566.0,19626.0,76.2,ais/manual,True,True,9999.99,9999.99,HIGH
validation,SLC,cdc04ca397865356v,cdc04ca397865356v_062.74774064000000350916_-19.83118728999999902385,S1A_IW_SLC__1SDV_20200706T074222_20200706T074242_033331_03DC92_2526,2,62.74774064,-19.83118729,19752.0,660.0,665.0,19730.0,655.0,19772.0,70.7,ais/manual,True,True,9999.99,9999.99,HIGH
validation,SLC,cdc04ca397865356v,cdc04ca397865356v_063.53732606999999887876_-17.43155996999999857167,S1A_IW_SLC__1SDV_20200706T074222_20200706T074242_033331_03DC92_2526,1,63.53732607,-17.43155997,13167.0,8138.0,8143.0,13147.0,8132.0,13183.0,67.4,ais/manual,True,True,9999.99,9999.99,HIGH
validation,SLC,cdc04ca397865356v,cdc04ca397865356v_063.39396302000000105181_-20.30092820999999858600,S1A_IW_SLC__1SDV_20200706T074222_20200706T074242_033331_03DC92_2526,3,63.39396302,-20.30092821,6424.0,5946.0,5949.0,6416.0,5944.0,6428.0,8.35,ais/manual,True,True,0.6364168561325305,0.92812619785887,HIGH
validation,SLC,cdc04ca397865356v,cdc04ca397865356v_062.77332323000000258162_-19.89776967999999968129,S1A_IW_SLC__1SDV_20200706T074222_20200706T074242_033331_03DC92_2526,2,62.77332323,-19.89776968,20833.0,818.0,827.0,20814.0,809.0,20853.0,81.19,ais/manual,True,True,9999.99,9999.99,HIGH
validation,SLC,cdc04ca397865356v,cdc04ca397865356v_062.82190865999999829228_-19.99682367000000127177,S1A_IW_SLC__1SDV_20200706T074222_20200706T074242_033331_03DC92_2526,2,62.82190866,-19.99682367,22507.0,1137.0,1143.0,22487.0,1132.0,22525.0,72.9,ais/manual,True,True,9999.99,9999.99,HIGH
validation,SLC,cdc04ca397865356v,cdc04ca397865356v_063.35720184000000188007_-20.36658153000000126553,S1A_IW_SLC__1SDV_20200706T074222_20200706T074242_033331_03DC92_2526,3,63.35720184,-20.36658153,7157.0,5614.0,5622.0,7129.0,5606.0,7185.0,8.55,ais/manual,True,True,0.0108297824947577,6.147361359260351,HIGH
validation,SLC,cdc04ca397865356v,cdc04ca397865356v_063.32762772000000239814_-19.00029453000000145835,S1A_IW_SLC__1SDV_20200706T074222_20200706T074242_033331_03DC92_2526,2,63.32762772,-19.00029453,11781.0,5808.0,5813.0,11770.0,5803.0,11792.0,28.93,ais/manual,True,True,8.383783461912603,7.709780850857941,HIGH
validation,SLC,590dd08f71056cacv,590dd08f71056cacv_006.35132934499999990408_003.34097435400000009054,S1A_IW_SLC__1SDV_20200724T053002_20200724T053032_033592_03E4A8_F5D5,3,6.351329345,3.340974354,11969.0,8441.0,8447.0,11936.0,8436.0,11999.0,104.6746869,ais/manual,True,False,5.44132699453055,5.375609407996399,HIGH
validation,SLC,590dd08f71056cacv,590dd08f71056cacv_005.41092688699999957436_005.05747753799999966162,S1A_IW_SLC__1SDV_20200724T053002_20200724T053032_033592_03E4A8_F5D5,1,5.4109268870000005,5.0574775380000005,1302.0,2975.0,2981.0,1290.0,2970.0,1314.0,25.29928834,ais/manual,True,True,9999.99,9999.99,HIGH
validation,SLC,590dd08f71056cacv,590dd08f71056cacv_006.31240965399999964802_003.21120912200000008241,S1A_IW_SLC__1SDV_20200724T053002_20200724T053032_033592_03E4A8_F5D5,3,6.312409654,3.211209122,15931.0,7935.0,7941.0,15900.0,7929.0,15962.0,165.0562732,ais/manual,True,False,9999.99,9.81823615059268,HIGH
validation,SLC,590dd08f71056cacv,590dd08f71056cacv_006.36886958399999958402_003.35445852100000019291,S1A_IW_SLC__1SDV_20200724T053002_20200724T053032_033592_03E4A8_F5D5,3,6.368869584,3.354458521,11649.0,8598.0,8605.0,11610.0,8592.0,11688.0,92.09711576,ais/manual,True,False,3.3860681669971004,3.533074380818094,HIGH
validation,SLC,590dd08f71056cacv,590dd08f71056cacv_006.36525274700000043282_004.15704996799999992874,S1A_IW_SLC__1SDV_20200724T053002_20200724T053032_033592_03E4A8_F5D5,2,6.365252747,4.157049968,10755.0,9373.0,9376.0,10747.0,9369.0,10763.0,36.5353498,ais/manual,True,False,3.5171439340840704,2.7677582773063927,HIGH
validation,SLC,590dd08f71056cacv,590dd08f71056cacv_006.31728281300000027443_003.38859862699999991875,S1A_IW_SLC__1SDV_20200724T053002_20200724T053032_033592_03E4A8_F5D5,3,6.317282812999999,3.388598627,10212.0,8253.0,8261.0,10178.0,8245.0,10247.0,164.3936059,ais/manual,True,False,8.547186670739263,8.788988737916702,HIGH
validation,SLC,590dd08f71056cacv,590dd08f71056cacv_006.27641109400000019036_003.19799542300000005923,S1A_IW_SLC__1SDV_20200724T053002_20200724T053032_033592_03E4A8_F5D5,3,6.276411094,3.197995423,16124.0,7636.0,7640.0,16109.0,7631.0,16140.0,48.92371117,ais/manual,True,False,9999.99,9999.99,HIGH
validation,SLC,590dd08f71056cacv,590dd08f71056cacv_006.26972155099999994832_003.18533632199999994228,S1A_IW_SLC__1SDV_20200724T053002_20200724T053032_033592_03E4A8_F5D5,3,6.269721551,3.185336322,16495.0,7564.0,7571.0,16452.0,7557.0,16537.0,185.6870662,ais/manual,True,False,9999.99,9999.99,HIGH
validation,SLC,590dd08f71056cacv,590dd08f71056cacv_006.39859667600000037169_003.40113831700000002201,S1A_IW_SLC__1SDV_20200724T053002_20200724T053032_033592_03E4A8_F5D5,3,6.398596676,3.401138317,10340.0,8902.0,8910.0,10320.0,8894.0,10360.0,146.0005963,ais/manual,True,False,0.569712565505292,0.6396011269482589,HIGH
validation,SLC,590dd08f71056cacv,590dd08f71056cacv_005.52690339000000019354_004.87109372200000034780,S1A_IW_SLC__1SDV_20200724T053002_20200724T053032_033592_03E4A8_F5D5,1,5.52690339,4.871093722,6493.0,3570.0,3574.0,6480.0,3567.0,6506.0,56.17737127,ais/manual,True,False,9999.99,9999.99,HIGH
validation,SLC,590dd08f71056cacv,590dd08f71056cacv_005.46986773999999975615_005.05885071500000016442,S1A_IW_SLC__1SDV_20200724T053002_20200724T053032_033592_03E4A8_F5D5,1,5.46986774,5.058850715,1563.0,3432.0,3439.0,1539.0,3424.0,1586.0,26.95480625,ais/manual,True,True,9999.99,9999.99,HIGH
validation,SLC,590dd08f71056cacv,590dd08f71056cacv_005.35829449099999965966_004.34799655000000040417,S1A_IW_SLC__1SDV_20200724T053002_20200724T053032_033592_03E4A8_F5D5,1,5.3582944910000005,4.34799655,19396.0,1431.0,1433.0,19390.0,1428.0,19403.0,49.18635417,ais/manual,True,False,9999.99,9999.99,HIGH
validation,SLC,590dd08f71056cacv,590dd08f71056cacv_006.25317583500000040431_003.34669588600000000866,S1A_IW_SLC__1SDV_20200724T053002_20200724T053032_033592_03E4A8_F5D5,3,6.253175835,3.3466958860000005,11141.0,7691.0,7698.0,11116.0,7683.0,11167.0,192.2448757,ais/manual,True,False,9999.99,9999.99,HIGH
validation,SLC,590dd08f71056cacv,590dd08f71056cacv_005.26185280899999963111_004.44305802700000018746,S1A_IW_SLC__1SDV_20200724T053002_20200724T053032_033592_03E4A8_F5D5,1,5.261852809,4.443058027,16259.0,839.0,846.0,16212.0,832.0,16305.0,187.031418,ais/manual,True,False,9999.99,9999.99,HIGH
validation,SLC,590dd08f71056cacv,590dd08f71056cacv_006.32442700300000026914_003.24331074399999996771,S1A_IW_SLC__1SDV_20200724T053002_20200724T053032_033592_03E4A8_F5D5,3,6.324427002999999,3.243310744,14962.0,8079.0,8091.0,14911.0,8066.0,15012.0,165.22582240000003,ais/manual,True,False,8.879516366514986,8.858235072154057,HIGH
validation,SLC,590dd08f71056cacv,590dd08f71056cacv_006.30845800500000031263_003.33018747599999986875,S1A_IW_SLC__1SDV_20200724T053002_20200724T053032_033592_03E4A8_F5D5,3,6.308458005,3.3301874760000003,12036.0,8093.0,8100.0,12002.0,8085.0,12068.0,126.0692535,ais/manual,True,False,9999.99,9999.99,HIGH
validation,SLC,590dd08f71056cacv,590dd08f71056cacv_006.30420441800000030952_003.69886385999999989238,S1A_IW_SLC__1SDV_20200724T053002_20200724T053032_033592_03E4A8_F5D5,3,6.304204417999999,3.69886386,334.0,8643.0,8646.0,326.0,8639.0,343.0,33.01270341,ais/manual,True,True,9999.99,9999.99,HIGH
validation,SLC,590dd08f71056cacv,590dd08f71056cacv_006.35330899399999982080_003.35652746100000021201,S1A_IW_SLC__1SDV_20200724T053002_20200724T053032_033592_03E4A8_F5D5,3,6.353308994,3.356527461,11480.0,8481.0,8483.0,11464.0,8479.0,11496.0,64.87461302,ais/manual,True,False,5.042570239034539,5.265205353880621,HIGH
validation,SLC,590dd08f71056cacv,590dd08f71056cacv_005.88403512699999975410_003.43056494899999986359,S1A_IW_SLC__1SDV_20200724T053002_20200724T053032_033592_03E4A8_F5D5,3,5.884035127000001,3.430564949,6062.0,4968.0,4979.0,6022.0,4956.0,6102.0,182.2848297,ais/manual,True,False,9999.99,9999.99,HIGH
validation,SLC,590dd08f71056cacv,590dd08f71056cacv_006.17874170099999986405_004.49017681800000012515,S1A_IW_SLC__1SDV_20200724T053002_20200724T053032_033592_03E4A8_F5D5,2,6.178741701,4.490176818,186.0,8462.0,8466.0,173.0,8457.0,198.0,26.04212316,ais/manual,True,True,9999.99,9999.99,HIGH
validation,SLC,590dd08f71056cacv,590dd08f71056cacv_006.33252847999999968209_003.31745435599999982657,S1A_IW_SLC__1SDV_20200724T053002_20200724T053032_033592_03E4A8_F5D5,3,6.33252848,3.3174543560000003,12606.0,8259.0,8268.0,12571.0,8250.0,12642.0,73.55552393,ais/manual,True,False,7.617637970567868,7.778974550564019,HIGH
validation,SLC,590dd08f71056cacv,590dd08f71056cacv_006.33534655700000026712_003.29403866799999978099,S1A_IW_SLC__1SDV_20200724T053002_20200724T053032_033592_03E4A8_F5D5,3,6.335346557,3.294038668,13384.0,8244.0,8248.0,13371.0,8239.0,13396.0,22.54033119,ais/manual,True,True,7.463824407865784,7.700195516091141,HIGH
validation,SLC,590dd08f71056cacv,590dd08f71056cacv_006.23404099099999964295_004.01431653399999976983,S1A_IW_SLC__1SDV_20200724T053002_20200724T053032_033592_03E4A8_F5D5,2,6.2340409910000005,4.014316534,14175.0,8132.0,8134.0,14171.0,8131.0,14179.0,29.66751134,ais/manual,True,True,9999.99,9999.99,HIGH
validation,SLC,590dd08f71056cacv,590dd08f71056cacv_006.34699530800000033537_003.32849402800000016001,S1A_IW_SLC__1SDV_20200724T053002_20200724T053032_033592_03E4A8_F5D5,3,6.346995308,3.328494028,12344.0,8388.0,8397.0,12300.0,8379.0,12388.0,160.6659392,ais/manual,True,False,5.96010543025065,5.941091125410605,HIGH
validation,SLC,590dd08f71056cacv,590dd08f71056cacv_006.26844922100000001564_003.20124695800000003132,S1A_IW_SLC__1SDV_20200724T053002_20200724T053032_033592_03E4A8_F5D5,3,6.268449221,3.201246958,15965.0,7579.0,7586.0,15931.0,7573.0,15999.0,157.0559504,ais/manual,True,False,9999.99,9999.99,HIGH
validation,SLC,590dd08f71056cacv,590dd08f71056cacv_005.73575924200000031306_004.50568568200000019175,S1A_IW_SLC__1SDV_20200724T053002_20200724T053032_033592_03E4A8_F5D5,1,5.735759242,4.505685682,17202.0,4597.0,4599.0,17193.0,4594.0,17211.0,50.08408303,ais/manual,True,False,9999.99,9999.99,HIGH
validation,SLC,590dd08f71056cacv,590dd08f71056cacv_006.37430573999999960932_003.34180329199999981427,S1A_IW_SLC__1SDV_20200724T053002_20200724T053032_033592_03E4A8_F5D5,3,6.37430574,3.341803292,12093.0,8620.0,8626.0,12069.0,8615.0,12117.0,127.11552749999998,ais/manual,True,False,2.901965569267204,2.836901019248714,HIGH
validation,SLC,590dd08f71056cacv,590dd08f71056cacv_005.52937497100000019401_004.89005119900000018163,S1A_IW_SLC__1SDV_20200724T053002_20200724T053032_033592_03E4A8_F5D5,1,5.529374971,4.890051199,6029.0,3620.0,3624.0,6017.0,3615.0,6041.0,65.38565012,ais/manual,True,False,9999.99,9999.99,HIGH
validation,SLC,590dd08f71056cacv,590dd08f71056cacv_006.32554869099999983462_004.27275647699999971962,S1A_IW_SLC__1SDV_20200724T053002_20200724T053032_033592_03E4A8_F5D5,2,6.325548691,4.272756477,7165.0,9250.0,9252.0,7158.0,9247.0,7172.0,38.61720056,ais/manual,True,True,6.171713117318298,5.293401562511993,HIGH
validation,SLC,590dd08f71056cacv,590dd08f71056cacv_006.28356992199999986326_003.16210672199999986987,S1A_IW_SLC__1SDV_20200724T053002_20200724T053032_033592_03E4A8_F5D5,3,6.283569922000001,3.162106722,17349.0,7634.0,7642.0,17314.0,7627.0,17383.0,152.1190229,ais/manual,True,False,9999.99,9999.99,HIGH
validation,SLC,590dd08f71056cacv,590dd08f71056cacv_005.52507960800000041957_004.90438497600000022913,S1A_IW_SLC__1SDV_20200724T053002_20200724T053032_033592_03E4A8_F5D5,1,5.525079608,4.904384976,5647.0,3610.0,3618.0,5617.0,3601.0,5676.0,189.9558819,ais/manual,True,False,9999.99,9999.99,HIGH
validation,SLC,590dd08f71056cacv,590dd08f71056cacv_006.35649982799999957450_003.31864446400000012716,S1A_IW_SLC__1SDV_20200724T053002_20200724T053032_033592_03E4A8_F5D5,3,6.356499828,3.318644464,12725.0,8446.0,8453.0,12688.0,8438.0,12762.0,112.0806619,ais/manual,True,False,4.969315887359388,5.214127081953304,HIGH
validation,SLC,590dd08f71056cacv,590dd08f71056cacv_005.35297910600000026449_004.33860057099999973929,S1A_IW_SLC__1SDV_20200724T053002_20200724T053032_033592_03E4A8_F5D5,1,5.352979106,4.3386005710000015,19625.0,1375.0,1378.0,19611.0,1371.0,19640.0,81.08647128,ais/manual,True,False,9999.99,9999.99,HIGH
validation,SLC,590dd08f71056cacv,590dd08f71056cacv_006.26509635199999959099_003.21580059299999998501,S1A_IW_SLC__1SDV_20200724T053002_20200724T053032_033592_03E4A8_F5D5,3,6.2650963520000005,3.215800593,15467.0,7576.0,7580.0,15441.0,7572.0,15493.0,143.8704411,ais/manual,True,False,9999.99,9999.99,HIGH
validation,SLC,590dd08f71056cacv,590dd08f71056cacv_005.44664523500000008482_005.02863947099999997192,S1A_IW_SLC__1SDV_20200724T053002_20200724T053032_033592_03E4A8_F5D5,1,5.446645235,5.028639471,2179.0,3204.0,3211.0,2169.0,3198.0,2190.0,22.43752889,ais/manual,True,True,9999.99,9999.99,HIGH
validation,SLC,590dd08f71056cacv,590dd08f71056cacv_005.51511013999999999413_004.96724465299999984325,S1A_IW_SLC__1SDV_20200724T053002_20200724T053032_033592_03E4A8_F5D5,1,5.51511014,4.967244653,4031.0,3634.0,3638.0,4022.0,3630.0,4040.0,63.37536832,ais/manual,True,False,9999.99,9999.99,HIGH
validation,SLC,590dd08f71056cacv,590dd08f71056cacv_006.14763206299999964699_003.62011851500000014781,S1A_IW_SLC__1SDV_20200724T053002_20200724T053032_033592_03E4A8_F5D5,3,6.147632063,3.620118515,1791.0,7307.0,7316.0,1755.0,7298.0,1828.0,125.6305512,ais/manual,True,False,9999.99,9999.99,HIGH
validation,SLC,590dd08f71056cacv,590dd08f71056cacv_005.77420762700000000933_004.89400523100000039989,S1A_IW_SLC__1SDV_20200724T053002_20200724T053032_033592_03E4A8_F5D5,1,5.774207627000001,4.894005231,7202.0,5515.0,5519.0,7186.0,5510.0,7218.0,31.16277851,ais/manual,True,False,9999.99,9999.99,HIGH
validation,SLC,590dd08f71056cacv,590dd08f71056cacv_006.36947793299999975858_003.38899940300000013238,S1A_IW_SLC__1SDV_20200724T053002_20200724T053032_033592_03E4A8_F5D5,3,6.369477933,3.388999403,10540.0,8658.0,8662.0,10525.0,8653.0,10555.0,47.96602831,ais/manual,True,False,2.781762746133984,3.0187284717520595,HIGH
validation,SLC,590dd08f71056cacv,590dd08f71056cacv_006.30872144599999984393_003.15171725399999980155,S1A_IW_SLC__1SDV_20200724T053002_20200724T053032_033592_03E4A8_F5D5,3,6.308721446,3.151717254,17858.0,7813.0,7816.0,17847.0,7810.0,17870.0,25.02740308,ais/manual,True,True,9999.99,9999.99,HIGH
validation,SLC,590dd08f71056cacv,590dd08f71056cacv_006.37720136699999962104_003.34044888400000017370,S1A_IW_SLC__1SDV_20200724T053002_20200724T053032_033592_03E4A8_F5D5,3,6.3772013670000005,3.340448884,12156.0,8641.0,8644.0,12148.0,8638.0,12164.0,47.62633751,ais/manual,True,False,2.582694913597204,2.50594316839826,HIGH
validation,SLC,590dd08f71056cacv,590dd08f71056cacv_005.39436784899999999254_005.06175158300000038736,S1A_IW_SLC__1SDV_20200724T053002_20200724T053032_033592_03E4A8_F5D5,1,5.394367849,5.061751583,1117.0,2854.0,2858.0,1108.0,2851.0,1125.0,26.29093736,ais/manual,True,True,9999.99,9999.99,HIGH
validation,SLC,590dd08f71056cacv,590dd08f71056cacv_005.72603928499999970114_004.83129015300000030919,S1A_IW_SLC__1SDV_20200724T053002_20200724T053032_033592_03E4A8_F5D5,1,5.726039285,4.831290153,8548.0,5043.0,5056.0,8521.0,5030.0,8574.0,25.36820559,ais/manual,True,True,9999.99,9999.99,HIGH
validation,SLC,590dd08f71056cacv,590dd08f71056cacv_006.35826994600000006130_003.37678454299999986077,S1A_IW_SLC__1SDV_20200724T053002_20200724T053032_033592_03E4A8_F5D5,3,6.358269946,3.3767845430000003,10860.0,8552.0,8556.0,10834.0,8547.0,10886.0,77.59637143,ais/manual,True,False,4.183131484017044,4.3401502940667065,HIGH
validation,SLC,590dd08f71056cacv,590dd08f71056cacv_006.28598226400000026359_003.24039981299999979569,S1A_IW_SLC__1SDV_20200724T053002_20200724T053032_033592_03E4A8_F5D5,3,6.285982263999999,3.240399813,14803.0,7777.0,7782.0,14775.0,7771.0,14830.0,165.9721488,ais/manual,True,False,9999.99,9999.99,HIGH
validation,SLC,590dd08f71056cacv,590dd08f71056cacv_006.34714928000000000452_003.36854858500000009514,S1A_IW_SLC__1SDV_20200724T053002_20200724T053032_033592_03E4A8_F5D5,3,6.34714928,3.368548585,11052.0,8453.0,8461.0,11026.0,8444.0,11076.0,120.2359004,ais/manual,True,False,5.492787476279854,5.629433904408265,HIGH
validation,SLC,590dd08f71056cacv,590dd08f71056cacv_005.62495628499999966721_004.99513526399999996386,S1A_IW_SLC__1SDV_20200724T053002_20200724T053032_033592_03E4A8_F5D5,1,5.624956285,4.995135264,3902.0,4526.0,4530.0,3890.0,4521.0,3913.0,29.03634606,ais/manual,True,True,9999.99,9999.99,HIGH
validation,SLC,590dd08f71056cacv,590dd08f71056cacv_006.37282330699999999268_003.39117201299999981856,S1A_IW_SLC__1SDV_20200724T053002_20200724T053032_033592_03E4A8_F5D5,3,6.372823307000001,3.3911720130000003,10492.0,8687.0,8690.0,10479.0,8684.0,10506.0,62.37468305,ais/manual,True,False,2.397160229608345,2.6389584422058445,HIGH
validation,SLC,590dd08f71056cacv,590dd08f71056cacv_006.31934401300000025969_003.41373442700000007122,S1A_IW_SLC__1SDV_20200724T053002_20200724T053032_033592_03E4A8_F5D5,3,6.319344012999999,3.413734427,9420.0,8309.0,8314.0,9393.0,8304.0,9443.0,140.35205390000002,ais/manual,True,False,8.497838922564924,8.870834682567905,HIGH
validation,SLC,590dd08f71056cacv,590dd08f71056cacv_005.55691577600000030657_004.98371562200000006726,S1A_IW_SLC__1SDV_20200724T053002_20200724T053032_033592_03E4A8_F5D5,1,5.556915776,4.983715622,3837.0,3982.0,3985.0,3827.0,3979.0,3848.0,43.34686628,ais/manual,True,False,9999.99,9999.99,HIGH
validation,SLC,590dd08f71056cacv,590dd08f71056cacv_006.29469642300000042923_003.16310466299999992756,S1A_IW_SLC__1SDV_20200724T053002_20200724T053032_033592_03E4A8_F5D5,3,6.294696423,3.163104663,17390.0,7722.0,7730.0,17349.0,7714.0,17428.0,179.6242132,ais/manual,True,False,9999.99,9999.99,HIGH
validation,SLC,590dd08f71056cacv,590dd08f71056cacv_005.42056473199999988566_004.75302097999999961786,S1A_IW_SLC__1SDV_20200724T053002_20200724T053032_033592_03E4A8_F5D5,1,5.420564732000001,4.75302098,8942.0,2561.0,2564.0,8913.0,2557.0,8972.0,101.8235391,ais/manual,True,False,9999.99,9999.99,HIGH
validation,SLC,590dd08f71056cacv,590dd08f71056cacv_005.65939078600000033958_004.89073948999999963405,S1A_IW_SLC__1SDV_20200724T053002_20200724T053032_033592_03E4A8_F5D5,1,5.659390786,4.89073949,6686.0,4624.0,4629.0,6676.0,4618.0,6696.0,27.47117043,ais/manual,True,True,9999.99,9999.99,HIGH
validation,SLC,590dd08f71056cacv,590dd08f71056cacv_005.34750823200000002799_004.35880085899999958343,S1A_IW_SLC__1SDV_20200724T053002_20200724T053032_033592_03E4A8_F5D5,1,5.347508232,4.358800859,19038.0,1365.0,1367.0,19031.0,1362.0,19044.0,72.95952861,ais/manual,True,False,9999.99,9999.99,HIGH
validation,SLC,590dd08f71056cacv,590dd08f71056cacv_006.17874170099999986405_004.49017681800000012515,S1A_IW_SLC__1SDV_20200724T053002_20200724T053032_033592_03E4A8_F5D5,1,6.178741701,4.490176818,20120.0,7992.0,7996.0,20107.0,7988.0,20132.0,26.04212316,ais/manual,True,True,9999.99,9999.99,HIGH
validation,SLC,590dd08f71056cacv,590dd08f71056cacv_006.28468872200000028272_003.29346767500000003892,S1A_IW_SLC__1SDV_20200724T053002_20200724T053032_033592_03E4A8_F5D5,3,6.284688722,3.293467675,13069.0,7851.0,7860.0,13041.0,7841.0,13096.0,191.5344128,ais/manual,True,False,9999.99,9999.99,HIGH
validation,SLC,590dd08f71056cacv,590dd08f71056cacv_006.30420441800000030952_003.69886385999999989238,S1A_IW_SLC__1SDV_20200724T053002_20200724T053032_033592_03E4A8_F5D5,2,6.304204417999999,3.69886386,24191.0,8175.0,8178.0,24183.0,8171.0,24200.0,33.01270341,ais/manual,True,True,9999.99,9999.99,HIGH
validation,SLC,590dd08f71056cacv,590dd08f71056cacv_006.01595634300000003947_003.23368219500000009248,S1A_IW_SLC__1SDV_20200724T053002_20200724T053032_033592_03E4A8_F5D5,3,6.015956342999999,3.233682195,13237.0,5676.0,5680.0,13219.0,5671.0,13255.0,55.94922109,ais/manual,True,False,9999.99,9999.99,HIGH
validation,SLC,590dd08f71056cacv,590dd08f71056cacv_005.64642282199999989700_004.92995752199999959231,S1A_IW_SLC__1SDV_20200724T053002_20200724T053032_033592_03E4A8_F5D5,1,5.646422822000001,4.929957522,5632.0,4587.0,4592.0,5620.0,4581.0,5645.0,24.9833508,ais/manual,True,True,9999.99,9999.99,HIGH
validation,SLC,3fe00bf7beab8812v,3fe00bf7beab8812v_043.64661148999999795706_014.06037582999999990818,S1A_IW_SLC__1SDV_20200731T051120_20200731T051147_033694_03E7BB_2AC0,2,43.64661149,14.06037583,10710.0,2581.0,2587.0,10686.0,2575.0,10735.0,108.4664242,ais/manual,True,False,9999.99,9999.99,HIGH
validation,SLC,3fe00bf7beab8812v,3fe00bf7beab8812v_044.78975450000000080308_013.69550697000000027970,S1A_IW_SLC__1SDV_20200731T051120_20200731T051147_033694_03E7BB_2AC0,3,44.7897545,13.69550697,789.0,11700.0,11703.0,782.0,11698.0,793.0,16.93397639,ais/manual,True,False,9999.99,9999.99,HIGH
validation,SLC,3fe00bf7beab8812v,3fe00bf7beab8812v_043.52321272999999735021_013.67436647999999976832,S1A_IW_SLC__1SDV_20200731T051120_20200731T051147_033694_03E7BB_2AC0,2,43.52321273,13.67436648,18447.0,1228.0,1231.0,18442.0,1225.0,18451.0,25.6,ais/manual,True,True,3.996151616496277,3.720048300363401,HIGH
validation,SLC,3fe00bf7beab8812v,3fe00bf7beab8812v_043.67438431000000065296_013.45854478999999948030,S1A_IW_SLC__1SDV_20200731T051120_20200731T051147_033694_03E7BB_2AC0,2,43.67438431,13.45854479,24071.0,2210.0,2214.0,24060.0,2207.0,24081.0,23.625,ais/manual,True,True,5.762836980092448,6.134392502465631,HIGH
validation,SLC,3fe00bf7beab8812v,3fe00bf7beab8812v_043.20752779000000032283_014.84243700999999937551,S1A_IW_SLC__1SDV_20200731T051120_20200731T051147_033694_03E7BB_2AC0,1,43.20752779,14.84243701,12534.0,813.0,815.0,12528.0,810.0,12540.0,27.8,ais/manual,True,True,9999.99,9999.99,HIGH
validation,SLC,3fe00bf7beab8812v,3fe00bf7beab8812v_043.18442278999999928146_015.19209704999999921426,S1A_IW_SLC__1SDV_20200731T051120_20200731T051147_033694_03E7BB_2AC0,1,43.18442279,15.19209705,5858.0,1008.0,1018.0,5828.0,998.0,5886.0,154.303065,ais/manual,True,False,9999.99,9999.99,HIGH
validation,SLC,3fe00bf7beab8812v,3fe00bf7beab8812v_044.60046626999999830332_012.77222489999999943677,S1A_IW_SLC__1SDV_20200731T051120_20200731T051147_033694_03E7BB_2AC0,3,44.60046627,12.7722249,21101.0,9364.0,9367.0,21093.0,9361.0,21106.0,26.69,ais/manual,True,True,9999.99,9999.99,HIGH
validation,SLC,3fe00bf7beab8812v,3fe00bf7beab8812v_044.40750022999999657713_012.66213959000000066624,S1A_IW_SLC__1SDV_20200731T051120_20200731T051147_033694_03E7BB_2AC0,3,44.40750023,12.66213959,22723.0,7739.0,7747.0,22687.0,7731.0,22758.0,22.97855326,ais/manual,True,True,9999.99,9999.99,HIGH
validation,SLC,3fe00bf7beab8812v,3fe00bf7beab8812v_044.29854745000000093569_013.18030654999999917720,S1A_IW_SLC__1SDV_20200731T051120_20200731T051147_033694_03E7BB_2AC0,3,44.29854745,13.18030655,9888.0,7344.0,7350.0,9855.0,7338.0,9917.0,139.2,ais/manual,True,False,9999.99,9999.99,HIGH
validation,SLC,3fe00bf7beab8812v,3fe00bf7beab8812v_043.75545965999999964424_015.28695446999999951743,S1A_IW_SLC__1SDV_20200731T051120_20200731T051147_033694_03E7BB_2AC0,1,43.75545966,15.28695447,6883.0,5577.0,5580.0,6878.0,5575.0,6889.0,54.01355385,ais/manual,True,False,2.7748883236906483,4.045860332276731,HIGH
validation,SLC,3fe00bf7beab8812v,3fe00bf7beab8812v_044.10085906999999849631_012.81194406999999912955,S1A_IW_SLC__1SDV_20200731T051120_20200731T051147_033694_03E7BB_2AC0,3,44.10085907,12.81194407,17504.0,5446.0,5449.0,17493.0,5443.0,17515.0,28.92940555,ais/manual,True,False,9999.99,9999.99,HIGH
validation,SLC,3fe00bf7beab8812v,3fe00bf7beab8812v_044.51273687999999850717_014.37670984999999923559,S1A_IW_SLC__1SDV_20200731T051120_20200731T051147_033694_03E7BB_2AC0,2,44.51273688,14.37670985,8553.0,9706.0,9708.0,8541.0,9703.0,8562.0,46.73716437,ais/manual,True,False,3.934259066309438,4.6436639435121645,HIGH
validation,SLC,3fe00bf7beab8812v,3fe00bf7beab8812v_043.55008151999999910231_014.62168435999999971386,S1A_IW_SLC__1SDV_20200731T051120_20200731T051147_033694_03E7BB_2AC0,1,43.55008152,14.62168436,18574.0,3266.0,3272.0,18551.0,3260.0,18595.0,110.8545888,ais/manual,True,False,9999.99,9999.99,HIGH
validation,SLC,3fe00bf7beab8812v,3fe00bf7beab8812v_043.59098517999999700123_013.59657026000000001886,S1A_IW_SLC__1SDV_20200731T051120_20200731T051147_033694_03E7BB_2AC0,2,43.59098518,13.59657026,20532.0,1686.0,1688.0,20528.0,1685.0,20535.0,17.2,ais/manual,True,True,2.438785296229148,2.11522270904213,HIGH
validation,SLC,3fe00bf7beab8812v,3fe00bf7beab8812v_044.78939361999999846375_014.08437209999999950583,S1A_IW_SLC__1SDV_20200731T051120_20200731T051147_033694_03E7BB_2AC0,2,44.78939362,14.0843721,16159.0,11597.0,11601.0,16149.0,11593.0,16167.0,15.56,ais/manual,True,True,6.617148450059429,7.397544725232167,HIGH
validation,SLC,3fe00bf7beab8812v,3fe00bf7beab8812v_044.78975450000000080308_013.69550697000000027970,S1A_IW_SLC__1SDV_20200731T051120_20200731T051147_033694_03E7BB_2AC0,2,44.7897545,13.69550697,24649.0,11230.0,11233.0,24642.0,11228.0,24653.0,16.93397639,ais/manual,True,False,9999.99,9999.99,HIGH
validation,SLC,3fe00bf7beab8812v,3fe00bf7beab8812v_043.39877238999999775615_014.83305118000000000222,S1A_IW_SLC__1SDV_20200731T051120_20200731T051147_033694_03E7BB_2AC0,1,43.39877239,14.83305118,13665.0,2301.0,2304.0,13656.0,2298.0,13671.0,28.48,ais/manual,True,True,9999.99,9999.99,HIGH
validation,SLC,3fe00bf7beab8812v,3fe00bf7beab8812v_044.02859169999999977563_012.96946443000000037671,S1A_IW_SLC__1SDV_20200731T051120_20200731T051147_033694_03E7BB_2AC0,3,44.0285917,12.96946443,13384.0,5018.0,5020.0,13376.0,5015.0,13389.0,22.3,ais/manual,True,True,9999.99,9999.99,HIGH
validation,SLC,3fe00bf7beab8812v,3fe00bf7beab8812v_043.57492045000000047139_013.88773437999999949000,S1A_IW_SLC__1SDV_20200731T051120_20200731T051147_033694_03E7BB_2AC0,2,43.57492045,13.88773438,14045.0,1845.0,1854.0,14018.0,1836.0,14072.0,158.16985490000005,ais/manual,True,False,9999.99,9999.99,HIGH
validation,SLC,3fe00bf7beab8812v,3fe00bf7beab8812v_044.26143557999999700314_015.06866100999999957821,S1A_IW_SLC__1SDV_20200731T051120_20200731T051147_033694_03E7BB_2AC0,1,44.26143558,15.06866101,13439.0,9309.0,9312.0,13432.0,9305.0,13445.0,15.22776193,ais/manual,True,False,2.664624304551295,2.6822773636087205,HIGH
validation,SLC,3fe00bf7beab8812v,3fe00bf7beab8812v_044.52764684999999644788_013.86837286999999996340,S1A_IW_SLC__1SDV_20200731T051120_20200731T051147_033694_03E7BB_2AC0,2,44.52764685,13.86837287,19460.0,9328.0,9330.0,19447.0,9325.0,19470.0,18.59062976,ais/manual,True,True,9999.99,9999.99,HIGH
validation,SLC,3fe00bf7beab8812v,3fe00bf7beab8812v_044.40177373000000216052_012.72628637000000040302,S1A_IW_SLC__1SDV_20200731T051120_20200731T051147_033694_03E7BB_2AC0,3,44.40177373,12.72628637,21149.0,7750.0,7756.0,21122.0,7745.0,21174.0,170.52405900000005,ais/manual,True,False,9999.99,9999.99,HIGH
validation,SLC,3fe00bf7beab8812v,3fe00bf7beab8812v_043.53175257000000186736_014.35014767999999918402,S1A_IW_SLC__1SDV_20200731T051120_20200731T051147_033694_03E7BB_2AC0,2,43.53175257,14.35014768,4048.0,1971.0,1977.0,4024.0,1965.0,4071.0,120.5667256,ais/manual,True,False,9999.99,9999.99,HIGH
validation,SLC,3fe00bf7beab8812v,3fe00bf7beab8812v_044.38765041999999994005_012.64686030999999921676,S1A_IW_SLC__1SDV_20200731T051120_20200731T051147_033694_03E7BB_2AC0,3,44.38765042,12.64686031,22986.0,7568.0,7572.0,22971.0,7564.0,22998.0,148.7505863,ais/manual,True,False,9999.99,9999.99,HIGH
validation,SLC,3fe00bf7beab8812v,3fe00bf7beab8812v_043.65820627000000087037_015.55784369000000033623,S1A_IW_SLC__1SDV_20200731T051120_20200731T051147_033694_03E7BB_2AC0,1,43.65820627,15.55784369,1580.0,5111.0,5115.0,1569.0,5106.0,1590.0,14.25164899,ais/manual,True,False,0.0238742164813366,3.8174801405496783,HIGH
validation,SLC,3fe00bf7beab8812v,3fe00bf7beab8812v_043.24727996000000018739_015.39948629999999951679,S1A_IW_SLC__1SDV_20200731T051120_20200731T051147_033694_03E7BB_2AC0,1,43.24727996,15.3994863,2425.0,1725.0,1729.0,2417.0,1722.0,2434.0,21.6,ais/manual,True,True,9999.99,9999.99,HIGH
validation,SLC,3fe00bf7beab8812v,3fe00bf7beab8812v_043.53746438000000296142_014.67671754999999933489,S1A_IW_SLC__1SDV_20200731T051120_20200731T051147_033694_03E7BB_2AC0,1,43.53746438,14.67671755,17418.0,3224.0,3236.0,17384.0,3213.0,17449.0,239.4937109,ais/manual,True,False,9999.99,9999.99,HIGH
validation,SLC,3fe00bf7beab8812v,3fe00bf7beab8812v_043.99628755999999896176_012.73123380000000004486,S1A_IW_SLC__1SDV_20200731T051120_20200731T051147_033694_03E7BB_2AC0,3,43.99628756,12.7312338,18880.0,4546.0,4549.0,18869.0,4543.0,18888.0,23.06,ais/manual,True,True,2.7101015351829774,2.5979339816317726,HIGH
validation,SLC,3fe00bf7beab8812v,3fe00bf7beab8812v_044.62770951000000252407_013.39179662999999997908,S1A_IW_SLC__1SDV_20200731T051120_20200731T051147_033694_03E7BB_2AC0,3,44.62770951,13.39179663,6769.0,10139.0,10143.0,6760.0,10135.0,6777.0,17.15048251,ais/manual,True,True,9999.99,9999.99,HIGH
validation,SLC,487b4884f467c94av,487b4884f467c94av_043.25973797000000331536_015.34311894999999914546,S1A_IW_SLC__1SDV_20200807T050319_20200807T050346_033796_03EB07_85FB,3,43.25973797,15.34311895,1911.0,5094.0,5098.0,1903.0,5089.0,1919.0,24.38,ais/manual,True,True,9999.99,9999.99,HIGH
validation,SLC,487b4884f467c94av,487b4884f467c94av_043.46826722000000131629_016.46956577999999993267,S1A_IW_SLC__1SDV_20200807T050319_20200807T050346_033796_03EB07_85FB,2,43.46826722,16.46956578,2404.0,8723.0,8727.0,2387.0,8720.0,2421.0,81.53789038,ais/manual,True,False,3.480346651085808,3.521238023705139,HIGH
validation,SLC,487b4884f467c94av,487b4884f467c94av_043.28791780000000244399_016.48296541999999931249,S1A_IW_SLC__1SDV_20200807T050319_20200807T050346_033796_03EB07_85FB,2,43.2879178,16.48296542,1211.0,7321.0,7325.0,1201.0,7318.0,1217.0,25.075,ais/manual,True,False,0.3188445259250688,0.268888327511076,HIGH
validation,SLC,487b4884f467c94av,487b4884f467c94av_043.29764381999999756090_016.38223450999999997180,S1A_IW_SLC__1SDV_20200807T050319_20200807T050346_033796_03EB07_85FB,2,43.29764382,16.38223451,3322.0,7294.0,7302.0,3305.0,7285.0,3340.0,61.73312171,ais/manual,True,False,2.967566635430618,3.1152385517451955,HIGH
validation,SLC,487b4884f467c94av,487b4884f467c94av_043.18212677999999726808_015.30810675000000031787,S1A_IW_SLC__1SDV_20200807T050319_20200807T050346_033796_03EB07_85FB,3,43.18212678,15.30810675,2304.0,4448.0,4452.0,2296.0,4445.0,2312.0,24.78,ais/manual,True,True,9999.99,9999.99,HIGH
validation,SLC,487b4884f467c94av,487b4884f467c94av_043.25424890000000033297_015.34185618000000062011,S1A_IW_SLC__1SDV_20200807T050319_20200807T050346_033796_03EB07_85FB,3,43.2542489,15.34185618,1911.0,5049.0,5053.0,1900.0,5046.0,1919.0,24.365,ais/manual,True,True,9999.99,9999.99,HIGH
validation,SLC,487b4884f467c94av,487b4884f467c94av_043.43511603000000320662_016.42094540000000080227,S1A_IW_SLC__1SDV_20200807T050319_20200807T050346_033796_03EB07_85FB,2,43.43511603,16.4209454,3230.0,8413.0,8421.0,3213.0,8405.0,3245.0,114.9053673,ais/manual,True,False,4.873965163196638,5.078492077092631,HIGH
validation,SLC,487b4884f467c94av,487b4884f467c94av_042.77882544999999936408_015.38495018999999963683,S1A_IW_SLC__1SDV_20200807T050319_20200807T050346_033796_03EB07_85FB,2,42.77882545,15.38495019,22265.0,2214.0,2219.0,22242.0,2208.0,22285.0,117.2525929,ais/manual,True,False,9999.99,9999.99,HIGH
validation,SLC,487b4884f467c94av,487b4884f467c94av_042.55451126999999900136_016.40761746000000087520,S1A_IW_SLC__1SDV_20200807T050319_20200807T050346_033796_03EB07_85FB,1,42.55451127,16.40761746,18949.0,1016.0,1021.0,18939.0,1012.0,18959.0,25.4,ais/manual,True,True,9999.99,9999.99,HIGH
validation,SLC,487b4884f467c94av,487b4884f467c94av_043.49017953999999974712_016.44585730000000012296,S1A_IW_SLC__1SDV_20200807T050319_20200807T050346_033796_03EB07_85FB,2,43.49017954,16.4458573,3001.0,8871.0,8874.0,2989.0,8868.0,3010.0,85.99301057,ais/manual,True,False,1.1107162179455197,1.251786410041181,HIGH
validation,SLC,487b4884f467c94av,487b4884f467c94av_043.32030626000000239628_016.97853682999999946901,S1A_IW_SLC__1SDV_20200807T050319_20200807T050346_033796_03EB07_85FB,1,43.32030626,16.97853683,11531.0,7622.0,7625.0,11522.0,7620.0,11539.0,19.38453594,ais/manual,True,False,0.3871684297006121,0.4552550204094316,HIGH
validation,SLC,487b4884f467c94av,487b4884f467c94av_043.28945691999999922928_016.38907516000000086365,S1A_IW_SLC__1SDV_20200807T050319_20200807T050346_033796_03EB07_85FB,2,43.28945692,16.38907516,3140.0,7237.0,7239.0,3131.0,7234.0,3146.0,47.32853082,ais/manual,True,False,3.3745591470609937,3.684722087649056,HIGH
validation,SLC,487b4884f467c94av,487b4884f467c94av_042.87007664000000062288_015.49509064000000080341,S1A_IW_SLC__1SDV_20200807T050319_20200807T050346_033796_03EB07_85FB,2,42.87007664,15.49509064,20250.0,3040.0,3049.0,20234.0,3032.0,20263.0,21.6,ais/manual,True,True,9999.99,9999.99,HIGH
validation,SLC,487b4884f467c94av,487b4884f467c94av_043.67471615000000184637_015.49855527000000066096,S1A_IW_SLC__1SDV_20200807T050319_20200807T050346_033796_03EB07_85FB,2,43.67471615,15.49855527,24421.0,9384.0,9391.0,24386.0,9377.0,24455.0,39.9246417,ais/manual,True,False,0.0122228094061778,2.046924716065864,HIGH
validation,SLC,487b4884f467c94av,487b4884f467c94av_043.49851724999999902366_015.81090732000000009805,S1A_IW_SLC__1SDV_20200807T050319_20200807T050346_033796_03EB07_85FB,2,43.49851725,15.81090732,16527.0,8299.0,8301.0,16518.0,8296.0,16534.0,29.68,ais/manual,True,True,7.58841851586143,9999.99,HIGH
validation,SLC,487b4884f467c94av,487b4884f467c94av_043.31204161000000141257_014.65249247999999937520,S1A_IW_SLC__1SDV_20200807T050319_20200807T050346_033796_03EB07_85FB,3,43.31204161,14.65249248,18488.0,4859.0,4867.0,18454.0,4852.0,18520.0,168.6149313,ais/manual,True,False,9999.99,9999.99,HIGH
validation,SLC,487b4884f467c94av,487b4884f467c94av_043.48383866999999725067_015.67233431999999915263,S1A_IW_SLC__1SDV_20200807T050319_20200807T050346_033796_03EB07_85FB,2,43.48383867,15.67233432,19513.0,8048.0,8050.0,19503.0,8045.0,19523.0,25.6,ais/manual,True,True,9999.99,9999.99,HIGH
validation,SLC,487b4884f467c94av,487b4884f467c94av_043.04970517999999657377_015.38406136999999951342,S1A_IW_SLC__1SDV_20200807T050319_20200807T050346_033796_03EB07_85FB,2,43.04970518,15.38406137,23717.0,4347.0,4349.0,23708.0,4345.0,23724.0,24.94,ais/manual,True,True,7.668136849723422,9999.99,HIGH
validation,SLC,487b4884f467c94av,487b4884f467c94av_043.49109084999999907950_015.63222009999999961849,S1A_IW_SLC__1SDV_20200807T050319_20200807T050346_033796_03EB07_85FB,2,43.49109085,15.6322201,20446.0,8066.0,8067.0,20439.0,8064.0,20449.0,22.41773943,ais/manual,True,True,9999.99,9999.99,HIGH
validation,SLC,487b4884f467c94av,487b4884f467c94av_043.75202154000000120959_015.72451719999999930621,S1A_IW_SLC__1SDV_20200807T050319_20200807T050346_033796_03EB07_85FB,2,43.75202154,15.7245172,19765.0,10211.0,10221.0,19729.0,10200.0,19799.0,17.96443924,ais/manual,True,False,0.0300778943884033,1.024578558949306,HIGH
validation,SLC,487b4884f467c94av,487b4884f467c94av_043.46924458000000157654_016.39145553000000177235,S1A_IW_SLC__1SDV_20200807T050319_20200807T050346_033796_03EB07_85FB,2,43.46924458,16.39145553,4012.0,8651.0,8655.0,3997.0,8647.0,4026.0,95.66204581,ais/manual,True,False,1.808959583962388,1.8327866323569009,HIGH
validation,SLC,487b4884f467c94av,487b4884f467c94av_043.35626199000000013939_014.87374699999999982936,S1A_IW_SLC__1SDV_20200807T050319_20200807T050346_033796_03EB07_85FB,3,43.35626199,14.873747,13402.0,5413.0,5417.0,13385.0,5409.0,13417.0,94.71642045,ais/manual,True,False,9999.99,9999.99,HIGH
validation,SLC,487b4884f467c94av,487b4884f467c94av_043.32776494000000155893_015.97600929999999941344,S1A_IW_SLC__1SDV_20200807T050319_20200807T050346_033796_03EB07_85FB,2,43.32776494,15.9760093,12042.0,7119.0,7122.0,12032.0,7116.0,12052.0,26.0,ais/manual,True,True,9999.99,9999.99,HIGH
validation,SLC,487b4884f467c94av,487b4884f467c94av_044.04240707999999671074_014.78180633000000021582,S1A_IW_SLC__1SDV_20200807T050319_20200807T050346_033796_03EB07_85FB,3,44.04240708,14.78180633,19250.0,10753.0,10756.0,19237.0,10751.0,19261.0,52.90106162,ais/manual,True,False,9999.99,9999.99,HIGH
validation,SLC,487b4884f467c94av,487b4884f467c94av_042.50073040000000190730_016.30247586999999853674,S1A_IW_SLC__1SDV_20200807T050319_20200807T050346_033796_03EB07_85FB,2,42.5007304,16.30247587,896.0,957.0,960.0,888.0,955.0,903.0,21.94,ais/manual,True,True,9999.99,9999.99,HIGH
validation,SLC,487b4884f467c94av,487b4884f467c94av_043.02558888000000081320_016.72848482999999930598,S1A_IW_SLC__1SDV_20200807T050319_20200807T050346_033796_03EB07_85FB,1,43.02558888,16.72848483,14907.0,5048.0,5051.0,14898.0,5045.0,14916.0,57.81023807,ais/manual,True,False,3.995306947218765,4.060885989095124,HIGH
validation,SLC,487b4884f467c94av,487b4884f467c94av_042.51869866999999914015_016.36043112000000121498,S1A_IW_SLC__1SDV_20200807T050319_20200807T050346_033796_03EB07_85FB,1,42.51869867,16.36043112,19729.0,686.0,690.0,19715.0,682.0,19744.0,103.6605636,ais/manual,True,False,9999.99,9999.99,HIGH
validation,SLC,487b4884f467c94av,487b4884f467c94av_042.50073040000000190730_016.30247586999999853674,S1A_IW_SLC__1SDV_20200807T050319_20200807T050346_033796_03EB07_85FB,1,42.5007304,16.30247587,20826.0,484.0,487.0,20818.0,482.0,20833.0,21.94,ais/manual,True,True,9999.99,9999.99,HIGH
validation,SLC,487b4884f467c94av,487b4884f467c94av_043.09129112000000105809_014.91557655000000082168,S1A_IW_SLC__1SDV_20200807T050319_20200807T050346_033796_03EB07_85FB,3,43.09129112,14.91557655,10996.0,3359.0,3363.0,10979.0,3355.0,11013.0,113.6382262,ais/manual,True,False,9999.99,9999.99,HIGH
validation,SLC,487b4884f467c94av,487b4884f467c94av_043.74835926000000085878_014.54229287999999975511,S1A_IW_SLC__1SDV_20200807T050319_20200807T050346_033796_03EB07_85FB,3,43.74835926,14.54229288,23492.0,8212.0,8220.0,23457.0,8203.0,23524.0,178.19705019999995,ais/manual,True,False,9999.99,9999.99,HIGH
validation,SLC,487b4884f467c94av,487b4884f467c94av_043.48544937999999859812_016.44252922000000083358,S1A_IW_SLC__1SDV_20200807T050319_20200807T050346_033796_03EB07_85FB,2,43.48544938,16.44252922,3045.0,8830.0,8836.0,3032.0,8825.0,3058.0,336.0,ais/manual,True,False,1.6595593566807425,1.8428050009811856,HIGH
validation,SLC,487b4884f467c94av,487b4884f467c94av_043.17723682999999823551_016.32267112999999980616,S1A_IW_SLC__1SDV_20200807T050319_20200807T050346_033796_03EB07_85FB,2,43.17723683,16.32267113,3935.0,6287.0,6289.0,3930.0,6286.0,3941.0,,ais/manual,True,False,0.3563446634475054,1.2066007584746636,HIGH
validation,SLC,487b4884f467c94av,487b4884f467c94av_042.94468696999999934860_016.29512712000000007606,S1A_IW_SLC__1SDV_20200807T050319_20200807T050346_033796_03EB07_85FB,2,42.94468697,16.29512712,3314.0,4433.0,4436.0,3306.0,4431.0,3321.0,19.0,ais/manual,True,True,9.49754137089976,9999.99,HIGH
validation,SLC,0e309957cef7bdc8v,0e309957cef7bdc8v_005.49749442199999993619_005.04054865300000010109,S1A_IW_SLC__1SDV_20200824T052155_20200824T052225_034044_03F3B6_EA99,3,5.497494422000001,5.040548653,17964.0,3605.0,3609.0,17949.0,3601.0,17979.0,34.19239182,ais/manual,True,False,9999.99,9999.99,HIGH
validation,SLC,0e309957cef7bdc8v,0e309957cef7bdc8v_005.52405746899999972044_005.00452493199999981499,S1A_IW_SLC__1SDV_20200824T052155_20200824T052225_034044_03F3B6_EA99,3,5.524057469,5.004524932,19332.0,3753.0,3757.0,19320.0,3750.0,19345.0,57.338799,ais/manual,True,False,9999.99,9999.99,HIGH
validation,SLC,0e309957cef7bdc8v,0e309957cef7bdc8v_005.10942354300000012302_005.22180452499999958604,S1A_IW_SLC__1SDV_20200824T052155_20200824T052225_034044_03F3B6_EA99,3,5.109423543,5.221804525,9492.0,892.0,897.0,9479.0,886.0,9504.0,29.24952708,ais/manual,True,True,9999.99,9999.99,HIGH
validation,SLC,0e309957cef7bdc8v,0e309957cef7bdc8v_005.39076120499999955626_005.27433195800000031994,S1A_IW_SLC__1SDV_20200824T052155_20200824T052225_034044_03F3B6_EA99,3,5.390761205,5.274331958,9651.0,3151.0,3155.0,9642.0,3148.0,9660.0,58.15996566,ais/manual,True,False,3.4239554890944444,3.424880587757586,HIGH
validation,SLC,0e309957cef7bdc8v,0e309957cef7bdc8v_005.22195240799999993442_004.99731371699999993297,S1A_IW_SLC__1SDV_20200824T052155_20200824T052225_034044_03F3B6_EA99,3,5.221952408,4.997313717,17537.0,1404.0,1408.0,17522.0,1400.0,17552.0,26.95480625,ais/manual,True,True,9999.99,9999.99,HIGH
validation,SLC,0e309957cef7bdc8v,0e309957cef7bdc8v_005.13009077400000013114_004.92759843899999960826,S1A_IW_SLC__1SDV_20200824T052155_20200824T052225_034044_03F3B6_EA99,3,5.130090774,4.927598439,19219.0,582.0,587.0,19209.0,577.0,19230.0,26.40286561,ais/manual,True,True,9999.99,9999.99,HIGH
validation,SLC,0e309957cef7bdc8v,0e309957cef7bdc8v_005.22824325599999983893_005.28602504200000034018,S1A_IW_SLC__1SDV_20200824T052155_20200824T052225_034044_03F3B6_EA99,3,5.228243256,5.286025042,8213.0,1913.0,1918.0,8204.0,1909.0,8223.0,29.03634606,ais/manual,True,True,7.061145562565737,6.5687394427183925,HIGH
validation,SLC,0e309957cef7bdc8v,0e309957cef7bdc8v_005.19045566700000016169_005.02577904800000041519,S1A_IW_SLC__1SDV_20200824T052155_20200824T052225_034044_03F3B6_EA99,3,5.190455667,5.025779048,16391.0,1206.0,1213.0,16376.0,1199.0,16405.0,32.22815658,ais/manual,True,True,9999.99,9999.99,HIGH
validation,SLC,0e309957cef7bdc8v,0e309957cef7bdc8v_005.50547773699999964947_004.93953544100000030426,S1A_IW_SLC__1SDV_20200824T052155_20200824T052225_034044_03F3B6_EA99,3,5.5054777370000005,4.939535441,21363.0,3506.0,3510.0,21352.0,3503.0,21375.0,63.37536832,ais/manual,True,False,9999.99,9999.99,HIGH
validation,SLC,0e309957cef7bdc8v,0e309957cef7bdc8v_005.49458983099999986877_004.93087402699999977074,S1A_IW_SLC__1SDV_20200824T052155_20200824T052225_034044_03F3B6_EA99,3,5.494589831,4.930874027,21578.0,3408.0,3417.0,21555.0,3399.0,21600.0,206.674257,ais/manual,True,False,9999.99,9999.99,HIGH
validation,SLC,0e309957cef7bdc8v,0e309957cef7bdc8v_005.31265176500000002591_005.05345623699999979550,S1A_IW_SLC__1SDV_20200824T052155_20200824T052225_034044_03F3B6_EA99,3,5.312651765,5.053456237,16301.0,2195.0,2198.0,16290.0,2193.0,16312.0,25.19928583,ais/manual,True,True,9999.99,9999.99,HIGH
validation,SLC,7b7e837a7ac5a880v,7b7e837a7ac5a880v_004.27136914899999986517_007.30398813099999966170,S1A_IW_SLC__1SDV_20200831T051418_20200831T051446_034146_03F756_2E58,3,4.271369149,7.303988131,3239.0,11038.0,11039.0,3232.0,11036.0,3246.0,28.46532961,ais/manual,True,True,9999.99,9999.99,HIGH
validation,SLC,7b7e837a7ac5a880v,7b7e837a7ac5a880v_003.78512574699999992944_008.72854923300000073993,S1A_IW_SLC__1SDV_20200831T051418_20200831T051446_034146_03F756_2E58,1,3.785125747,8.728549232999999,3917.0,9989.0,9991.0,3911.0,9987.0,3922.0,29.86707409,ais/manual,True,False,0.3793397190677193,0.5928874875416691,HIGH
validation,SLC,7b7e837a7ac5a880v,7b7e837a7ac5a880v_004.10192455600000016602_008.17410874399999975992,S1A_IW_SLC__1SDV_20200831T051418_20200831T051446_034146_03F756_2E58,2,4.101924556,8.174108744,269.0,10662.0,10672.0,232.0,10652.0,305.0,47.74835653,ais/manual,True,False,9999.99,9999.99,HIGH
validation,SLC,7b7e837a7ac5a880v,7b7e837a7ac5a880v_003.99019764599999993138_007.29053831399999996421,S1A_IW_SLC__1SDV_20200831T051418_20200831T051446_034146_03F756_2E58,3,3.990197646,7.290538314,1847.0,8844.0,8858.0,1808.0,8828.0,1887.0,38.25984594,ais/manual,True,False,9999.99,9999.99,HIGH
validation,SLC,7b7e837a7ac5a880v,7b7e837a7ac5a880v_003.94704403599999986696_008.49420594400000084079,S1A_IW_SLC__1SDV_20200831T051418_20200831T051446_034146_03F756_2E58,1,3.947044036,8.494205943999999,10724.0,10857.0,10861.0,10715.0,10854.0,10733.0,40.16653678,ais/manual,True,False,9999.99,9999.99,HIGH
validation,SLC,7b7e837a7ac5a880v,7b7e837a7ac5a880v_004.09984231900000040127_008.17248931299999981093,S1A_IW_SLC__1SDV_20200831T051418_20200831T051446_034146_03F756_2E58,1,4.099842319,8.172489313,20236.0,11515.0,11523.0,20216.0,11508.0,20255.0,45.46964518,ais/manual,True,False,9999.99,9999.99,HIGH
validation,SLC,7b7e837a7ac5a880v,7b7e837a7ac5a880v_004.15392782600000032289_006.97076870500000023156,S1A_IW_SLC__1SDV_20200831T051418_20200831T051446_034146_03F756_2E58,3,4.153927826,6.970768705,13120.0,9594.0,9599.0,13110.0,9589.0,13130.0,32.67736754,ais/manual,True,False,9999.99,9999.99,HIGH
validation,SLC,7b7e837a7ac5a880v,7b7e837a7ac5a880v_003.98031489400000015877_007.78396330500000033226,S1A_IW_SLC__1SDV_20200831T051418_20200831T051446_034146_03F756_2E58,2,3.980314894,7.783963305,10687.0,9094.0,9098.0,10676.0,9089.0,10698.0,43.53374327,ais/manual,True,False,9999.99,9999.99,HIGH
validation,SLC,7b7e837a7ac5a880v,7b7e837a7ac5a880v_004.20683887499999986659_007.23873959199999994496,S1A_IW_SLC__1SDV_20200831T051418_20200831T051446_034146_03F756_2E58,3,4.206838875,7.238739592000001,4877.0,10434.0,10440.0,4864.0,10428.0,4891.0,24.81803878,ais/manual,True,True,9999.99,9999.99,HIGH
validation,SLC,7b7e837a7ac5a880v,7b7e837a7ac5a880v_003.13700401500000003452_006.81160463999999965523,S1A_IW_SLC__1SDV_20200831T051418_20200831T051446_034146_03F756_2E58,3,3.137004015,6.81160464,11485.0,1478.0,1486.0,11467.0,1469.0,11503.0,67.13601276,ais/manual,True,False,9999.99,9999.99,HIGH
validation,SLC,7b7e837a7ac5a880v,7b7e837a7ac5a880v_004.14042495300000013003_007.26086206100000008945,S1A_IW_SLC__1SDV_20200831T051418_20200831T051446_034146_03F756_2E58,3,4.140424953,7.260862061,3749.0,9956.0,9962.0,3739.0,9951.0,3758.0,29.07790284,ais/manual,True,True,9999.99,9999.99,HIGH
validation,SLC,7b7e837a7ac5a880v,7b7e837a7ac5a880v_003.79945025100000011165_008.10569663200000078973,S1A_IW_SLC__1SDV_20200831T051418_20200831T051446_034146_03F756_2E58,2,3.799450251,8.105696632,434.0,8218.0,8224.0,415.0,8212.0,452.0,82.57757535,ais/manual,True,False,9999.99,9999.99,HIGH
validation,SLC,7b7e837a7ac5a880v,7b7e837a7ac5a880v_004.18570460000000021950_007.09532094800000034951,S1A_IW_SLC__1SDV_20200831T051418_20200831T051446_034146_03F756_2E58,3,4.1857046,7.095320948,9307.0,10040.0,10042.0,9297.0,10037.0,9318.0,27.84856512,ais/manual,True,True,9999.99,9999.99,HIGH
validation,SLC,7b7e837a7ac5a880v,7b7e837a7ac5a880v_004.10965139700000037237_007.12873116000000006665,S1A_IW_SLC__1SDV_20200831T051418_20200831T051446_034146_03F756_2E58,3,4.109651397,7.12873116,7737.0,9506.0,9512.0,7718.0,9500.0,7756.0,33.72752073,ais/manual,True,False,9999.99,9999.99,HIGH
validation,SLC,7b7e837a7ac5a880v,7b7e837a7ac5a880v_004.30625023300000009385_006.96280678699999988623,S1A_IW_SLC__1SDV_20200831T051418_20200831T051446_034146_03F756_2E58,3,4.306250233,6.962806787000001,14398.0,10759.0,10761.0,14390.0,10756.0,14406.0,29.38206351,ais/manual,True,False,7.585035321287414,6.865376135313112,HIGH
validation,SLC,7b7e837a7ac5a880v,7b7e837a7ac5a880v_004.11124015099999962075_008.17247757500000027164,S1A_IW_SLC__1SDV_20200831T051418_20200831T051446_034146_03F756_2E58,1,4.1112401510000005,8.172477575,20301.0,11603.0,11608.0,20293.0,11599.0,20309.0,41.91374054,ais/manual,True,False,9999.99,9999.99,HIGH
validation,SLC,7b7e837a7ac5a880v,7b7e837a7ac5a880v_004.14241935500000035830_007.48259770599999995966,S1A_IW_SLC__1SDV_20200831T051418_20200831T051446_034146_03F756_2E58,2,4.142419355,7.482597706,20729.0,9859.0,9861.0,20722.0,9857.0,20736.0,30.3364747,ais/manual,True,False,9999.99,9999.99,HIGH
validation,SLC,7b7e837a7ac5a880v,7b7e837a7ac5a880v_003.86778159300000012877_006.97417519600000002100,S1A_IW_SLC__1SDV_20200831T051418_20200831T051446_034146_03F756_2E58,3,3.867781593,6.974175196,11102.0,7388.0,7392.0,11087.0,7383.0,11118.0,41.05631854,ais/manual,True,False,9999.99,9999.99,HIGH
validation,SLC,7b7e837a7ac5a880v,7b7e837a7ac5a880v_004.00518547099999988603_007.78212538499999961772,S1A_IW_SLC__1SDV_20200831T051418_20200831T051446_034146_03F756_2E58,2,4.005185471,7.782125385,10892.0,9283.0,9286.0,10884.0,9279.0,10900.0,28.82779072,ais/manual,True,False,9999.99,9999.99,HIGH
validation,SLC,7b7e837a7ac5a880v,7b7e837a7ac5a880v_003.56679026499999984878_007.37974982099999987639,S1A_IW_SLC__1SDV_20200831T051418_20200831T051446_034146_03F756_2E58,2,3.566790265,7.379749821,20244.0,5248.0,5250.0,20234.0,5245.0,20254.0,63.20197546,ais/manual,True,False,9999.99,9999.99,HIGH
validation,SLC,7b7e837a7ac5a880v,7b7e837a7ac5a880v_004.25246414799999961076_007.03562676900000028013,S1A_IW_SLC__1SDV_20200831T051418_20200831T051446_034146_03F756_2E58,3,4.2524641480000005,7.035626768999999,11673.0,10460.0,10463.0,11665.0,10457.0,11681.0,26.19301035,ais/manual,True,True,9999.99,9999.99,HIGH
validation,SLC,7b7e837a7ac5a880v,7b7e837a7ac5a880v_004.20116188999999984333_008.37204696100000056447,S1A_IW_SLC__1SDV_20200831T051418_20200831T051446_034146_03F756_2E58,1,4.20116189,8.372046961,15353.0,12619.0,12622.0,15344.0,12617.0,15362.0,46.74702824,ais/manual,True,False,9999.99,9999.99,HIGH
validation,SLC,7b7e837a7ac5a880v,7b7e837a7ac5a880v_003.78792969200000007035_008.72674712200000080031,S1A_IW_SLC__1SDV_20200831T051418_20200831T051446_034146_03F756_2E58,1,3.787929692,8.726747122,3976.0,10008.0,10010.0,3970.0,10005.0,3981.0,27.18986662,ais/manual,True,False,0.6524655614188182,0.7346428518554885,HIGH
validation,SLC,7b7e837a7ac5a880v,7b7e837a7ac5a880v_004.09339798700000034870_006.98902032999999978102,S1A_IW_SLC__1SDV_20200831T051418_20200831T051446_034146_03F756_2E58,3,4.093397987,6.98902033,12124.0,9155.0,9165.0,12107.0,9146.0,12141.0,27.838392,ais/manual,True,True,9999.99,9999.99,HIGH
validation,SLC,7b7e837a7ac5a880v,7b7e837a7ac5a880v_003.80449208900000002131_008.74880751899999964394,S1A_IW_SLC__1SDV_20200831T051418_20200831T051446_034146_03F756_2E58,1,3.804492089,8.748807519,3515.0,10171.0,10178.0,3496.0,10164.0,3535.0,145.14684240000005,ais/manual,True,False,3.3514153688813315,3.573661344384019,HIGH
validation,SLC,7b7e837a7ac5a880v,7b7e837a7ac5a880v_004.22745435800000013415_007.80647250999999986476,S1A_IW_SLC__1SDV_20200831T051418_20200831T051446_034146_03F756_2E58,2,4.227454358,7.80647251,11523.0,11038.0,11041.0,11518.0,11035.0,11527.0,65.09084896,ais/manual,True,False,9999.99,9999.99,HIGH
validation,SLC,7b7e837a7ac5a880v,7b7e837a7ac5a880v_004.31023162099999979091_007.33498068399999958444,S1A_IW_SLC__1SDV_20200831T051418_20200831T051446_034146_03F756_2E58,3,4.310231621000002,7.334980684,2517.0,11388.0,11393.0,2505.0,11382.0,2530.0,28.79184254,ais/manual,True,True,9999.99,9999.99,HIGH
validation,SLC,7b7e837a7ac5a880v,7b7e837a7ac5a880v_004.13307748200000002470_007.51612132300000013174,S1A_IW_SLC__1SDV_20200831T051418_20200831T051446_034146_03F756_2E58,2,4.133077482,7.516121322999999,19645.0,9841.0,9848.0,19626.0,9834.0,19664.0,54.37213298,ais/manual,True,False,9999.99,9999.99,HIGH
validation,SLC,7b7e837a7ac5a880v,7b7e837a7ac5a880v_003.01072183399999993014_007.10675436999999998733,S1A_IW_SLC__1SDV_20200831T051418_20200831T051446_034146_03F756_2E58,3,3.010721834,7.10675437,1272.0,981.0,985.0,1264.0,978.0,1281.0,41.90922451,ais/manual,True,False,9999.99,9999.99,HIGH
validation,SLC,7b7e837a7ac5a880v,7b7e837a7ac5a880v_003.97766686400000013535_007.35386547900000042688,S1A_IW_SLC__1SDV_20200831T051418_20200831T051446_034146_03F756_2E58,2,3.977666864,7.353865478999999,23652.0,8379.0,8383.0,23641.0,8375.0,23664.0,38.51962015,ais/manual,True,False,9999.99,9999.99,HIGH
validation,SLC,7b7e837a7ac5a880v,7b7e837a7ac5a880v_004.12966142199999985962_007.47928945499999997537,S1A_IW_SLC__1SDV_20200831T051418_20200831T051446_034146_03F756_2E58,2,4.129661422,7.479289455,20750.0,9755.0,9759.0,20739.0,9751.0,20761.0,37.47632022,ais/manual,True,False,9999.99,9999.99,HIGH
validation,SLC,7b7e837a7ac5a880v,7b7e837a7ac5a880v_003.58254158000000000328_007.38872282200000007890,S1A_IW_SLC__1SDV_20200831T051418_20200831T051446_034146_03F756_2E58,2,3.58254158,7.388722822,20069.0,5384.0,5388.0,20057.0,5379.0,20081.0,57.50895764,ais/manual,True,False,9999.99,9999.99,HIGH
validation,SLC,7b7e837a7ac5a880v,7b7e837a7ac5a880v_004.21811270400000015712_007.39174504799999976257,S1A_IW_SLC__1SDV_20200831T051418_20200831T051446_034146_03F756_2E58,3,4.218112704,7.391745048,156.0,10767.0,10783.0,107.0,10751.0,201.0,343.4,ais/manual,True,False,9999.99,9999.99,HIGH
validation,SLC,7b7e837a7ac5a880v,7b7e837a7ac5a880v_004.20615481300000038090_007.29701483100000025672,S1A_IW_SLC__1SDV_20200831T051418_20200831T051446_034146_03F756_2E58,3,4.206154813,7.297014831,3037.0,10523.0,10527.0,3022.0,10518.0,3052.0,28.71676145,ais/manual,True,True,9999.99,9999.99,HIGH
validation,SLC,7b7e837a7ac5a880v,7b7e837a7ac5a880v_004.11949750900000033482_007.01308678400000040654,S1A_IW_SLC__1SDV_20200831T051418_20200831T051446_034146_03F756_2E58,3,4.119497509,7.013086784,11519.0,9396.0,9400.0,11506.0,9391.0,11531.0,29.00006138,ais/manual,True,True,9999.99,9999.99,HIGH
validation,SLC,7b7e837a7ac5a880v,7b7e837a7ac5a880v_004.09471731300000030274_006.77077361799999977165,S1A_IW_SLC__1SDV_20200831T051418_20200831T051446_034146_03F756_2E58,3,4.094717313,6.770773618,19284.0,8814.0,8819.0,19275.0,8810.0,19294.0,34.65448587,ais/manual,True,True,9999.99,9999.99,HIGH
validation,SLC,7b7e837a7ac5a880v,7b7e837a7ac5a880v_003.06493331599999985215_006.71670025600000020205,S1A_IW_SLC__1SDV_20200831T051418_20200831T051446_034146_03F756_2E58,3,3.0649333160000003,6.716700256,14084.0,767.0,774.0,14066.0,759.0,14102.0,62.44114704,ais/manual,True,False,9999.99,9999.99,HIGH
validation,SLC,7b7e837a7ac5a880v,7b7e837a7ac5a880v_004.07747197099999958425_006.77838346299999994216,S1A_IW_SLC__1SDV_20200831T051418_20200831T051446_034146_03F756_2E58,3,4.0774719710000005,6.778383463,18915.0,8693.0,8698.0,18902.0,8689.0,18928.0,27.95170231,ais/manual,True,True,9999.99,9999.99,HIGH
validation,SLC,7b7e837a7ac5a880v,7b7e837a7ac5a880v_004.10192455600000016602_008.17410874399999975992,S1A_IW_SLC__1SDV_20200831T051418_20200831T051446_034146_03F756_2E58,1,4.101924556,8.174108744,20203.0,11534.0,11544.0,20166.0,11524.0,20239.0,47.74835653,ais/manual,True,False,9999.99,9999.99,HIGH
validation,SLC,7b7e837a7ac5a880v,7b7e837a7ac5a880v_004.07112106499999981679_006.70593191199999960617,S1A_IW_SLC__1SDV_20200831T051418_20200831T051446_034146_03F756_2E58,3,4.071121065,6.7059319120000005,21278.0,8528.0,8533.0,21267.0,8522.0,21288.0,31.1139485,ais/manual,True,True,9999.99,9999.99,HIGH
validation,SLC,7b7e837a7ac5a880v,7b7e837a7ac5a880v_003.77753485200000005406_008.75692078900000048236,S1A_IW_SLC__1SDV_20200831T051418_20200831T051446_034146_03F756_2E58,1,3.777534852,8.756920789,3178.0,9976.0,9979.0,3168.0,9974.0,3189.0,82.88635755,ais/manual,True,False,2.0109664342193256,2.12241609325804,HIGH
validation,SLC,7b7e837a7ac5a880v,7b7e837a7ac5a880v_003.84482891200000009846_006.97927027500000018989,S1A_IW_SLC__1SDV_20200831T051418_20200831T051446_034146_03F756_2E58,3,3.844828912,6.979270275,10785.0,7218.0,7223.0,10773.0,7214.0,10798.0,44.19076193,ais/manual,True,False,9999.99,9999.99,HIGH
validation,SLC,7b7e837a7ac5a880v,7b7e837a7ac5a880v_004.26696422699999988737_007.40029169700000011289,S1A_IW_SLC__1SDV_20200831T051418_20200831T051446_034146_03F756_2E58,2,4.266964227,7.400291697,24060.0,10689.0,10692.0,24051.0,10685.0,24068.0,54.1468142,ais/manual,True,False,9999.99,9999.99,HIGH
validation,SLC,7b7e837a7ac5a880v,7b7e837a7ac5a880v_004.07009389400000021197_006.72618973800000041763,S1A_IW_SLC__1SDV_20200831T051418_20200831T051446_034146_03F756_2E58,3,4.070093893999998,6.726189738,20596.0,8552.0,8555.0,20588.0,8549.0,20605.0,24.49343103,ais/manual,True,True,9999.99,9999.99,HIGH
validation,SLC,7b7e837a7ac5a880v,7b7e837a7ac5a880v_003.81913521699999991554_007.17313387200000018851,S1A_IW_SLC__1SDV_20200831T051418_20200831T051446_034146_03F756_2E58,3,3.819135217,7.173133872,4429.0,7333.0,7339.0,4410.0,7326.0,4448.0,71.63804404,ais/manual,True,False,9999.99,9999.99,HIGH
validation,SLC,7b7e837a7ac5a880v,7b7e837a7ac5a880v_004.15373145900000029229_007.00003451200000004206,S1A_IW_SLC__1SDV_20200831T051418_20200831T051446_034146_03F756_2E58,3,4.153731458999999,7.000034512,12169.0,9639.0,9646.0,12152.0,9633.0,12186.0,32.38846821,ais/manual,True,True,9999.99,9999.99,HIGH
validation,SLC,7b7e837a7ac5a880v,7b7e837a7ac5a880v_003.05160431299999990173_006.69784481599999992341,S1A_IW_SLC__1SDV_20200831T051418_20200831T051446_034146_03F756_2E58,3,3.051604313,6.697844816,14610.0,633.0,651.0,14566.0,615.0,14654.0,65.31880155,ais/manual,True,False,9999.99,9999.99,HIGH
validation,SLC,7b7e837a7ac5a880v,7b7e837a7ac5a880v_004.24559419800000004130_008.03619242599999950016,S1A_IW_SLC__1SDV_20200831T051418_20200831T051446_034146_03F756_2E58,2,4.245594198,8.036192426,4978.0,11548.0,11550.0,4972.0,11546.0,4985.0,56.66556002,ais/manual,True,False,9999.99,9999.99,HIGH
validation,SLC,7b7e837a7ac5a880v,7b7e837a7ac5a880v_004.21254063399999978401_007.20143945199999979678,S1A_IW_SLC__1SDV_20200831T051418_20200831T051446_034146_03F756_2E58,3,4.212540634,7.201439452000001,6096.0,10418.0,10423.0,6086.0,10413.0,6105.0,27.2739762,ais/manual,True,True,9999.99,9999.99,HIGH
validation,SLC,7b7e837a7ac5a880v,7b7e837a7ac5a880v_004.00745568199999979697_007.32751193000000000666,S1A_IW_SLC__1SDV_20200831T051418_20200831T051446_034146_03F756_2E58,3,4.007455682,7.32751193,805.0,9037.0,9042.0,784.0,9031.0,823.0,65.39520106,ais/manual,True,False,9999.99,9999.99,HIGH
validation,SLC,7b7e837a7ac5a880v,7b7e837a7ac5a880v_004.09496972899999978068_007.07653823099999979007,S1A_IW_SLC__1SDV_20200831T051418_20200831T051446_034146_03F756_2E58,3,4.094969729,7.076538231000002,9312.0,9308.0,9311.0,9304.0,9306.0,9319.0,23.63599762,ais/manual,True,True,9999.99,9999.99,HIGH
validation,SLC,7b7e837a7ac5a880v,7b7e837a7ac5a880v_004.16302386699999971142_008.42064048900000017284,S1A_IW_SLC__1SDV_20200831T051418_20200831T051446_034146_03F756_2E58,1,4.163023867,8.420640489,13841.0,12404.0,12406.0,13830.0,12402.0,13851.0,46.44413896,ais/manual,True,False,9999.99,9999.99,HIGH
validation,SLC,5e9a2c1bcf179e9bv,5e9a2c1bcf179e9bv_056.22540988000000083957_006.02351924099999980200,S1A_IW_SLC__1SDV_20200904T171758_20200904T171831_034212_03F991_8544,2,56.22540988,6.023519241,4869.0,4870.0,4876.0,4861.0,4864.0,4877.0,24.2,ais/manual,True,True,9999.99,9999.99,HIGH
validation,SLC,5e9a2c1bcf179e9bv,5e9a2c1bcf179e9bv_055.50748089999999734800_006.46603612200000021915,S1A_IW_SLC__1SDV_20200904T171758_20200904T171831_034212_03F991_8544,2,55.5074809,6.466036122,8120.0,10890.0,10898.0,8095.0,10882.0,8144.0,144.4847006,ais/manual,True,False,9999.99,9999.99,HIGH
validation,SLC,5e9a2c1bcf179e9bv,5e9a2c1bcf179e9bv_055.44527217000000263170_006.91831961900000003141,S1A_IW_SLC__1SDV_20200904T171758_20200904T171831_034212_03F991_8544,2,55.44527217,6.918319619,15321.0,11746.0,11751.0,15313.0,11742.0,15328.0,16.95,ais/manual,True,True,9999.99,9999.99,HIGH
validation,SLC,5e9a2c1bcf179e9bv,5e9a2c1bcf179e9bv_056.85384054000000020324_008.08054100800000085769,S1A_IW_SLC__1SDV_20200904T171758_20200904T171831_034212_03F991_8544,3,56.85384054,8.080541007999999,19468.0,1907.0,1908.0,19461.0,1905.0,19475.0,23.61,ais/manual,True,True,9999.99,9999.99,HIGH
validation,SLC,5e9a2c1bcf179e9bv,5e9a2c1bcf179e9bv_055.60914080999999953292_004.98007699800000036561,S1A_IW_SLC__1SDV_20200904T171758_20200904T171831_034212_03F991_8544,1,55.60914081,4.980076998,5990.0,8337.0,8340.0,5984.0,8334.0,5995.0,39.65,ais/manual,True,True,9999.99,9999.99,HIGH
validation,SLC,5e9a2c1bcf179e9bv,5e9a2c1bcf179e9bv_056.64192434000000275773_007.75289025799999986788,S1A_IW_SLC__1SDV_20200904T171758_20200904T171831_034212_03F991_8544,3,56.64192434,7.752890258,12435.0,3365.0,3376.0,12420.0,3354.0,12453.0,88.2,ais/manual,True,False,9999.99,9999.99,HIGH
validation,SLC,5e9a2c1bcf179e9bv,5e9a2c1bcf179e9bv_055.67913498000000060983_006.52621167199999963060,S1A_IW_SLC__1SDV_20200904T171758_20200904T171831_034212_03F991_8544,2,55.67913498,6.5262116720000005,10025.0,9586.0,9593.0,9997.0,9578.0,10052.0,214.7541855,ais/manual,True,False,9999.99,9999.99,HIGH
validation,SLC,5e9a2c1bcf179e9bv,5e9a2c1bcf179e9bv_055.98690767000000079179_006.77194178800000035068,S1A_IW_SLC__1SDV_20200904T171758_20200904T171831_034212_03F991_8544,2,55.98690767,6.771941788,15756.0,7353.0,7360.0,15739.0,7346.0,15773.0,142.8,ais/manual,True,False,9999.99,9999.99,HIGH
validation,SLC,5e9a2c1bcf179e9bv,5e9a2c1bcf179e9bv_055.60391557999999889716_005.12771303899999963960,S1A_IW_SLC__1SDV_20200904T171758_20200904T171831_034212_03F991_8544,1,55.60391558,5.127713039,8050.0,8511.0,8517.0,8040.0,8506.0,8061.0,62.6,ais/manual,True,True,9999.99,9999.99,HIGH
validation,SLC,5e9a2c1bcf179e9bv,5e9a2c1bcf179e9bv_056.10888521999999767331_005.35580954400000042170,S1A_IW_SLC__1SDV_20200904T171758_20200904T171831_034212_03F991_8544,1,56.10888522,5.355809544,13999.0,4752.0,4753.0,13994.0,4751.0,14004.0,77.5,ais/manual,True,False,9999.99,9999.99,HIGH
validation,SLC,5e9a2c1bcf179e9bv,5e9a2c1bcf179e9bv_056.96025182000000341986_008.21852419300000036628,S1A_IW_SLC__1SDV_20200904T171758_20200904T171831_034212_03F991_8544,3,56.96025182,8.218524193,22544.0,1152.0,1156.0,22530.0,1149.0,22558.0,78.98389337,ais/manual,True,False,7.764605007573625,7.443473316951436,HIGH
validation,SLC,5e9a2c1bcf179e9bv,5e9a2c1bcf179e9bv_056.04235855000000299242_005.04979201200000016314,S1A_IW_SLC__1SDV_20200904T171758_20200904T171831_034212_03F991_8544,1,56.04235855,5.049792012,9218.0,5005.0,5008.0,9213.0,5004.0,9226.0,58.63484783,ais/manual,True,False,9999.99,9999.99,HIGH
validation,SLC,5e9a2c1bcf179e9bv,5e9a2c1bcf179e9bv_055.61759109999999850515_005.20549742700000006579,S1A_IW_SLC__1SDV_20200904T171758_20200904T171831_034212_03F991_8544,1,55.6175911,5.205497427,9235.0,8474.0,8477.0,9227.0,8471.0,9243.0,40.95890117,ais/manual,True,True,9999.99,9999.99,HIGH
validation,SLC,5e9a2c1bcf179e9bv,5e9a2c1bcf179e9bv_056.61094332999999778622_007.77264898099999967940,S1A_IW_SLC__1SDV_20200904T171758_20200904T171831_034212_03F991_8544,3,56.61094333,7.7726489810000015,12626.0,3625.0,3629.0,12617.0,3620.0,12634.0,48.55,ais/manual,True,True,9999.99,9999.99,HIGH
validation,SLC,5e9a2c1bcf179e9bv,5e9a2c1bcf179e9bv_055.45924878999999663165_007.29924516099999998175,S1A_IW_SLC__1SDV_20200904T171758_20200904T171831_034212_03F991_8544,2,55.45924879,7.299245161,21959.0,11934.0,11936.0,21947.0,11931.0,21971.0,58.11155977,ais/manual,True,False,9999.99,9999.99,HIGH
validation,SLC,5e9a2c1bcf179e9bv,5e9a2c1bcf179e9bv_055.86342221999999679838_008.03153204500000050814,S1A_IW_SLC__1SDV_20200904T171758_20200904T171831_034212_03F991_8544,3,55.86342222,8.031532045,13378.0,9743.0,9748.0,13370.0,9739.0,13387.0,16.98,ais/manual,True,True,7.779083498807432,7.332661632868999,HIGH
validation,SLC,5e9a2c1bcf179e9bv,5e9a2c1bcf179e9bv_056.05565059999999988349_006.71240477799999979425,S1A_IW_SLC__1SDV_20200904T171758_20200904T171831_034212_03F991_8544,2,56.05565060000001,6.712404778,15129.0,6763.0,6767.0,15122.0,6758.0,15137.0,18.935,ais/manual,True,True,9999.99,9999.99,HIGH
validation,SLC,5e9a2c1bcf179e9bv,5e9a2c1bcf179e9bv_055.70511263000000212742_005.30641654099999993122,S1A_IW_SLC__1SDV_20200904T171758_20200904T171831_034212_03F991_8544,1,55.70511263,5.306416541,11153.0,7877.0,7882.0,11147.0,7873.0,11162.0,37.465,ais/manual,True,True,9999.99,9999.99,HIGH
validation,SLC,5e9a2c1bcf179e9bv,5e9a2c1bcf179e9bv_057.01511702999999897656_007.83397222700000028794,S1A_IW_SLC__1SDV_20200904T171758_20200904T171831_034212_03F991_8544,3,57.01511703,7.833972227,15856.0,457.0,465.0,15837.0,448.0,15876.0,42.35,ais/manual,True,True,9999.99,9999.99,HIGH
validation,SLC,5e9a2c1bcf179e9bv,5e9a2c1bcf179e9bv_056.77069457999999713138_008.09942744700000005764,S1A_IW_SLC__1SDV_20200904T171758_20200904T171831_034212_03F991_8544,3,56.77069458,8.099427447,19378.0,2581.0,2587.0,19366.0,2575.0,19394.0,75.4,ais/manual,True,True,7.750664637854747,7.744298248914339,HIGH
validation,SLC,5e9a2c1bcf179e9bv,5e9a2c1bcf179e9bv_055.69031125000000059799_006.31800248700000022239,S1A_IW_SLC__1SDV_20200904T171758_20200904T171831_034212_03F991_8544,2,55.69031125,6.318002487,6694.0,9328.0,9331.0,6677.0,9325.0,6714.0,171.71813269999996,ais/manual,True,False,9999.99,9999.99,HIGH
validation,SLC,5e9a2c1bcf179e9bv,5e9a2c1bcf179e9bv_056.91741179000000272481_007.05720228800000004554,S1A_IW_SLC__1SDV_20200904T171758_20200904T171831_034212_03F991_8544,3,56.91741179,7.057202287999999,1735.0,680.0,689.0,1716.0,672.0,1756.0,173.47877119999995,ais/manual,True,False,9999.99,9999.99,HIGH
validation,SLC,5e9a2c1bcf179e9bv,5e9a2c1bcf179e9bv_055.11556673999999844682_006.77963059899999986868,S1A_IW_SLC__1SDV_20200904T171758_20200904T171831_034212_03F991_8544,2,55.11556674,6.779630599,11217.0,14237.0,14256.0,11191.0,14218.0,11245.0,169.052171,ais/manual,True,False,9999.99,9999.99,HIGH
validation,SLC,5e9a2c1bcf179e9bv,5e9a2c1bcf179e9bv_055.54222044000000124697_006.53418621500000007529,S1A_IW_SLC__1SDV_20200904T171758_20200904T171831_034212_03F991_8544,2,55.54222044,6.534186215,9422.0,10672.0,10674.0,9413.0,10670.0,9431.0,89.1640071,ais/manual,True,False,9999.99,9999.99,HIGH
validation,SLC,5e9a2c1bcf179e9bv,5e9a2c1bcf179e9bv_055.79474437999999736348_006.73219643899999997672,S1A_IW_SLC__1SDV_20200904T171758_20200904T171831_034212_03F991_8544,2,55.79474438,6.732196439,14059.0,8839.0,8848.0,14041.0,8830.0,14077.0,124.885385,ais/manual,True,False,9999.99,9999.99,HIGH
validation,SLC,5e9a2c1bcf179e9bv,5e9a2c1bcf179e9bv_056.61390052000000139287_005.79508631100000037861,S1A_IW_SLC__1SDV_20200904T171758_20200904T171831_034212_03F991_8544,2,56.61390052,5.795086311,3395.0,1623.0,1629.0,3387.0,1618.0,3405.0,22.19610496,ais/manual,True,True,9999.99,9999.99,HIGH
validation,SLC,5e9a2c1bcf179e9bv,5e9a2c1bcf179e9bv_056.73586322999999964622_007.40271550799999999981,S1A_IW_SLC__1SDV_20200904T171758_20200904T171831_034212_03F991_8544,3,56.73586323,7.402715507999999,6736.0,2370.0,2374.0,6716.0,2367.0,6754.0,59.83471927,ais/manual,True,False,9999.99,9999.99,HIGH
validation,SLC,5e9a2c1bcf179e9bv,5e9a2c1bcf179e9bv_056.48834309000000075685_004.44751011299999987614,S1A_IW_SLC__1SDV_20200904T171758_20200904T171831_034212_03F991_8544,1,56.48834309,4.447510113,3225.0,972.0,983.0,3214.0,961.0,3236.0,302.5529044,ais/manual,True,False,9999.99,9999.99,HIGH
validation,SLC,5e9a2c1bcf179e9bv,5e9a2c1bcf179e9bv_056.36782070000000288701_005.19371953000000008416,S1A_IW_SLC__1SDV_20200904T171758_20200904T171831_034212_03F991_8544,1,56.3678207,5.19371953,12996.0,2579.0,2595.0,12979.0,2563.0,13013.0,169.04,ais/manual,True,False,9999.99,9999.99,HIGH
validation,SLC,5e9a2c1bcf179e9bv,5e9a2c1bcf179e9bv_055.87230919000000284314_005.26287170099999990214,S1A_IW_SLC__1SDV_20200904T171758_20200904T171831_034212_03F991_8544,1,55.87230919,5.262871701,11394.0,6527.0,6533.0,11384.0,6522.0,11403.0,96.36697603,ais/manual,True,False,9999.99,9999.99,HIGH
validation,SLC,5e9a2c1bcf179e9bv,5e9a2c1bcf179e9bv_056.00768383999999855405_005.36342776199999970999,S1A_IW_SLC__1SDV_20200904T171758_20200904T171831_034212_03F991_8544,1,56.00768384,5.363427762,13577.0,5553.0,5557.0,13563.0,5549.0,13590.0,63.0,ais/manual,True,True,9999.99,9999.99,HIGH
validation,SLC,5e9a2c1bcf179e9bv,5e9a2c1bcf179e9bv_055.58471847999999937429_005.19232040200000000141,S1A_IW_SLC__1SDV_20200904T171758_20200904T171831_034212_03F991_8544,1,55.58471848,5.192320402,8875.0,8720.0,8723.0,8869.0,8717.0,8883.0,53.9,ais/manual,True,True,9999.99,9999.99,HIGH
validation,SLC,5e9a2c1bcf179e9bv,5e9a2c1bcf179e9bv_055.99423207000000246580_008.08790412499999966656,S1A_IW_SLC__1SDV_20200904T171758_20200904T171831_034212_03F991_8544,3,55.99423207,8.087904125,15101.0,8744.0,8752.0,15088.0,8736.0,15115.0,75.49,ais/manual,True,False,1.5685633380670094,1.8349170634509435,HIGH
validation,SLC,5e9a2c1bcf179e9bv,5e9a2c1bcf179e9bv_055.12597183999999828075_005.26722781800000028340,S1A_IW_SLC__1SDV_20200904T171758_20200904T171831_034212_03F991_8544,1,55.12597184,5.267227818,7581.0,12383.0,12385.0,7578.0,12380.0,7587.0,67.4,ais/manual,True,True,9999.99,9999.99,HIGH
validation,SLC,5e9a2c1bcf179e9bv,5e9a2c1bcf179e9bv_055.22529251000000272143_005.79293410100000016882,S1A_IW_SLC__1SDV_20200904T171758_20200904T171831_034212_03F991_8544,1,55.22529251,5.792934101,15900.0,12071.0,12081.0,15878.0,12061.0,15924.0,162.1725983,ais/manual,True,False,9999.99,9999.99,HIGH
validation,SLC,5e9a2c1bcf179e9bv,5e9a2c1bcf179e9bv_056.76304619999999800939_007.63354395200000013233,S1A_IW_SLC__1SDV_20200904T171758_20200904T171831_034212_03F991_8544,3,56.76304620000001,7.633543952,10949.0,2319.0,2328.0,10927.0,2311.0,10974.0,134.03350840000002,ais/manual,True,False,9999.99,9999.99,HIGH
validation,SLC,5e9a2c1bcf179e9bv,5e9a2c1bcf179e9bv_056.95488510999999931528_007.77369896999999987486,S1A_IW_SLC__1SDV_20200904T171758_20200904T171831_034212_03F991_8544,3,56.95488511,7.77369897,14460.0,894.0,909.0,14414.0,880.0,14506.0,258.951208,ais/manual,True,False,9999.99,9999.99,HIGH
validation,SLC,5e9a2c1bcf179e9bv,5e9a2c1bcf179e9bv_056.51148810000000111131_007.28735163700000043718,S1A_IW_SLC__1SDV_20200904T171758_20200904T171831_034212_03F991_8544,3,56.51148810000001,7.287351637,3525.0,4065.0,4075.0,3497.0,4055.0,3553.0,214.1519885,ais/manual,True,False,9999.99,9999.99,HIGH
validation,SLC,5e9a2c1bcf179e9bv,5e9a2c1bcf179e9bv_055.20741457999999823869_005.59138898099999970270,S1A_IW_SLC__1SDV_20200904T171758_20200904T171831_034212_03F991_8544,1,55.20741458,5.5913889810000015,12759.0,12034.0,12039.0,12748.0,12030.0,12771.0,114.7509025,ais/manual,True,False,9999.99,9999.99,HIGH
validation,SLC,5e9a2c1bcf179e9bv,5e9a2c1bcf179e9bv_056.63679135999999658679_007.89425526800000021410,S1A_IW_SLC__1SDV_20200904T171758_20200904T171831_034212_03F991_8544,3,56.63679136,7.894255267999999,14951.0,3504.0,3507.0,14940.0,3502.0,14961.0,92.8018908,ais/manual,True,False,9999.99,9999.99,HIGH
validation,SLC,5e9a2c1bcf179e9bv,5e9a2c1bcf179e9bv_055.82050147999999722970_005.23302549900000002481,S1A_IW_SLC__1SDV_20200904T171758_20200904T171831_034212_03F991_8544,1,55.82050148,5.233025499,10690.0,6907.0,6912.0,10680.0,6903.0,10699.0,62.6,ais/manual,True,True,9999.99,9999.99,HIGH
validation,SLC,5e9a2c1bcf179e9bv,5e9a2c1bcf179e9bv_055.92629851000000229533_005.78278579399999959065,S1A_IW_SLC__1SDV_20200904T171758_20200904T171831_034212_03F991_8544,1,55.92629851,5.782785794,19455.0,6552.0,6555.0,19446.0,6550.0,19465.0,32.10252861,ais/manual,True,True,9999.99,9999.99,HIGH
validation,SLC,5e9a2c1bcf179e9bv,5e9a2c1bcf179e9bv_056.26988525000000151977_007.93974174299999990723,S1A_IW_SLC__1SDV_20200904T171758_20200904T171831_034212_03F991_8544,3,56.26988525,7.939741743,13843.0,6450.0,6453.0,13838.0,6448.0,13850.0,16.99,ais/manual,True,True,9999.99,9999.99,HIGH
validation,SLC,5e9a2c1bcf179e9bv,5e9a2c1bcf179e9bv_055.13586890999999923224_005.03146040399999971982,S1A_IW_SLC__1SDV_20200904T171758_20200904T171831_034212_03F991_8544,1,55.13586891,5.031460404,4288.0,12090.0,12093.0,4271.0,12087.0,4307.0,142.27494430000004,ais/manual,True,False,9999.99,9999.99,HIGH
validation,SLC,5e9a2c1bcf179e9bv,5e9a2c1bcf179e9bv_055.63842573000000157890_005.06770304299999985176,S1A_IW_SLC__1SDV_20200904T171758_20200904T171831_034212_03F991_8544,1,55.63842573,5.067703043,7375.0,8187.0,8190.0,7367.0,8184.0,7386.0,78.0,ais/manual,True,True,9999.99,9999.99,HIGH
validation,SLC,5e9a2c1bcf179e9bv,5e9a2c1bcf179e9bv_055.55826723999999927628_006.20171520800000042328,S1A_IW_SLC__1SDV_20200904T171758_20200904T171831_034212_03F991_8544,2,55.55826724,6.201715208,4123.0,10271.0,10276.0,4108.0,10267.0,4140.0,133.18843529999998,ais/manual,True,False,9999.99,9999.99,HIGH
validation,SLC,5e9a2c1bcf179e9bv,5e9a2c1bcf179e9bv_055.44014423000000135744_008.27191286100000056081,S1A_IW_SLC__1SDV_20200904T171758_20200904T171831_034212_03F991_8544,3,55.44014423,8.271912861,15605.0,13275.0,13278.0,15598.0,13274.0,15615.0,53.12530946,ais/manual,True,False,3.6604925331584406,4.299112370634671,HIGH
validation,SLC,5e9a2c1bcf179e9bv,5e9a2c1bcf179e9bv_055.62640915000000063628_005.03250909499999998786,S1A_IW_SLC__1SDV_20200904T171758_20200904T171831_034212_03F991_8544,1,55.62640915,5.032509095,6816.0,8249.0,8252.0,6810.0,8246.0,6822.0,58.50787742,ais/manual,True,True,9999.99,9999.99,HIGH
validation,SLC,5e9a2c1bcf179e9bv,5e9a2c1bcf179e9bv_055.63477060999999679325_004.94183576200000018730,S1A_IW_SLC__1SDV_20200904T171758_20200904T171831_034212_03F991_8544,1,55.63477061,4.941835762,5587.0,8102.0,8110.0,5576.0,8094.0,5599.0,48.8,ais/manual,True,True,9999.99,9999.99,HIGH
validation,SLC,5e9a2c1bcf179e9bv,5e9a2c1bcf179e9bv_056.22526563000000265902_007.37240713400000036160,S1A_IW_SLC__1SDV_20200904T171758_20200904T171831_034212_03F991_8544,3,56.22526563,7.372407133999999,3480.0,6395.0,6405.0,3460.0,6386.0,3499.0,122.6505431,ais/manual,True,False,9999.99,9999.99,HIGH
validation,SLC,5e9a2c1bcf179e9bv,5e9a2c1bcf179e9bv_056.30573840000000274131_006.09391649899999965356,S1A_IW_SLC__1SDV_20200904T171758_20200904T171831_034212_03F991_8544,2,56.3057384,6.093916499,6412.0,4295.0,4298.0,6403.0,4292.0,6422.0,125.5305557,ais/manual,True,False,9999.99,9999.99,HIGH
validation,SLC,5e9a2c1bcf179e9bv,5e9a2c1bcf179e9bv_055.61681721000000067079_005.14614362699999983164,S1A_IW_SLC__1SDV_20200904T171758_20200904T171831_034212_03F991_8544,1,55.61681721,5.146143627,8380.0,8427.0,8429.0,8374.0,8424.0,8388.0,47.48,ais/manual,True,True,9999.99,9999.99,HIGH
validation,SLC,5e9a2c1bcf179e9bv,5e9a2c1bcf179e9bv_055.26215726000000216800_006.19424426399999994430,S1A_IW_SLC__1SDV_20200904T171758_20200904T171831_034212_03F991_8544,2,55.26215726,6.194244264,2427.0,12596.0,12607.0,2404.0,12586.0,2452.0,160.7712657,ais/manual,True,False,9999.99,9999.99,HIGH
validation,SLC,5e9a2c1bcf179e9bv,5e9a2c1bcf179e9bv_055.43016218999999722428_008.22674288400000008892,S1A_IW_SLC__1SDV_20200904T171758_20200904T171831_034212_03F991_8544,3,55.43016219,8.226742884,14710.0,13323.0,13327.0,14696.0,13319.0,14727.0,79.43,ais/manual,True,False,6.728172697099627,6.481276015407374,HIGH
validation,SLC,5e9a2c1bcf179e9bv,5e9a2c1bcf179e9bv_055.66048170999999911146_005.07121587700000020504,S1A_IW_SLC__1SDV_20200904T171758_20200904T171831_034212_03F991_8544,1,55.66048171,5.071215877,7539.0,8017.0,8020.0,7531.0,8015.0,7547.0,43.305,ais/manual,True,True,9999.99,9999.99,HIGH
validation,SLC,5e9a2c1bcf179e9bv,5e9a2c1bcf179e9bv_056.32738635999999843307_006.71008230600000032950,S1A_IW_SLC__1SDV_20200904T171758_20200904T171831_034212_03F991_8544,2,56.32738636,6.710082306,16552.0,4615.0,4617.0,16548.0,4612.0,16559.0,22.31666667,ais/manual,True,True,9999.99,9999.99,HIGH
validation,SLC,5e9a2c1bcf179e9bv,5e9a2c1bcf179e9bv_055.42796591999999833433_004.81016764299999977084,S1A_IW_SLC__1SDV_20200904T171758_20200904T171831_034212_03F991_8544,1,55.42796592,4.810167643,2713.0,9600.0,9601.0,2708.0,9599.0,2717.0,79.36555425,ais/manual,True,False,9999.99,9999.99,HIGH
validation,SLC,5e9a2c1bcf179e9bv,5e9a2c1bcf179e9bv_054.99654018999999749440_006.01093379499999969084,S1A_IW_SLC__1SDV_20200904T171758_20200904T171831_034212_03F991_8544,1,54.99654019,6.010933795,18061.0,14058.0,14066.0,18047.0,14050.0,18077.0,136.607555,ais/manual,True,False,9999.99,9999.99,HIGH
validation,SLC,5e9a2c1bcf179e9bv,5e9a2c1bcf179e9bv_055.83647923000000190541_007.81727791600000010419,S1A_IW_SLC__1SDV_20200904T171758_20200904T171831_034212_03F991_8544,3,55.83647923,7.817277916,9333.0,9803.0,9807.0,9320.0,9800.0,9347.0,44.32903925,ais/manual,True,False,9999.99,9999.99,HIGH
validation,SLC,128443d1e98e2839v,128443d1e98e2839v_-01.44307067600000005214_008.87270525399999954175,S1A_IW_SLC__1SDV_20200907T050725_20200907T050752_034248_03FAD3_1672,2,-1.4430706759999998,8.872705254,5889.0,4251.0,4254.0,5871.0,4248.0,5906.0,55.4703671,ais/manual,True,False,9999.99,9999.99,HIGH
validation,SLC,128443d1e98e2839v,128443d1e98e2839v_-00.64890062400000003695_008.81998187399999977742,S1A_IW_SLC__1SDV_20200907T050725_20200907T050752_034248_03FAD3_1672,2,-0.648900624,8.819981874,12312.0,10279.0,10285.0,12299.0,10273.0,12324.0,38.72538996,ais/manual,True,True,5.846237981709609,6.387391804067181,HIGH
validation,SLC,128443d1e98e2839v,128443d1e98e2839v_-01.61967048099999999522_009.15642888900000073704,S1A_IW_SLC__1SDV_20200907T050725_20200907T050752_034248_03FAD3_1672,1,-1.619670481,9.156428889,16872.0,4233.0,4236.0,16859.0,4230.0,16886.0,73.02423356,ais/manual,True,False,6.387938859891363,5.416239049845993,HIGH
validation,SLC,128443d1e98e2839v,128443d1e98e2839v_-02.07501470199999982214_009.16231389300000031994,S1A_IW_SLC__1SDV_20200907T050725_20200907T050752_034248_03FAD3_1672,1,-2.075014702,9.162313893,14115.0,739.0,744.0,14092.0,733.0,14137.0,157.554398,ais/manual,True,False,9999.99,9999.99,HIGH
validation,SLC,128443d1e98e2839v,128443d1e98e2839v_-00.73331049800000003280_008.79634176100000075849,S1A_IW_SLC__1SDV_20200907T050725_20200907T050752_034248_03FAD3_1672,2,-0.7333104979999999,8.796341761,12480.0,9590.0,9593.0,12470.0,9586.0,12494.0,51.45076767,ais/manual,True,False,0.016984126140458,0.0772647077815447,HIGH
validation,SLC,128443d1e98e2839v,128443d1e98e2839v_-01.73556814500000000656_009.11472069400000073358,S1A_IW_SLC__1SDV_20200907T050725_20200907T050752_034248_03FAD3_1672,1,-1.735568145,9.114720694,17337.0,3271.0,3275.0,17330.0,3268.0,17345.0,50.16433817,ais/manual,True,True,9999.99,9999.99,HIGH
validation,SLC,128443d1e98e2839v,128443d1e98e2839v_-01.77148467400000009242_008.87169590699999943695,S1A_IW_SLC__1SDV_20200907T050725_20200907T050752_034248_03FAD3_1672,2,-1.771484674,8.871695907000001,3934.0,1720.0,1723.0,3919.0,1718.0,3948.0,52.68797657,ais/manual,True,False,9999.99,9999.99,HIGH
validation,SLC,128443d1e98e2839v,128443d1e98e2839v_-00.95704290899999999720_008.71606806800000022406,S1A_IW_SLC__1SDV_20200907T050725_20200907T050752_034248_03FAD3_1672,2,-0.957042909,8.716068068,13457.0,7732.0,7734.0,13447.0,7730.0,13466.0,39.86534516,ais/manual,True,False,9999.99,9999.99,HIGH
validation,SLC,4da9db72dea50504v,4da9db72dea50504v_005.52220932999999991608_004.87904735700000014020,S1A_IW_SLC__1SDV_20200910T053004_20200910T053034_034292_03FC65_1F7A,1,5.52220933,4.879047357,6262.0,3557.0,3560.0,6254.0,3555.0,6270.0,53.79580052,ais/manual,True,False,9999.99,9999.99,HIGH
validation,SLC,4da9db72dea50504v,4da9db72dea50504v_006.36675247500000018874_003.32211440599999985324,S1A_IW_SLC__1SDV_20200910T053004_20200910T053034_034292_03FC65_1F7A,3,6.366752475,3.3221144060000003,12672.0,8544.0,8551.0,12635.0,8537.0,12709.0,33.37700567,ais/manual,True,False,3.8148934715685394,4.058053808255689,HIGH
validation,SLC,4da9db72dea50504v,4da9db72dea50504v_006.35941424199999971734_003.33919896899999990580,S1A_IW_SLC__1SDV_20200910T053004_20200910T053034_034292_03FC65_1F7A,3,6.359414242000001,3.339198969,12071.0,8514.0,8523.0,12050.0,8506.0,12092.0,83.73836994,ais/manual,True,False,4.563996865099364,4.5002321303656165,HIGH
validation,SLC,4da9db72dea50504v,4da9db72dea50504v_005.51866821600000001524_004.96746444600000014447,S1A_IW_SLC__1SDV_20200910T053004_20200910T053034_034292_03FC65_1F7A,1,5.518668216,4.967464446,4038.0,3672.0,3676.0,4029.0,3668.0,4047.0,53.73428802,ais/manual,True,False,9999.99,9999.99,HIGH
validation,SLC,4da9db72dea50504v,4da9db72dea50504v_006.35428768600000015709_003.42183703400000016615,S1A_IW_SLC__1SDV_20200910T053004_20200910T053034_034292_03FC65_1F7A,3,6.354287686,3.421837034,9379.0,8605.0,8616.0,9356.0,8594.0,9402.0,157.947721,ais/manual,True,False,5.194468826400586,5.669176200348378,HIGH
validation,SLC,4da9db72dea50504v,4da9db72dea50504v_005.57497421199999987351_005.10408698799999971385,S1A_IW_SLC__1SDV_20200910T053004_20200910T053034_034292_03FC65_1F7A,1,5.574974212000001,5.104086988,989.0,4326.0,4327.0,983.0,4324.0,994.0,45.39788236,ais/manual,True,False,6.758325305252325,6.376239180456733,HIGH
validation,SLC,4da9db72dea50504v,4da9db72dea50504v_005.31639286700000024410_004.37536194100000042084,S1A_IW_SLC__1SDV_20200910T053004_20200910T053034_034292_03FC65_1F7A,1,5.316392867,4.375361941,18400.0,1162.0,1163.0,18394.0,1160.0,18406.0,56.2283703,ais/manual,True,False,9999.99,9999.99,HIGH
validation,SLC,4da9db72dea50504v,4da9db72dea50504v_006.35192718900000041771_003.30519709899999991620,S1A_IW_SLC__1SDV_20200910T053004_20200910T053034_034292_03FC65_1F7A,3,6.351927189,3.305197099,13122.0,8403.0,8409.0,13086.0,8396.0,13159.0,114.1214215,ais/manual,True,False,5.592698678054382,5.99524872096358,HIGH
validation,SLC,4da9db72dea50504v,4da9db72dea50504v_005.36500317299999984755_004.31411007899999976445,S1A_IW_SLC__1SDV_20200910T053004_20200910T053034_034292_03FC65_1F7A,2,5.365003173,4.314110079,430.0,1910.0,1915.0,422.0,1905.0,439.0,56.43984141,ais/manual,True,False,9999.99,9999.99,HIGH
validation,SLC,4da9db72dea50504v,4da9db72dea50504v_006.27598993700000029605_003.20218156000000009342,S1A_IW_SLC__1SDV_20200910T053004_20200910T053034_034292_03FC65_1F7A,3,6.275989937,3.20218156,15976.0,7652.0,7666.0,15941.0,7639.0,16010.0,146.3818909,ais/manual,True,False,9999.99,9999.99,HIGH
validation,SLC,4da9db72dea50504v,4da9db72dea50504v_006.32391777000000043785_003.39043947899999986717,S1A_IW_SLC__1SDV_20200910T053004_20200910T053034_034292_03FC65_1F7A,3,6.32391777,3.390439479,10188.0,8321.0,8329.0,10158.0,8312.0,10217.0,170.89497240000003,ais/manual,True,False,7.800746473728017,8.051629673699898,HIGH
validation,SLC,4da9db72dea50504v,4da9db72dea50504v_006.33279844599999997001_003.20572974599999982459,S1A_IW_SLC__1SDV_20200910T053004_20200910T053034_034292_03FC65_1F7A,3,6.332798446,3.2057297460000003,16237.0,8098.0,8109.0,16193.0,8086.0,16281.0,186.6747123,ais/manual,True,False,7.902941315994264,7.619518031952971,HIGH
validation,SLC,4da9db72dea50504v,4da9db72dea50504v_006.37846734499999978851_003.38749667499999995712,S1A_IW_SLC__1SDV_20200910T053004_20200910T053034_034292_03FC65_1F7A,3,6.378467345,3.387496675,10639.0,8738.0,8742.0,10627.0,8734.0,10650.0,26.49093979,ais/manual,True,False,1.8241402885553049,2.0569709952265054,HIGH
validation,SLC,4da9db72dea50504v,4da9db72dea50504v_006.35759688400000033681_003.35140424100000000607,S1A_IW_SLC__1SDV_20200910T053004_20200910T053034_034292_03FC65_1F7A,3,6.357596884,3.3514042410000005,11665.0,8520.0,8525.0,11641.0,8514.0,11689.0,64.87461302,ais/manual,True,False,4.652538185408386,4.722591836442365,HIGH
validation,SLC,4da9db72dea50504v,4da9db72dea50504v_006.28863962399999998354_003.23771648000000000778,S1A_IW_SLC__1SDV_20200910T053004_20200910T053034_034292_03FC65_1F7A,3,6.288639624,3.23771648,14899.0,7806.0,7815.0,14869.0,7798.0,14929.0,135.53755780000003,ais/manual,True,False,9999.99,9999.99,HIGH
validation,SLC,4da9db72dea50504v,4da9db72dea50504v_006.37541607100000007335_003.35358646599999987714,S1A_IW_SLC__1SDV_20200910T053004_20200910T053034_034292_03FC65_1F7A,3,6.375416071,3.3535864660000003,11711.0,8661.0,8667.0,11678.0,8655.0,11745.0,98.37142334,ais/manual,True,False,2.6723399833252746,2.8190232785916,HIGH
validation,SLC,4da9db72dea50504v,4da9db72dea50504v_005.79481866899999964460_004.90484440899999984964,S1A_IW_SLC__1SDV_20200910T053004_20200910T053034_034292_03FC65_1F7A,1,5.794818669,4.904844409,7029.0,5702.0,5706.0,7016.0,5696.0,7040.0,35.44674516,ais/manual,True,False,9999.99,9999.99,HIGH
validation,SLC,4da9db72dea50504v,4da9db72dea50504v_006.30414273900000043938_003.14432994299999979404,S1A_IW_SLC__1SDV_20200910T053004_20200910T053034_034292_03FC65_1F7A,3,6.304142739,3.144329943,18062.0,7779.0,7781.0,18054.0,7777.0,18070.0,22.54033119,ais/manual,True,True,9999.99,9999.99,HIGH
validation,SLC,4da9db72dea50504v,4da9db72dea50504v_006.35909034799999961507_003.41153332099999984095,S1A_IW_SLC__1SDV_20200910T053004_20200910T053034_034292_03FC65_1F7A,3,6.359090348,3.4115333210000003,9740.0,8626.0,8630.0,9723.0,8622.0,9758.0,86.2621623,ais/manual,True,False,4.211232647485075,4.659462109371367,HIGH
validation,SLC,4da9db72dea50504v,4da9db72dea50504v_006.29173206599999979005_003.56797134500000012736,S1A_IW_SLC__1SDV_20200910T053004_20200910T053034_034292_03FC65_1F7A,3,6.291732066000002,3.567971345,4335.0,8352.0,8357.0,4326.0,8347.0,4345.0,51.57293807,ais/manual,True,False,9999.99,9999.99,HIGH
validation,SLC,4da9db72dea50504v,4da9db72dea50504v_006.11843951799999974384_004.28665259000000009593,S1A_IW_SLC__1SDV_20200910T053004_20200910T053034_034292_03FC65_1F7A,2,6.118439518,4.28665259,5548.0,7683.0,7686.0,5540.0,7680.0,5555.0,32.22815658,ais/manual,True,True,9999.99,9999.99,HIGH
validation,SLC,4da9db72dea50504v,4da9db72dea50504v_006.32920518300000001233_003.33185573200000018090,S1A_IW_SLC__1SDV_20200910T053004_20200910T053034_034292_03FC65_1F7A,3,6.329205182999999,3.331855732,12110.0,8269.0,8279.0,12074.0,8259.0,12146.0,117.4598938,ais/manual,True,False,7.927431333928593,7.860278793002811,HIGH
validation,SLC,4da9db72dea50504v,4da9db72dea50504v_006.34560085499999981806_003.29497630500000004972,S1A_IW_SLC__1SDV_20200910T053004_20200910T053034_034292_03FC65_1F7A,3,6.345600855,3.294976305,13412.0,8338.0,8344.0,13382.0,8331.0,13443.0,156.097763,ais/manual,True,False,6.328766323775579,6.692891113955885,HIGH
validation,SLC,4da9db72dea50504v,4da9db72dea50504v_006.29311419400000016111_004.02575755400000012685,S1A_IW_SLC__1SDV_20200910T053004_20200910T053034_034292_03FC65_1F7A,2,6.293114194,4.025757554,14186.0,8618.0,8622.0,14178.0,8615.0,14194.0,30.29911089,ais/manual,True,True,9999.99,9999.99,HIGH
validation,SLC,4da9db72dea50504v,4da9db72dea50504v_006.34088612499999992878_003.31332801000000021219,S1A_IW_SLC__1SDV_20200910T053004_20200910T053034_034292_03FC65_1F7A,3,6.340886125,3.31332801,12786.0,8330.0,8340.0,12750.0,8320.0,12820.0,109.9630834,ais/manual,True,False,6.731089618439158,7.071981372289465,HIGH
validation,SLC,4da9db72dea50504v,4da9db72dea50504v_006.33242759699999968603_003.38158534899999985157,S1A_IW_SLC__1SDV_20200910T053004_20200910T053034_034292_03FC65_1F7A,3,6.332427597000001,3.381585349,10528.0,8373.0,8385.0,10498.0,8360.0,10558.0,121.6145717,ais/manual,True,False,6.948443333593538,7.174737309534769,HIGH
validation,SLC,4da9db72dea50504v,4da9db72dea50504v_005.54360481099999979904_004.88949235499999979027,S1A_IW_SLC__1SDV_20200910T053004_20200910T053034_034292_03FC65_1F7A,1,5.543604811,4.889492355,6110.0,3739.0,3743.0,6097.0,3735.0,6124.0,62.25506206,ais/manual,True,False,9999.99,9999.99,HIGH
validation,SLC,4da9db72dea50504v,4da9db72dea50504v_005.71847681800000007257_004.45194891700000017210,S1A_IW_SLC__1SDV_20200910T053004_20200910T053034_034292_03FC65_1F7A,1,5.718476817999999,4.451948917,18565.0,4388.0,4390.0,18552.0,4386.0,18579.0,91.04994989,ais/manual,True,False,9999.99,9999.99,HIGH
validation,SLC,4da9db72dea50504v,4da9db72dea50504v_005.56893806899999965765_004.91231403200000027454,S1A_IW_SLC__1SDV_20200910T053004_20200910T053034_034292_03FC65_1F7A,1,5.568938069,4.912314032,5669.0,3971.0,3977.0,5659.0,3966.0,5679.0,26.04212316,ais/manual,True,True,9999.99,9999.99,HIGH
validation,SLC,4da9db72dea50504v,4da9db72dea50504v_006.38689086000000028065_003.48190401200000021475,S1A_IW_SLC__1SDV_20200910T053004_20200910T053034_034292_03FC65_1F7A,3,6.38689086,3.481904012,7672.0,8952.0,8957.0,7657.0,8948.0,7687.0,29.03634606,ais/manual,True,True,3.668709680036464,3.559722074833523,HIGH
validation,SLC,4da9db72dea50504v,4da9db72dea50504v_005.42685920400000032515_004.71363687699999989178,S1A_IW_SLC__1SDV_20200910T053004_20200910T053034_034292_03FC65_1F7A,1,5.426859203999999,4.713636877,9986.0,2557.0,2565.0,9957.0,2547.0,10014.0,105.7147017,ais/manual,True,False,9999.99,9999.99,HIGH
validation,SLC,4da9db72dea50504v,4da9db72dea50504v_006.35857418800000040449_003.37663159199999984850,S1A_IW_SLC__1SDV_20200910T053004_20200910T053034_034292_03FC65_1F7A,3,6.358574188,3.376631592,10858.0,8567.0,8573.0,10831.0,8561.0,10886.0,77.59637143,ais/manual,True,False,4.158066789578481,4.341670284424687,HIGH
validation,SLC,4da9db72dea50504v,4da9db72dea50504v_006.29499707899999982885_003.17389103899999991398,S1A_IW_SLC__1SDV_20200910T053004_20200910T053034_034292_03FC65_1F7A,3,6.294997079,3.173891039,17029.0,7755.0,7769.0,16985.0,7740.0,17073.0,196.9880722,ais/manual,True,False,9999.99,9999.99,HIGH
validation,SLC,4da9db72dea50504v,4da9db72dea50504v_006.33051765599999960443_003.39532673699999998362,S1A_IW_SLC__1SDV_20200910T053004_20200910T053034_034292_03FC65_1F7A,3,6.3305176560000005,3.395326737,10074.0,8379.0,8391.0,10042.0,8368.0,10106.0,112.5886863,ais/manual,True,False,7.073440300286727,7.340764848226618,HIGH
validation,SLC,4da9db72dea50504v,4da9db72dea50504v_006.35808315299999993186_003.29724387999999990484,S1A_IW_SLC__1SDV_20200910T053004_20200910T053034_034292_03FC65_1F7A,3,6.358083153,3.29724388,13421.0,8438.0,8443.0,13380.0,8433.0,13458.0,108.9856779,ais/manual,True,False,4.946322645976857,5.314945460018271,HIGH
validation,SLC,4da9db72dea50504v,4da9db72dea50504v_006.36953615699999975419_003.35358243999999983131,S1A_IW_SLC__1SDV_20200910T053004_20200910T053034_034292_03FC65_1F7A,3,6.369536157000001,3.35358244,11673.0,8615.0,8625.0,11637.0,8606.0,11708.0,92.09711576,ais/manual,True,False,3.325089275140815,3.465640846424609,HIGH
validation,SLC,4da9db72dea50504v,4da9db72dea50504v_006.25854518099999967973_003.16058981199999999845,S1A_IW_SLC__1SDV_20200910T053004_20200910T053034_034292_03FC65_1F7A,3,6.2585451810000015,3.160589812,17223.0,7452.0,7456.0,17211.0,7447.0,17236.0,22.53118896,ais/manual,True,True,9999.99,9999.99,HIGH
validation,SLC,4da9db72dea50504v,4da9db72dea50504v_006.29709056599999961179_003.33355303899999988460,S1A_IW_SLC__1SDV_20200910T053004_20200910T053034_034292_03FC65_1F7A,3,6.2970905660000005,3.333553039,11844.0,8023.0,8035.0,11809.0,8011.0,11880.0,129.0157049,ais/manual,True,False,9999.99,9999.99,HIGH
validation,SLC,4da9db72dea50504v,4da9db72dea50504v_006.31055012000000026262_003.19206887300000019536,S1A_IW_SLC__1SDV_20200910T053004_20200910T053034_034292_03FC65_1F7A,3,6.31055012,3.192068873,16536.0,7904.0,7913.0,16506.0,7895.0,16567.0,143.232877,ais/manual,True,False,9999.99,9999.99,HIGH
validation,SLC,4da9db72dea50504v,4da9db72dea50504v_006.30366207099999975583_003.22452348699999991055,S1A_IW_SLC__1SDV_20200910T053004_20200910T053034_034292_03FC65_1F7A,3,6.3036620710000015,3.224523487,15429.0,7902.0,7911.0,15401.0,7892.0,15457.0,141.31263080000005,ais/manual,True,False,9999.99,9999.99,HIGH
validation,SLC,4da9db72dea50504v,4da9db72dea50504v_005.45410743199999981101_005.02391058999999984280,S1A_IW_SLC__1SDV_20200910T053004_20200910T053034_034292_03FC65_1F7A,1,5.454107432000001,5.02391059,2326.0,3265.0,3273.0,2313.0,3257.0,2340.0,62.72657551,ais/manual,True,False,9999.99,9999.99,HIGH
validation,SLC,4da9db72dea50504v,4da9db72dea50504v_005.49382675699999989405_004.93309619099999974168,S1A_IW_SLC__1SDV_20200910T053004_20200910T053034_034292_03FC65_1F7A,1,5.493826757000001,4.933096191000001,4763.0,3425.0,3428.0,4755.0,3423.0,4771.0,40.04748069,ais/manual,True,False,9999.99,9999.99,HIGH
validation,SLC,4da9db72dea50504v,4da9db72dea50504v_006.36366259099999975746_003.34417481799999993797,S1A_IW_SLC__1SDV_20200910T053004_20200910T053034_034292_03FC65_1F7A,3,6.3636625910000015,3.344174818,11938.0,8555.0,8565.0,11910.0,8546.0,11966.0,141.0092888,ais/manual,True,False,4.053654409181712,4.028055488109338,HIGH
validation,SLC,fc2f57371370c521v,fc2f57371370c521v_056.96149777000000113958_008.14055204599999981951,S1A_IW_SLC__1SDV_20200928T171759_20200928T171831_034562_0405EA_2228,3,56.96149777,8.140552046,21158.0,1100.0,1103.0,21148.0,1097.0,21169.0,15.48,ais/manual,True,True,9999.99,9999.99,HIGH
validation,SLC,fc2f57371370c521v,fc2f57371370c521v_056.44600970999999844935_007.24714656000000001512,S1A_IW_SLC__1SDV_20200928T171759_20200928T171831_034562_0405EA_2228,3,56.44600971,7.24714656,2510.0,4563.0,4565.0,2503.0,4561.0,2520.0,22.0,ais/manual,True,True,9999.99,9999.99,HIGH
validation,SLC,fc2f57371370c521v,fc2f57371370c521v_056.21609919000000132883_007.52599906399999962758,S1A_IW_SLC__1SDV_20200928T171759_20200928T171831_034562_0405EA_2228,3,56.21609919,7.525999064,6169.0,6590.0,6593.0,6162.0,6587.0,6177.0,16.01,ais/manual,True,True,9999.99,9999.99,HIGH
validation,SLC,fc2f57371370c521v,fc2f57371370c521v_056.68698566999999854943_007.83613760300000006254,S1A_IW_SLC__1SDV_20200928T171759_20200928T171831_034562_0405EA_2228,3,56.68698567,7.836137602999999,14201.0,3074.0,3079.0,14187.0,3070.0,14216.0,66.20382822,ais/manual,True,False,9999.99,9999.99,HIGH
validation,SLC,fc2f57371370c521v,fc2f57371370c521v_055.19617180000000189466_005.62174880899999962480,S1A_IW_SLC__1SDV_20200928T171759_20200928T171831_034562_0405EA_2228,1,55.1961718,5.621748809,13186.0,12157.0,12161.0,13179.0,12152.0,13193.0,42.36,ais/manual,True,True,9999.99,9999.99,HIGH
validation,SLC,fc2f57371370c521v,fc2f57371370c521v_055.89799135999999890601_007.05345339900000034561,S1A_IW_SLC__1SDV_20200928T171759_20200928T171831_034562_0405EA_2228,2,55.89799136,7.053453399,20085.0,8282.0,8291.0,20053.0,8273.0,20120.0,152.8501811,ais/manual,True,False,9999.99,9999.99,HIGH
validation,SLC,fc2f57371370c521v,fc2f57371370c521v_055.84039992000000296457_005.45274866399999957878,S1A_IW_SLC__1SDV_20200928T171759_20200928T171831_034562_0405EA_2228,1,55.84039992,5.452748664,14046.0,6951.0,6956.0,14037.0,6946.0,14056.0,69.95,ais/manual,True,True,9999.99,9999.99,HIGH
validation,SLC,fc2f57371370c521v,fc2f57371370c521v_055.80651377000000223916_005.17163102700000010259,S1A_IW_SLC__1SDV_20200928T171759_20200928T171831_034562_0405EA_2228,1,55.80651377,5.171631027,9761.0,6970.0,6976.0,9751.0,6964.0,9771.0,49.84,ais/manual,True,True,9999.99,9999.99,HIGH
validation,SLC,fc2f57371370c521v,fc2f57371370c521v_055.92880088999999799171_005.50985149200000012826,S1A_IW_SLC__1SDV_20200928T171759_20200928T171831_034562_0405EA_2228,1,55.92880089,5.509851492,15363.0,6306.0,6311.0,15356.0,6302.0,15370.0,22.0,ais/manual,True,True,9999.99,9999.99,HIGH
validation,SLC,fc2f57371370c521v,fc2f57371370c521v_055.91487277000000233329_006.90474462099999986009,S1A_IW_SLC__1SDV_20200928T171759_20200928T171831_034562_0405EA_2228,2,55.91487277,6.904744621,17641.0,8033.0,8040.0,17623.0,8026.0,17661.0,124.97168329999998,ais/manual,True,False,9999.99,9999.99,HIGH
validation,SLC,fc2f57371370c521v,fc2f57371370c521v_056.05299519999999802167_007.05785629200000030892,S1A_IW_SLC__1SDV_20200928T171759_20200928T171831_034562_0405EA_2228,2,56.05299520000001,7.057856292,20992.0,7059.0,7064.0,20978.0,7054.0,21008.0,126.4459253,ais/manual,True,False,9999.99,9999.99,HIGH
validation,SLC,fc2f57371370c521v,fc2f57371370c521v_056.76797477000000213820_007.50280146700000027948,S1A_IW_SLC__1SDV_20200928T171759_20200928T171831_034562_0405EA_2228,3,56.76797477,7.502801467,8697.0,2197.0,2199.0,8690.0,2194.0,8704.0,59.75,ais/manual,True,False,9999.99,9999.99,HIGH
validation,SLC,fc2f57371370c521v,fc2f57371370c521v_056.07249783999999692696_008.03449248799999971027,S1A_IW_SLC__1SDV_20200928T171759_20200928T171831_034562_0405EA_2228,3,56.07249784,8.034492488,14567.0,8094.0,8104.0,14552.0,8085.0,14584.0,16.99,ais/manual,True,True,3.958616856713508,3.912033874906408,HIGH
validation,SLC,fc2f57371370c521v,fc2f57371370c521v_056.16240647000000052458_007.01529544100000013174,S1A_IW_SLC__1SDV_20200928T171759_20200928T171831_034562_0405EA_2228,2,56.16240647,7.015295441,20850.0,6161.0,6168.0,20831.0,6155.0,20870.0,132.764217,ais/manual,True,False,9999.99,9999.99,HIGH
validation,SLC,fc2f57371370c521v,fc2f57371370c521v_055.46942855000000349719_005.13617981600000028664,S1A_IW_SLC__1SDV_20200928T171759_20200928T171831_034562_0405EA_2228,1,55.46942855,5.136179816,7505.0,9580.0,9585.0,7496.0,9576.0,7514.0,69.06673062,ais/manual,True,False,9999.99,9999.99,HIGH
validation,SLC,fc2f57371370c521v,fc2f57371370c521v_055.45823819999999670927_006.46872546400000025812,S1A_IW_SLC__1SDV_20200928T171759_20200928T171831_034562_0405EA_2228,2,55.4582382,6.468725463999999,7932.0,11288.0,11296.0,7913.0,11281.0,7951.0,125.1110272,ais/manual,True,False,9999.99,9999.99,HIGH
validation,SLC,fc2f57371370c521v,fc2f57371370c521v_056.82059145000000199843_007.91653937600000023878,S1A_IW_SLC__1SDV_20200928T171759_20200928T171831_034562_0405EA_2228,3,56.82059145,7.916539376,16354.0,2069.0,2072.0,16343.0,2065.0,16368.0,23.88,ais/manual,True,True,9999.99,9999.99,HIGH
validation,SLC,fc2f57371370c521v,fc2f57371370c521v_056.04675183999999887874_007.98376221200000024680,S1A_IW_SLC__1SDV_20200928T171759_20200928T171831_034562_0405EA_2228,3,56.04675184,7.983762212,13504.0,8263.0,8265.0,13493.0,8260.0,13514.0,17.04,ais/manual,True,True,7.056522757210101,6.88540410442283,HIGH
validation,SLC,fc2f57371370c521v,fc2f57371370c521v_055.45652283999999809794_007.18723538299999997747,S1A_IW_SLC__1SDV_20200928T171759_20200928T171831_034562_0405EA_2228,2,55.45652284,7.187235382999999,20027.0,11876.0,11878.0,20021.0,11874.0,20036.0,16.95,ais/manual,True,True,9999.99,9999.99,HIGH
validation,SLC,fc2f57371370c521v,fc2f57371370c521v_056.10285367000000178450_006.56053065199999974055,S1A_IW_SLC__1SDV_20200928T171759_20200928T171831_034562_0405EA_2228,2,56.10285367,6.560530652000001,12897.0,6278.0,6284.0,12872.0,6272.0,12921.0,153.55975759999995,ais/manual,True,False,9999.99,9999.99,HIGH
validation,SLC,fc2f57371370c521v,fc2f57371370c521v_056.45105192999999843551_007.82746090200000033121,S1A_IW_SLC__1SDV_20200928T171759_20200928T171831_034562_0405EA_2228,3,56.45105193,7.827460902,12801.0,4942.0,4945.0,12793.0,4940.0,12811.0,14.03297947,ais/manual,True,True,9999.99,9999.99,HIGH
validation,SLC,fc2f57371370c521v,fc2f57371370c521v_056.30343031999999681148_007.33385285000000042288,S1A_IW_SLC__1SDV_20200928T171759_20200928T171831_034562_0405EA_2228,3,56.30343032,7.33385285,3257.0,5756.0,5764.0,3244.0,5749.0,3272.0,23.9,ais/manual,True,True,9999.99,9999.99,HIGH
validation,SLC,fc2f57371370c521v,fc2f57371370c521v_056.56096979000000146698_008.06439262399999989839,S1A_IW_SLC__1SDV_20200928T171759_20200928T171831_034562_0405EA_2228,3,56.56096979,8.064392624,17676.0,4234.0,4238.0,17659.0,4229.0,17693.0,79.0,ais/manual,True,False,3.5951745526639654,3.710881834401188,HIGH
validation,SLC,fc2f57371370c521v,fc2f57371370c521v_055.96607311999999723184_007.01157973000000023234,S1A_IW_SLC__1SDV_20200928T171759_20200928T171831_034562_0405EA_2228,2,55.96607312,7.01157973,19733.0,7711.0,7716.0,19717.0,7705.0,19750.0,116.6262842,ais/manual,True,False,9999.99,9999.99,HIGH
validation,SLC,fc2f57371370c521v,fc2f57371370c521v_055.82035465999999956921_006.82362305899999999070,S1A_IW_SLC__1SDV_20200928T171759_20200928T171831_034562_0405EA_2228,2,55.82035466,6.823623059,15763.0,8716.0,8722.0,15749.0,8711.0,15779.0,100.6,ais/manual,True,False,9999.99,9999.99,HIGH
validation,SLC,fc2f57371370c521v,fc2f57371370c521v_055.92895795999999819514_006.40336482699999987034,S1A_IW_SLC__1SDV_20200928T171759_20200928T171831_034562_0405EA_2228,2,55.92895796,6.403364827000001,9389.0,7524.0,7531.0,9374.0,7517.0,9405.0,30.15,ais/manual,True,True,9999.99,9999.99,HIGH
validation,SLC,fc2f57371370c521v,fc2f57371370c521v_056.80288037999999772865_007.81633617199999974900,S1A_IW_SLC__1SDV_20200928T171759_20200928T171831_034562_0405EA_2228,3,56.80288038,7.816336172000001,14457.0,2140.0,2142.0,14447.0,2138.0,14469.0,41.1,ais/manual,True,True,9999.99,9999.99,HIGH
validation,SLC,fc2f57371370c521v,fc2f57371370c521v_056.19948629000000295264_007.59643145300000011133,S1A_IW_SLC__1SDV_20200928T171759_20200928T171831_034562_0405EA_2228,3,56.19948629,7.596431452999999,7331.0,6773.0,6775.0,7324.0,6770.0,7341.0,19.96,ais/manual,True,True,9999.99,9999.99,HIGH
validation,SLC,fc2f57371370c521v,fc2f57371370c521v_056.00337419000000238611_007.85308199600000023111,S1A_IW_SLC__1SDV_20200928T171759_20200928T171831_034562_0405EA_2228,3,56.00337419,7.853081996,10898.0,8514.0,8523.0,10879.0,8505.0,10918.0,142.8,ais/manual,True,False,9999.99,9999.99,HIGH
validation,SLC,fc2f57371370c521v,fc2f57371370c521v_055.57962424000000112301_004.76209340599999997323,S1A_IW_SLC__1SDV_20200928T171759_20200928T171831_034562_0405EA_2228,1,55.57962424,4.762093406,2855.0,8376.0,8382.0,2844.0,8372.0,2866.0,58.11155977,ais/manual,True,False,9999.99,9999.99,HIGH
validation,SLC,fc2f57371370c521v,fc2f57371370c521v_056.77165855999999877213_007.83057296399999991365,S1A_IW_SLC__1SDV_20200928T171759_20200928T171831_034562_0405EA_2228,3,56.77165856,7.830572964,14548.0,2398.0,2400.0,14544.0,2396.0,14554.0,20.3415132,ais/manual,True,True,9999.99,9999.99,HIGH
validation,SLC,fc2f57371370c521v,fc2f57371370c521v_055.69083563000000225429_005.98965802399999969197,S1A_IW_SLC__1SDV_20200928T171759_20200928T171831_034562_0405EA_2228,2,55.69083563,5.989658024,1511.0,9057.0,9063.0,1496.0,9052.0,1528.0,125.6781311,ais/manual,True,False,9999.99,9999.99,HIGH
validation,SLC,fc2f57371370c521v,fc2f57371370c521v_056.16318387999999828253_007.48969932099999979869,S1A_IW_SLC__1SDV_20200928T171759_20200928T171831_034562_0405EA_2228,3,56.16318388,7.489699321,5246.0,6983.0,6988.0,5234.0,6977.0,5257.0,17.01,ais/manual,True,True,9999.99,9999.99,HIGH
validation,SLC,fc2f57371370c521v,fc2f57371370c521v_056.80542856999999656864_007.45741436800000023766,S1A_IW_SLC__1SDV_20200928T171759_20200928T171831_034562_0405EA_2228,3,56.80542857,7.457414367999999,8099.0,1867.0,1870.0,8083.0,1864.0,8115.0,79.43,ais/manual,True,False,9999.99,9999.99,HIGH
validation,SLC,fc2f57371370c521v,fc2f57371370c521v_055.48772430999999727419_008.24128727199999921993,S1A_IW_SLC__1SDV_20200928T171759_20200928T171831_034562_0405EA_2228,3,55.48772431,8.241287272000001,15317.0,12885.0,12887.0,15310.0,12883.0,15324.0,19.74,ais/manual,True,True,1.265081355301645,0.7695933225007552,HIGH
validation,SLC,fc2f57371370c521v,fc2f57371370c521v_055.80459568999999930838_006.85769463799999989817,S1A_IW_SLC__1SDV_20200928T171759_20200928T171831_034562_0405EA_2228,2,55.80459569,6.857694638,16253.0,8867.0,8872.0,16237.0,8863.0,16271.0,104.2494713,ais/manual,True,False,9999.99,9999.99,HIGH
validation,SLC,fc2f57371370c521v,fc2f57371370c521v_055.42510116999999780774_008.14721000900000014155,S1A_IW_SLC__1SDV_20200928T171759_20200928T171831_034562_0405EA_2228,3,55.42510117,8.147210009,13239.0,13315.0,13318.0,13223.0,13312.0,13255.0,53.78831449,ais/manual,True,False,9999.99,9.92224955494388,HIGH
validation,SLC,fc2f57371370c521v,fc2f57371370c521v_056.88231323000000116963_007.74375054099999982071,S1A_IW_SLC__1SDV_20200928T171759_20200928T171831_034562_0405EA_2228,3,56.88231323,7.743750541,13576.0,1459.0,1463.0,13568.0,1454.0,13587.0,37.79,ais/manual,True,True,9999.99,9999.99,HIGH
validation,SLC,fc2f57371370c521v,fc2f57371370c521v_055.59585495000000321397_005.59634596300000008995,S1A_IW_SLC__1SDV_20200928T171759_20200928T171831_034562_0405EA_2228,1,55.59585495,5.596345962999999,14903.0,8996.0,9001.0,14896.0,8993.0,14909.0,23.85,ais/manual,True,True,9999.99,9999.99,HIGH
validation,SLC,fc2f57371370c521v,fc2f57371370c521v_055.41070295000000101027_005.76780773100000043740,S1A_IW_SLC__1SDV_20200928T171759_20200928T171831_034562_0405EA_2228,1,55.41070295,5.767807731,16524.0,10600.0,10606.0,16511.0,10593.0,16539.0,42.0,ais/manual,True,True,9999.99,9999.99,HIGH
validation,SLC,fc2f57371370c521v,fc2f57371370c521v_056.85748004999999949405_007.71375012800000003921,S1A_IW_SLC__1SDV_20200928T171759_20200928T171831_034562_0405EA_2228,3,56.85748005,7.713750127999999,12910.0,1635.0,1641.0,12900.0,1629.0,12922.0,22.2,ais/manual,True,True,9999.99,9999.99,HIGH
validation,SLC,fc2f57371370c521v,fc2f57371370c521v_056.75962890000000271584_007.59637574899999989952,S1A_IW_SLC__1SDV_20200928T171759_20200928T171831_034562_0405EA_2228,3,56.7596289,7.596375749,10305.0,2329.0,2333.0,10297.0,2326.0,10313.0,21.79,ais/manual,True,True,9999.99,9999.99,HIGH
validation,SLC,fc2f57371370c521v,fc2f57371370c521v_055.59418817000000245798_006.01516620199999962892,S1A_IW_SLC__1SDV_20200928T171759_20200928T171831_034562_0405EA_2228,2,55.59418817,6.0151662020000005,1396.0,9839.0,9848.0,1382.0,9831.0,1410.0,23.93,ais/manual,True,True,9999.99,9999.99,HIGH
validation,SLC,fc2f57371370c521v,fc2f57371370c521v_055.68672689999999647625_005.63110220600000044300,S1A_IW_SLC__1SDV_20200928T171759_20200928T171831_034562_0405EA_2228,1,55.6867269,5.631102206,15905.0,8313.0,8317.0,15899.0,8309.0,15914.0,23.75,ais/manual,True,True,9999.99,9999.99,HIGH
validation,SLC,fc2f57371370c521v,fc2f57371370c521v_056.06797085000000180344_005.49036046099999985870,S1A_IW_SLC__1SDV_20200928T171759_20200928T171831_034562_0405EA_2228,1,56.06797085,5.490360461,15809.0,5196.0,5200.0,15802.0,5193.0,15818.0,32.10252861,ais/manual,True,True,9999.99,9999.99,HIGH
validation,SLC,fc2f57371370c521v,fc2f57371370c521v_056.53921283999999758407_006.50227484799999988496,S1A_IW_SLC__1SDV_20200928T171759_20200928T171831_034562_0405EA_2228,2,56.53921284,6.502274848,14289.0,2787.0,2789.0,14283.0,2784.0,14298.0,157.56764950000004,ais/manual,True,False,9999.99,9999.99,HIGH
validation,SLC,fc2f57371370c521v,fc2f57371370c521v_055.81563425000000222553_005.46075350200000020351,S1A_IW_SLC__1SDV_20200928T171759_20200928T171831_034562_0405EA_2228,1,55.81563425,5.460753502,14035.0,7152.0,7159.0,14025.0,7146.0,14047.0,40.95890117,ais/manual,True,True,9999.99,9999.99,HIGH
validation,SLC,fc2f57371370c521v,fc2f57371370c521v_055.73721230999999676214_005.30466068700000015212,S1A_IW_SLC__1SDV_20200928T171759_20200928T171831_034562_0405EA_2228,1,55.73721231,5.304660687,11326.0,7631.0,7636.0,11319.0,7626.0,11336.0,23.97,ais/manual,True,True,9999.99,9999.99,HIGH
validation,SLC,fc2f57371370c521v,fc2f57371370c521v_056.59393281999999913978_006.86844226499999965796,S1A_IW_SLC__1SDV_20200928T171759_20200928T171831_034562_0405EA_2228,2,56.59393282,6.868442265,20677.0,2636.0,2643.0,20663.0,2630.0,20691.0,18.1,ais/manual,True,True,9999.99,9999.99,HIGH
validation,SLC,fc2f57371370c521v,fc2f57371370c521v_055.51322064000000011674_007.45514098399999980415,S1A_IW_SLC__1SDV_20200928T171759_20200928T171831_034562_0405EA_2228,3,55.51322064,7.455140984,1169.0,12105.0,12108.0,1159.0,12103.0,1179.0,19.97,ais/manual,True,True,9999.99,9999.99,HIGH
validation,SLC,fc2f57371370c521v,fc2f57371370c521v_055.04149034999999656748_006.12813906800000030017,S1A_IW_SLC__1SDV_20200928T171759_20200928T171831_034562_0405EA_2228,1,55.04149035,6.128139067999999,20169.0,13812.0,13816.0,20160.0,13809.0,20178.0,40.73,ais/manual,True,True,9999.99,9999.99,HIGH
validation,SLC,fc2f57371370c521v,fc2f57371370c521v_055.98159875000000340606_007.59808346500000020285,S1A_IW_SLC__1SDV_20200928T171759_20200928T171831_034562_0405EA_2228,3,55.98159875,7.598083465,6202.0,8501.0,8505.0,6194.0,8499.0,6211.0,18.935,ais/manual,True,True,9999.99,9999.99,HIGH
validation,SLC,fc2f57371370c521v,fc2f57371370c521v_055.59418817000000245798_006.01516620199999962892,S1A_IW_SLC__1SDV_20200928T171759_20200928T171831_034562_0405EA_2228,1,55.59418817,6.0151662020000005,21325.0,9368.0,9377.0,21311.0,9360.0,21339.0,23.93,ais/manual,True,True,9999.99,9999.99,HIGH
validation,SLC,fc2f57371370c521v,fc2f57371370c521v_056.32732518000000254688_006.67515006799999977005,S1A_IW_SLC__1SDV_20200928T171759_20200928T171831_034562_0405EA_2228,2,56.32732518,6.675150068,16003.0,4595.0,4603.0,15980.0,4587.0,16026.0,170.69843319999995,ais/manual,True,False,9999.99,9999.99,HIGH
validation,SLC,fc2f57371370c521v,fc2f57371370c521v_055.16018593999999808375_005.80083938100000029436,S1A_IW_SLC__1SDV_20200928T171759_20200928T171831_034562_0405EA_2228,1,55.16018594,5.800839381,15709.0,12596.0,12606.0,15688.0,12588.0,15730.0,128.1673327,ais/manual,True,False,9999.99,9999.99,HIGH
validation,SLC,fc2f57371370c521v,fc2f57371370c521v_056.20620824000000226306_007.56361999000000029270,S1A_IW_SLC__1SDV_20200928T171759_20200928T171831_034562_0405EA_2228,3,56.20620824,7.56361999,6784.0,6696.0,6699.0,6773.0,6692.0,6797.0,17.19,ais/manual,True,True,9999.99,9999.99,HIGH
validation,SLC,fc2f57371370c521v,fc2f57371370c521v_055.94877682999999990443_007.18960367299999969504,S1A_IW_SLC__1SDV_20200928T171759_20200928T171831_034562_0405EA_2228,2,55.94877683,7.189603673,22703.0,7984.0,7989.0,22692.0,7979.0,22716.0,33.21486988,ais/manual,True,False,9999.99,9999.99,HIGH
validation,SLC,fc2f57371370c521v,fc2f57371370c521v_056.94220708999999658317_007.26091680600000000112,S1A_IW_SLC__1SDV_20200928T171759_20200928T171831_034562_0405EA_2228,3,56.94220709,7.260916806,5404.0,641.0,647.0,5389.0,636.0,5421.0,43.305,ais/manual,True,True,9999.99,9999.99,HIGH
validation,SLC,fc2f57371370c521v,fc2f57371370c521v_056.59579991999999748487_006.74502155199999986479,S1A_IW_SLC__1SDV_20200928T171759_20200928T171831_034562_0405EA_2228,2,56.59579992,6.745021552000001,18614.0,2528.0,2530.0,18610.0,2525.0,18621.0,21.34,ais/manual,True,True,9999.99,9999.99,HIGH
validation,SLC,fc2f57371370c521v,fc2f57371370c521v_055.51322064000000011674_007.45514098399999980415,S1A_IW_SLC__1SDV_20200928T171759_20200928T171831_034562_0405EA_2228,2,55.51322064,7.455140984,25021.0,11633.0,11636.0,25011.0,11631.0,25031.0,19.97,ais/manual,True,True,9999.99,9999.99,HIGH
validation,SLC,fc2f57371370c521v,fc2f57371370c521v_055.80682447000000223625_005.43904216399999995701,S1A_IW_SLC__1SDV_20200928T171759_20200928T171831_034562_0405EA_2228,1,55.80682447,5.439042164,13666.0,7203.0,7210.0,13653.0,7195.0,13679.0,49.95,ais/manual,True,True,9999.99,9999.99,HIGH
validation,SLC,fc2f57371370c521v,fc2f57371370c521v_055.44033181999999726486_008.26480033700000049635,S1A_IW_SLC__1SDV_20200928T171759_20200928T171831_034562_0405EA_2228,3,55.44033182,8.264800337,15507.0,13278.0,13282.0,15490.0,13275.0,15526.0,75.08,ais/manual,True,False,4.088776785396463,4.380128001975992,HIGH
validation,SLC,fc2f57371370c521v,fc2f57371370c521v_056.30932937000000038097_007.50753798000000038826,S1A_IW_SLC__1SDV_20200928T171759_20200928T171831_034562_0405EA_2228,3,56.30932937,7.50753798,6339.0,5837.0,5840.0,6332.0,5834.0,6347.0,21.5,ais/manual,True,True,9999.99,9999.99,HIGH
validation,SLC,65d6f6baee882077v,65d6f6baee882077v_004.46470057500000017114_005.69997200700000039575,S1A_IW_SLC__1SDV_20201121T175319_20201121T175346_035350_04214D_710B,2,4.464700575,5.699972007,7842.0,10554.0,10560.0,7825.0,10549.0,7858.0,31.69089657,ais/manual,True,False,4.65236506927694,4.350755141429636,HIGH
validation,SLC,65d6f6baee882077v,65d6f6baee882077v_005.53446362900000021767_004.90904582900000008294,S1A_IW_SLC__1SDV_20201121T175319_20201121T175346_035350_04214D_710B,1,5.534463628999998,4.909045829,12028.0,1898.0,1902.0,12018.0,1893.0,12038.0,44.8945894,ais/manual,True,False,9999.99,9999.99,HIGH
validation,SLC,65d6f6baee882077v,65d6f6baee882077v_005.45274203199999973890_005.06892516000000004084,S1A_IW_SLC__1SDV_20201121T175319_20201121T175346_035350_04214D_710B,1,5.452742032000001,5.06892516,15837.0,2784.0,2794.0,15812.0,2775.0,15863.0,112.5886863,ais/manual,True,False,9999.99,9999.99,HIGH
validation,SLC,65d6f6baee882077v,65d6f6baee882077v_005.57448980000000027246_005.10282321399999982958,S1A_IW_SLC__1SDV_20201121T175319_20201121T175346_035350_04214D_710B,1,5.5744898,5.102823214,17435.0,1899.0,1902.0,17423.0,1896.0,17446.0,45.69198024,ais/manual,True,False,6.8956795029891085,6.368070131672035,HIGH
validation,SLC,65d6f6baee882077v,65d6f6baee882077v_005.68167118000000037625_004.90537259199999997605,S1A_IW_SLC__1SDV_20201121T175319_20201121T175346_035350_04214D_710B,1,5.68167118,4.905372592,12729.0,756.0,759.0,12718.0,753.0,12740.0,26.47503198,ais/manual,True,True,9999.99,9999.99,HIGH
validation,SLC,65d6f6baee882077v,65d6f6baee882077v_005.63159580399999981637_004.95556808799999970461,S1A_IW_SLC__1SDV_20201121T175319_20201121T175346_035350_04214D_710B,1,5.631595804,4.955568088,13787.0,1223.0,1228.0,13776.0,1217.0,13797.0,25.29928834,ais/manual,True,True,9999.99,9999.99,HIGH
validation,SLC,65d6f6baee882077v,65d6f6baee882077v_005.51270313900000008545_004.95562585600000016228,S1A_IW_SLC__1SDV_20201121T175319_20201121T175346_035350_04214D_710B,1,5.512703139,4.955625856,13139.0,2140.0,2143.0,13130.0,2137.0,13148.0,63.37536832,ais/manual,True,False,9999.99,9999.99,HIGH
validation,SLC,65d6f6baee882077v,65d6f6baee882077v_005.54048718299999976011_004.94732521300000005482,S1A_IW_SLC__1SDV_20201121T175319_20201121T175346_035350_04214D_710B,1,5.540487183,4.947325213,13071.0,1912.0,1924.0,13042.0,1901.0,13100.0,199.9972727,ais/manual,True,False,9999.99,9999.99,HIGH
validation,SLC,65d6f6baee882077v,65d6f6baee882077v_005.67719795599999965674_004.77691584300000027241,S1A_IW_SLC__1SDV_20201121T175319_20201121T175346_035350_04214D_710B,1,5.6771979560000005,4.776915843,9353.0,585.0,587.0,9347.0,582.0,9360.0,,ais/manual,True,False,9999.99,9999.99,HIGH
validation,SLC,65d6f6baee882077v,65d6f6baee882077v_005.13306792599999983651_004.95244263300000042705,S1A_IW_SLC__1SDV_20201121T175319_20201121T175346_035350_04214D_710B,1,5.133067926,4.952442633,10999.0,5064.0,5073.0,10984.0,5055.0,11015.0,57.85863893,ais/manual,True,False,9999.99,9999.99,HIGH
validation,SLC,65d6f6baee882077v,65d6f6baee882077v_005.48687904600000031508_005.05334407800000029454,S1A_IW_SLC__1SDV_20201121T175319_20201121T175346_035350_04214D_710B,1,5.486879046,5.053344078,15607.0,2496.0,2501.0,15596.0,2491.0,15617.0,26.74146001,ais/manual,True,True,9999.99,9999.99,HIGH
validation,SLC,65d6f6baee882077v,65d6f6baee882077v_005.47541572300000023432_005.07423565700000001044,S1A_IW_SLC__1SDV_20201121T175319_20201121T175346_035350_04214D_710B,1,5.475415722999999,5.074235657,16107.0,2618.0,2619.0,16101.0,2617.0,16112.0,24.9833508,ais/manual,True,True,9999.99,9999.99,HIGH
validation,SLC,65d6f6baee882077v,65d6f6baee882077v_005.48297847400000026852_005.03068523700000014287,S1A_IW_SLC__1SDV_20201121T175319_20201121T175346_035350_04214D_710B,1,5.482978473999999,5.030685237,14976.0,2490.0,2492.0,14968.0,2487.0,14985.0,40.55619083,ais/manual,True,False,9999.99,9999.99,HIGH
validation,SLC,65d6f6baee882077v,65d6f6baee882077v_005.54209701300000023849_004.86864360299999976434,S1A_IW_SLC__1SDV_20201121T175319_20201121T175346_035350_04214D_710B,1,5.542097012999999,4.868643603,11011.0,1774.0,1778.0,11002.0,1770.0,11021.0,37.3480466,ais/manual,True,False,9999.99,9999.99,HIGH
validation,SLC,65d6f6baee882077v,65d6f6baee882077v_005.66342216500000006363_004.84493035000000027424,S1A_IW_SLC__1SDV_20201121T175319_20201121T175346_035350_04214D_710B,1,5.663422165,4.84493035,11044.0,800.0,803.0,11035.0,797.0,11053.0,27.838392,ais/manual,True,True,9999.99,9999.99,HIGH
validation,SLC,65d6f6baee882077v,65d6f6baee882077v_004.56108624400000017829_004.63452488099999992954,S1A_IW_SLC__1SDV_20201121T175319_20201121T175346_035350_04214D_710B,1,4.561086244,4.634524881,94.0,8961.0,8965.0,86.0,8959.0,102.0,237.1645844,ais/manual,True,False,9999.99,9999.99,HIGH
validation,SLC,65d6f6baee882077v,65d6f6baee882077v_004.59916667899999964675_004.66957736999999983851,S1A_IW_SLC__1SDV_20201121T175319_20201121T175346_035350_04214D_710B,1,4.599166679,4.66957737,1124.0,8725.0,8728.0,1116.0,8721.0,1133.0,45.54849314,ais/manual,True,False,9999.99,9999.99,HIGH
validation,SLC,65d6f6baee882077v,65d6f6baee882077v_004.55881686199999958120_004.63830454899999988783,S1A_IW_SLC__1SDV_20201121T175319_20201121T175346_035350_04214D_710B,1,4.558816862,4.638304549,173.0,8985.0,8988.0,165.0,8983.0,181.0,74.28840792,ais/manual,True,False,9999.99,9999.99,HIGH
validation,SLC,65d6f6baee882077v,65d6f6baee882077v_005.54214298499999991066_004.85402492299999988035,S1A_IW_SLC__1SDV_20201121T175319_20201121T175346_035350_04214D_710B,1,5.542142985,4.854024923,10630.0,1750.0,1756.0,10617.0,1744.0,10644.0,31.70676129,ais/manual,True,False,9999.99,9999.99,HIGH
validation,SLC,65d6f6baee882077v,65d6f6baee882077v_005.52066867100000013835_005.00708312300000013551,S1A_IW_SLC__1SDV_20201121T175319_20201121T175346_035350_04214D_710B,1,5.520668671,5.007083123,14552.0,2161.0,2164.0,14540.0,2158.0,14563.0,56.06938899,ais/manual,True,False,9999.99,9999.99,HIGH
validation,SLC,39268d50efe8dae9v,39268d50efe8dae9v_057.50587755000000100836_006.97971298199999967693,S1B_IW_SLC__1SDV_20200221T054744_20200221T054811_020363_026919_0E4E,2,57.50587755,6.979712982000001,23196.0,754.0,769.0,23168.0,739.0,23221.0,32.12,ais/manual,True,True,9999.99,9999.99,HIGH
validation,SLC,39268d50efe8dae9v,39268d50efe8dae9v_057.35917532999999934873_008.20184557700000027580,S1B_IW_SLC__1SDV_20200221T054744_20200221T054811_020363_026919_0E4E,2,57.35917533,8.201845577,3033.0,545.0,553.0,2998.0,537.0,3065.0,196.2620833,ais/manual,True,False,9999.99,9999.99,HIGH
validation,SLC,39268d50efe8dae9v,39268d50efe8dae9v_057.62377378000000049951_009.24046639900000066348,S1B_IW_SLC__1SDV_20200221T054744_20200221T054811_020363_026919_0E4E,1,57.62377378,9.240466399,9522.0,3025.0,3033.0,9494.0,3016.0,9549.0,144.3281266,ais/manual,True,False,9999.99,9999.99,HIGH
validation,SLC,39268d50efe8dae9v,39268d50efe8dae9v_057.56821341999999930295_009.04166786999999949614,S1B_IW_SLC__1SDV_20200221T054744_20200221T054811_020363_026919_0E4E,1,57.56821342,9.04166787,11957.0,2418.0,2425.0,11928.0,2410.0,11987.0,153.7044156,ais/manual,True,False,9999.99,9999.99,HIGH
validation,SLC,39268d50efe8dae9v,39268d50efe8dae9v_057.78818890000000152440_007.70041812000000014393,S1B_IW_SLC__1SDV_20200221T054744_20200221T054811_020363_026919_0E4E,2,57.7881889,7.70041812,13082.0,3529.0,3538.0,13064.0,3519.0,13099.0,59.29495336,ais/manual,True,False,9999.99,9999.99,HIGH
validation,SLC,39268d50efe8dae9v,39268d50efe8dae9v_057.91629112999999762224_009.14941723599999967576,S1B_IW_SLC__1SDV_20200221T054744_20200221T054811_020363_026919_0E4E,1,57.91629113,9.149417236,12327.0,5240.0,5247.0,12311.0,5233.0,12341.0,22.0,ais/manual,True,True,9999.99,9999.99,HIGH
validation,SLC,39268d50efe8dae9v,39268d50efe8dae9v_057.48796801999999672717_008.44875112000000072499,S1B_IW_SLC__1SDV_20200221T054744_20200221T054811_020363_026919_0E4E,1,57.48796802,8.44875112,20007.0,1288.0,1292.0,19987.0,1284.0,20024.0,150.7104959,ais/manual,True,False,9999.99,9999.99,HIGH
validation,SLC,39268d50efe8dae9v,39268d50efe8dae9v_057.74389556999999939535_009.62678402400000088335,S1B_IW_SLC__1SDV_20200221T054744_20200221T054811_020363_026919_0E4E,1,57.74389557,9.626784024,5012.0,4304.0,4309.0,4974.0,4298.0,5049.0,233.0569816,ais/manual,True,False,9999.99,9999.99,HIGH
validation,SLC,39268d50efe8dae9v,39268d50efe8dae9v_057.73607450000000085311_008.25587152800000012576,S1B_IW_SLC__1SDV_20200221T054744_20200221T054811_020363_026919_0E4E,2,57.7360745,8.255871528,4265.0,3555.0,3562.0,4253.0,3549.0,4276.0,23.0,ais/manual,True,True,9999.99,9999.99,HIGH
validation,SLC,39268d50efe8dae9v,39268d50efe8dae9v_058.30927128999999808912_009.60125599999999934653,S1B_IW_SLC__1SDV_20200221T054744_20200221T054811_020363_026919_0E4E,1,58.30927129,9.601256,8333.0,8708.0,8715.0,8311.0,8701.0,8356.0,150.1747229,ais/manual,True,False,9999.99,9999.99,HIGH
validation,SLC,39268d50efe8dae9v,39268d50efe8dae9v_058.09623450000000133286_009.76577961399999949776,S1B_IW_SLC__1SDV_20200221T054744_20200221T054811_020363_026919_0E4E,1,58.0962345,9.765779614,5058.0,7184.0,7187.0,5050.0,7181.0,5067.0,21.95,ais/manual,True,True,9999.99,9999.99,HIGH
validation,SLC,39268d50efe8dae9v,39268d50efe8dae9v_057.61794726000000110844_008.19668245799999972689,S1B_IW_SLC__1SDV_20200221T054744_20200221T054811_020363_026919_0E4E,2,57.61794726,8.196682458,4513.0,2578.0,2586.0,4497.0,2569.0,4529.0,28.05,ais/manual,True,True,9999.99,9999.99,HIGH
validation,SLC,39268d50efe8dae9v,39268d50efe8dae9v_058.11486284000000068772_009.83186438599999945609,S1B_IW_SLC__1SDV_20200221T054744_20200221T054811_020363_026919_0E4E,1,58.11486284,9.831864386,4307.0,7388.0,7395.0,4292.0,7381.0,4322.0,23.95,ais/manual,True,True,9999.99,9999.99,HIGH
validation,SLC,39268d50efe8dae9v,39268d50efe8dae9v_057.98562328999999948564_009.15765397800000080508,S1B_IW_SLC__1SDV_20200221T054744_20200221T054811_020363_026919_0E4E,1,57.98562329,9.157653978,12586.0,5791.0,5802.0,12565.0,5780.0,12606.0,108.4007173,ais/manual,True,False,9999.99,9999.99,HIGH
validation,SLC,39268d50efe8dae9v,39268d50efe8dae9v_057.79942772999999789363_008.78520155800000068780,S1B_IW_SLC__1SDV_20200221T054744_20200221T054811_020363_026919_0E4E,1,57.79942773,8.785201557999999,16810.0,4016.0,4024.0,16788.0,4008.0,16831.0,90.29806092,ais/manual,True,False,9999.99,9999.99,HIGH
validation,SLC,39268d50efe8dae9v,39268d50efe8dae9v_057.67692371999999778609_006.37610337699999973893,S1B_IW_SLC__1SDV_20200221T054744_20200221T054811_020363_026919_0E4E,3,57.67692372,6.376103377000001,10457.0,806.0,810.0,10445.0,801.0,10470.0,30.34,ais/manual,True,True,9999.99,9999.99,HIGH
validation,SLC,39268d50efe8dae9v,39268d50efe8dae9v_057.58300162999999827207_006.62044680200000001946,S1B_IW_SLC__1SDV_20200221T054744_20200221T054811_020363_026919_0E4E,3,57.58300163,6.620446802000001,5770.0,232.0,243.0,5755.0,222.0,5784.0,33.75,ais/manual,True,True,9999.99,9999.99,HIGH
validation,SLC,39268d50efe8dae9v,39268d50efe8dae9v_057.67884676999999982172_009.72996096600000015542,S1B_IW_SLC__1SDV_20200221T054744_20200221T054811_020363_026919_0E4E,1,57.67884677,9.729960966,3337.0,3887.0,3890.0,3329.0,3885.0,3342.0,30.53783693,ais/manual,True,True,9999.99,9999.99,HIGH
validation,SLC,39268d50efe8dae9v,39268d50efe8dae9v_058.03318820999999871901_007.94641393900000014838,S1B_IW_SLC__1SDV_20200221T054744_20200221T054811_020363_026919_0E4E,2,58.03318821,7.946413939,10590.0,5652.0,5660.0,10574.0,5645.0,10603.0,27.4,ais/manual,True,True,1.7632605615700152,3.716783442375208,HIGH
validation,SLC,39268d50efe8dae9v,39268d50efe8dae9v_058.18824934999999953789_005.97843466600000006395,S1B_IW_SLC__1SDV_20200221T054744_20200221T054811_020363_026919_0E4E,3,58.18824935,5.978434666,20087.0,4601.0,4613.0,20066.0,4589.0,20106.0,40.305,ais/manual,True,True,9999.99,9999.99,HIGH
validation,SLC,39268d50efe8dae9v,39268d50efe8dae9v_058.39865591000000222266_009.95385622400000080745,S1B_IW_SLC__1SDV_20200221T054744_20200221T054811_020363_026919_0E4E,1,58.39865591,9.953856224,4243.0,9715.0,9726.0,4224.0,9705.0,4260.0,100.316824,ais/manual,True,False,9999.99,9999.99,HIGH
validation,SLC,39268d50efe8dae9v,39268d50efe8dae9v_057.64893433000000300126_008.22481632699999920533,S1B_IW_SLC__1SDV_20200221T054744_20200221T054811_020363_026919_0E4E,2,57.64893433,8.224816327000001,4258.0,2844.0,2851.0,4241.0,2838.0,4272.0,35.12,ais/manual,True,True,9999.99,9999.99,HIGH
validation,SLC,39268d50efe8dae9v,39268d50efe8dae9v_057.47933336999999909267_009.28287569499999953848,S1B_IW_SLC__1SDV_20200221T054744_20200221T054811_020363_026919_0E4E,1,57.47933337,9.282875695,8183.0,1930.0,1934.0,8168.0,1926.0,8199.0,80.21768067,ais/manual,True,False,9999.99,9999.99,HIGH
validation,SLC,39268d50efe8dae9v,39268d50efe8dae9v_057.68355140999999974838_007.46918520899999993645,S1B_IW_SLC__1SDV_20200221T054744_20200221T054811_020363_026919_0E4E,2,57.68355141,7.469185209,16179.0,2525.0,2533.0,16130.0,2517.0,16226.0,172.4753919,ais/manual,True,False,9999.99,9999.99,HIGH
validation,SLC,39268d50efe8dae9v,39268d50efe8dae9v_057.91042219999999929314_009.31393170499999989431,S1B_IW_SLC__1SDV_20200221T054744_20200221T054811_020363_026919_0E4E,1,57.910422200000006,9.313931705,10049.0,5335.0,5343.0,10035.0,5327.0,10061.0,22.30162043,ais/manual,True,True,9999.99,9999.99,HIGH
validation,SLC,a9a58462f221a9eev,a9a58462f221a9eev_057.49802609000000330752_009.36683937399999955176,S1B_IW_SLC__1SDV_20200402T170911_20200402T170938_020968_027C5A_2EF6,3,57.49802609,9.366839374,8915.0,753.0,755.0,8910.0,750.0,8922.0,138.6141024,ais/manual,True,False,9999.99,9999.99,HIGH
validation,SLC,a9a58462f221a9eev,a9a58462f221a9eev_057.14423347000000319440_007.75833777700000037925,S1B_IW_SLC__1SDV_20200402T170911_20200402T170938_020968_027C5A_2EF6,2,57.14423347,7.758337777,4500.0,3208.0,3213.0,4477.0,3203.0,4526.0,131.0611697,ais/manual,True,False,9999.99,9999.99,HIGH
validation,SLC,a9a58462f221a9eev,a9a58462f221a9eev_056.27690081000000077438_007.48116369899999966719,S1B_IW_SLC__1SDV_20200402T170911_20200402T170938_020968_027C5A_2EF6,1,56.27690081,7.481163699,15556.0,9328.0,9334.0,15546.0,9323.0,15568.0,76.80806124,ais/manual,True,False,9999.99,9999.99,HIGH
validation,SLC,a9a58462f221a9eev,a9a58462f221a9eev_057.16714472000000313301_008.47227908400000018219,S1B_IW_SLC__1SDV_20200402T170911_20200402T170938_020968_027C5A_2EF6,2,57.16714472,8.472279084,15918.0,3590.0,3598.0,15897.0,3581.0,15939.0,81.50401185,ais/manual,True,False,8.668923113127656,8.895257001055365,HIGH
validation,SLC,a9a58462f221a9eev,a9a58462f221a9eev_056.52426937999999978501_006.59820133699999988863,S1B_IW_SLC__1SDV_20200402T170911_20200402T170938_020968_027C5A_2EF6,1,56.52426938,6.598201337000001,4321.0,6613.0,6619.0,4311.0,6606.0,4332.0,103.8726438,ais/manual,True,False,9999.99,9999.99,HIGH
validation,SLC,a9a58462f221a9eev,a9a58462f221a9eev_056.75014788000000010015_008.10023179699999928971,S1B_IW_SLC__1SDV_20200402T170911_20200402T170938_020968_027C5A_2EF6,2,56.75014788,8.100231797000001,7693.0,6589.0,6594.0,7682.0,6583.0,7704.0,30.75,ais/manual,True,True,7.549077936767352,7.577837942630682,HIGH
validation,SLC,a9a58462f221a9eev,a9a58462f221a9eev_057.08302563000000162674_008.30023857199999959278,S1B_IW_SLC__1SDV_20200402T170911_20200402T170938_020968_027C5A_2EF6,2,57.08302563,8.300238572,12680.0,4121.0,4128.0,12668.0,4114.0,12692.0,100.9326276,ais/manual,True,False,9999.99,9999.99,HIGH
validation,SLC,a9a58462f221a9eev,a9a58462f221a9eev_056.78940435999999891692_006.25899881600000007609,S1B_IW_SLC__1SDV_20200402T170911_20200402T170938_020968_027C5A_2EF6,1,56.78940436,6.258998816,1185.0,4231.0,4236.0,1178.0,4227.0,1194.0,17.24,ais/manual,True,True,9999.99,9999.99,HIGH
validation,SLC,a9a58462f221a9eev,a9a58462f221a9eev_056.21293527000000267435_007.14006300900000034915,S1B_IW_SLC__1SDV_20200402T170911_20200402T170938_020968_027C5A_2EF6,1,56.21293527,7.140063009,10240.0,9534.0,9539.0,10230.0,9529.0,10250.0,22.75,ais/manual,True,True,9999.99,9999.99,HIGH
validation,SLC,a9a58462f221a9eev,a9a58462f221a9eev_057.44297998999999776970_009.32730373300000081827,S1B_IW_SLC__1SDV_20200402T170911_20200402T170938_020968_027C5A_2EF6,3,57.44297999,9.327303733,7938.0,1162.0,1165.0,7927.0,1158.0,7948.0,112.5222075,ais/manual,True,False,9999.99,9999.99,HIGH
validation,SLC,a9a58462f221a9eev,a9a58462f221a9eev_055.96613529999999769871_007.08542618300000004439,S1B_IW_SLC__1SDV_20200402T170911_20200402T170938_020968_027C5A_2EF6,1,55.9661353,7.085426182999999,8172.0,11421.0,11429.0,8152.0,11413.0,8194.0,125.2560868,ais/manual,True,False,9999.99,9999.99,HIGH
validation,SLC,a9a58462f221a9eev,a9a58462f221a9eev_056.60589439999999683550_006.64630630699999969124,S1B_IW_SLC__1SDV_20200402T170911_20200402T170938_020968_027C5A_2EF6,1,56.6058944,6.646306307000001,5397.0,6017.0,6039.0,5367.0,5995.0,5428.0,227.6521873,ais/manual,True,False,9999.99,9999.99,HIGH
validation,SLC,a9a58462f221a9eev,a9a58462f221a9eev_056.66800257999999956837_007.84616874399999986167,S1B_IW_SLC__1SDV_20200402T170911_20200402T170938_020968_027C5A_2EF6,2,56.66800258,7.846168744,3283.0,7030.0,7033.0,3261.0,7026.0,3304.0,128.4471374,ais/manual,True,False,9999.99,9999.99,HIGH
validation,SLC,a9a58462f221a9eev,a9a58462f221a9eev_057.23005211000000258537_008.23285563600000003248,S1B_IW_SLC__1SDV_20200402T170911_20200402T170938_020968_027C5A_2EF6,2,57.23005211,8.232855636,12398.0,2908.0,2916.0,12383.0,2900.0,12413.0,97.66215537,ais/manual,True,False,9999.99,9999.99,HIGH
validation,SLC,a9a58462f221a9eev,a9a58462f221a9eev_057.25801943999999821244_006.32145286699999964242,S1B_IW_SLC__1SDV_20200402T170911_20200402T170938_020968_027C5A_2EF6,1,57.25801944,6.3214528670000005,4427.0,622.0,632.0,4413.0,612.0,4443.0,79.86501604,ais/manual,True,False,9999.99,9999.99,HIGH
validation,SLC,a9a58462f221a9eev,a9a58462f221a9eev_056.85492556999999891332_006.86130926099999971512,S1B_IW_SLC__1SDV_20200402T170911_20200402T170938_020968_027C5A_2EF6,1,56.85492557,6.8613092610000015,9669.0,4256.0,4276.0,9642.0,4235.0,9699.0,211.48437880000003,ais/manual,True,False,9999.99,9999.99,HIGH
validation,SLC,a9a58462f221a9eev,a9a58462f221a9eev_057.02830028000000339716_008.05216996100000059755,S1B_IW_SLC__1SDV_20200402T170911_20200402T170938_020968_027C5A_2EF6,2,57.02830028,8.052169961,8439.0,4357.0,4361.0,8432.0,4354.0,8449.0,88.43414721,ais/manual,True,False,9999.99,9999.99,HIGH
validation,SLC,a9a58462f221a9eev,a9a58462f221a9eev_057.42756998000000123739_008.47270050899999915828,S1B_IW_SLC__1SDV_20200402T170911_20200402T170938_020968_027C5A_2EF6,2,57.42756998,8.472700509,17336.0,1532.0,1539.0,17314.0,1525.0,17359.0,182.259938,ais/manual,True,False,9999.99,9999.99,HIGH
validation,SLC,a9a58462f221a9eev,a9a58462f221a9eev_055.86277062999999998283_006.70136920399999969078,S1B_IW_SLC__1SDV_20200402T170911_20200402T170938_020968_027C5A_2EF6,1,55.86277063,6.701369204,2322.0,11883.0,11887.0,2309.0,11878.0,2334.0,121.9603678,ais/manual,True,False,9999.99,9999.99,HIGH
validation,SLC,6a2b6ddecd398c6fv,6a2b6ddecd398c6fv_060.69504761999999686850_-00.11836604000000000569,S1B_IW_SLC__1SDV_20200511T062006_20200511T062033_021530_028E04_7727,2,60.69504762,-0.11836604,22625.0,9937.0,9945.0,22610.0,9929.0,22639.0,35.28,ais/manual,True,True,9999.99,9999.99,HIGH
validation,SLC,6a2b6ddecd398c6fv,6a2b6ddecd398c6fv_059.38607640000000031932_002.04500312100000014581,S1B_IW_SLC__1SDV_20200511T062006_20200511T062033_021530_028E04_7727,1,59.38607639999999,2.045003121,5301.0,852.0,861.0,5284.0,844.0,5315.0,216.2569695,ais/manual,True,False,9999.99,9999.99,HIGH
validation,SLC,6a2b6ddecd398c6fv,6a2b6ddecd398c6fv_060.12975185999999894193_001.09194289899999996685,S1B_IW_SLC__1SDV_20200511T062006_20200511T062033_021530_028E04_7727,1,60.12975186,1.091942899,21915.0,5901.0,5908.0,21899.0,5893.0,21928.0,40.08544798,ais/manual,True,False,9999.99,9999.99,HIGH
validation,SLC,6a2b6ddecd398c6fv,6a2b6ddecd398c6fv_059.89881618999999801645_001.28005598900000006068,S1B_IW_SLC__1SDV_20200511T062006_20200511T062033_021530_028E04_7727,1,59.89881619,1.280055989,18060.0,4235.0,4241.0,18037.0,4228.0,18081.0,30.09357418,ais/manual,True,False,9999.99,9999.99,HIGH
validation,SLC,6a2b6ddecd398c6fv,6a2b6ddecd398c6fv_059.85454131000000188578_001.30108854399999995799,S1B_IW_SLC__1SDV_20200511T062006_20200511T062033_021530_028E04_7727,1,59.85454131,1.301088544,17530.0,3904.0,3909.0,17515.0,3899.0,17546.0,78.45293923,ais/manual,True,False,9999.99,9999.99,HIGH
validation,SLC,6a2b6ddecd398c6fv,6a2b6ddecd398c6fv_060.75413867999999695257_-01.59109580199999989247,S1B_IW_SLC__1SDV_20200511T062006_20200511T062033_021530_028E04_7727,3,60.75413868,-1.591095802,22264.0,8575.0,8576.0,22257.0,8573.0,22271.0,38.07,ais/manual,True,True,9999.99,9999.99,HIGH
validation,SLC,6a2b6ddecd398c6fv,6a2b6ddecd398c6fv_060.83643406000000197764_001.39035756900000007086,S1B_IW_SLC__1SDV_20200511T062006_20200511T062033_021530_028E04_7727,1,60.83643406,1.390357569,21810.0,11691.0,11697.0,21798.0,11685.0,21819.0,53.41634632,ais/manual,True,False,9999.99,9999.99,HIGH
validation,SLC,6a2b6ddecd398c6fv,6a2b6ddecd398c6fv_060.59841399999999822512_002.81649415000000002962,S1B_IW_SLC__1SDV_20200511T062006_20200511T062033_021530_028E04_7727,1,60.598414,2.81649415,2519.0,10992.0,10998.0,2507.0,10986.0,2531.0,57.37061806,ais/manual,True,False,9999.99,9999.99,HIGH
validation,SLC,6a2b6ddecd398c6fv,6a2b6ddecd398c6fv_059.91446738999999865882_001.29570147199999996523,S1B_IW_SLC__1SDV_20200511T062006_20200511T062033_021530_028E04_7727,1,59.91446739,1.295701472,17935.0,4370.0,4374.0,17927.0,4366.0,17943.0,37.9047091,ais/manual,True,False,9999.99,9999.99,HIGH
validation,SLC,6a2b6ddecd398c6fv,6a2b6ddecd398c6fv_059.71081640999999962105_000.84116374599999998996,S1B_IW_SLC__1SDV_20200511T062006_20200511T062033_021530_028E04_7727,2,59.71081641,0.841163746,3134.0,2878.0,2883.0,3118.0,2873.0,3147.0,63.80103418,ais/manual,True,False,9999.99,9999.99,HIGH
validation,SLC,6a2b6ddecd398c6fv,6a2b6ddecd398c6fv_060.58695569999999719357_-00.50947150600000001841,S1B_IW_SLC__1SDV_20200511T062006_20200511T062033_021530_028E04_7727,3,60.5869557,-0.509471506,4127.0,7940.0,7943.0,4119.0,7938.0,4131.0,23.02,ais/manual,True,True,9999.99,9999.99,HIGH
validation,SLC,6a2b6ddecd398c6fv,6a2b6ddecd398c6fv_060.83303774000000174738_001.45289186800000003075,S1B_IW_SLC__1SDV_20200511T062006_20200511T062033_021530_028E04_7727,1,60.83303774,1.452891868,20951.0,11712.0,11721.0,20936.0,11703.0,20965.0,81.84010459,ais/manual,True,False,9999.99,9999.99,HIGH
validation,SLC,6a2b6ddecd398c6fv,6a2b6ddecd398c6fv_060.08273098000000089769_-01.12070870799999999790,S1B_IW_SLC__1SDV_20200511T062006_20200511T062033_021530_028E04_7727,3,60.08273098,-1.120708708,11025.0,3532.0,3536.0,11011.0,3529.0,11039.0,60.9,ais/manual,True,True,3.278135573282248,3.1576482300208224,HIGH
validation,SLC,6a2b6ddecd398c6fv,6a2b6ddecd398c6fv_060.92863610999999934847_000.20346994500000001316,S1B_IW_SLC__1SDV_20200511T062006_20200511T062033_021530_028E04_7727,2,60.92863611,0.203469945,19135.0,12010.0,12021.0,19115.0,11999.0,19152.0,51.03224118,ais/manual,True,False,9999.99,9999.99,HIGH
validation,SLC,6a2b6ddecd398c6fv,6a2b6ddecd398c6fv_059.77823441000000315171_-00.11470795400000000086,S1B_IW_SLC__1SDV_20200511T062006_20200511T062033_021530_028E04_7727,2,59.77823441,-0.114707954,17482.0,2688.0,2694.0,17471.0,2682.0,17493.0,23.0,ais/manual,True,True,9999.99,9999.99,HIGH
validation,SLC,6a2b6ddecd398c6fv,6a2b6ddecd398c6fv_060.41450505000000248401_001.19151485899999998175,S1B_IW_SLC__1SDV_20200511T062006_20200511T062033_021530_028E04_7727,2,60.41450505,1.191514859,2198.0,8687.0,8691.0,2185.0,8683.0,2208.0,90.0,ais/manual,True,False,9999.99,9999.99,HIGH
validation,SLC,0d8ed29b0760dc59v,0d8ed29b0760dc59v_043.99933621000000272261_013.45382123000000085256,S1B_IW_SLC__1SDV_20200514T051033_20200514T051100_021573_028F48_FFD5,3,43.99933621,13.45382123,2283.0,5226.0,5227.0,2277.0,5225.0,2286.0,19.23,ais/manual,True,True,9999.99,9999.99,HIGH
validation,SLC,0d8ed29b0760dc59v,0d8ed29b0760dc59v_044.14072388999999674297_013.98761086000000020135,S1B_IW_SLC__1SDV_20200514T051033_20200514T051100_021573_028F48_FFD5,2,44.14072389,13.98761086,15106.0,6379.0,6387.0,15082.0,6371.0,15130.0,169.4340177,ais/manual,True,False,9999.99,9999.99,HIGH
validation,SLC,0d8ed29b0760dc59v,0d8ed29b0760dc59v_043.87213263000000296188_013.91687048000000004322,S1B_IW_SLC__1SDV_20200514T051033_20200514T051100_021573_028F48_FFD5,2,43.87213263,13.91687048,15230.0,4196.0,4200.0,15219.0,4192.0,15238.0,25.6,ais/manual,True,True,9999.99,9999.99,HIGH
validation,SLC,0d8ed29b0760dc59v,0d8ed29b0760dc59v_044.60729075999999793112_013.17817576999999928944,S1B_IW_SLC__1SDV_20200514T051033_20200514T051100_021573_028F48_FFD5,3,44.60729076,13.17817577,11823.0,9769.0,9773.0,11812.0,9766.0,11831.0,27.425,ais/manual,True,True,9999.99,9999.99,HIGH
validation,SLC,0d8ed29b0760dc59v,0d8ed29b0760dc59v_044.83214530000000053178_012.89910809000000035951,S1B_IW_SLC__1SDV_20200514T051033_20200514T051100_021573_028F48_FFD5,3,44.8321453,12.89910809,19558.0,11297.0,11300.0,19550.0,11295.0,19566.0,21.25,ais/manual,True,True,9999.99,9999.99,HIGH
validation,SLC,0d8ed29b0760dc59v,0d8ed29b0760dc59v_043.87714963999999895350_013.54921747999999936951,S1B_IW_SLC__1SDV_20200514T051033_20200514T051100_021573_028F48_FFD5,2,43.87714964,13.54921748,23364.0,3879.0,3884.0,23355.0,3875.0,23373.0,24.27,ais/manual,True,True,9999.99,9999.99,HIGH
validation,SLC,0d8ed29b0760dc59v,0d8ed29b0760dc59v_044.25347029000000276255_013.00500363999999997588,S1B_IW_SLC__1SDV_20200514T051033_20200514T051100_021573_028F48_FFD5,3,44.25347029,13.00500364,13992.0,6815.0,6823.0,13977.0,6808.0,14003.0,23.04,ais/manual,True,True,9999.99,9999.99,HIGH
validation,SLC,0d8ed29b0760dc59v,0d8ed29b0760dc59v_044.82952161000000046442_012.91311885000000003743,S1B_IW_SLC__1SDV_20200514T051033_20200514T051100_021573_028F48_FFD5,3,44.82952161,12.91311885,19212.0,11289.0,11292.0,19204.0,11286.0,19220.0,16.9,ais/manual,True,True,9999.99,9999.99,HIGH
validation,SLC,0d8ed29b0760dc59v,0d8ed29b0760dc59v_043.71337436000000309377_014.26506889999999927454,S1B_IW_SLC__1SDV_20200514T051033_20200514T051100_021573_028F48_FFD5,2,43.71337436,14.2650689,7003.0,3294.0,3297.0,6994.0,3292.0,7010.0,22.23,ais/manual,True,True,9999.99,9999.99,HIGH
validation,SLC,0d8ed29b0760dc59v,0d8ed29b0760dc59v_043.84746266999999875225_015.01361744000000086885,S1B_IW_SLC__1SDV_20200514T051033_20200514T051100_021573_028F48_FFD5,1,43.84746267,15.01361744,12696.0,5987.0,5995.0,12680.0,5980.0,12710.0,71.36246618,ais/manual,True,False,9999.99,9999.99,HIGH
validation,SLC,0d8ed29b0760dc59v,0d8ed29b0760dc59v_044.80920340000000123837_012.90474689999999924339,S1B_IW_SLC__1SDV_20200514T051033_20200514T051100_021573_028F48_FFD5,3,44.8092034,12.9047469,19303.0,11121.0,11122.0,19296.0,11119.0,19307.0,14.82,ais/manual,True,True,9999.99,9999.99,HIGH
validation,SLC,0d8ed29b0760dc59v,0d8ed29b0760dc59v_044.86530812000000167927_012.91574978000000051281,S1B_IW_SLC__1SDV_20200514T051033_20200514T051100_021573_028F48_FFD5,3,44.86530812,12.91574978,19339.0,11574.0,11577.0,19332.0,11572.0,19344.0,17.8,ais/manual,True,True,9999.99,9999.99,HIGH
validation,SLC,0d8ed29b0760dc59v,0d8ed29b0760dc59v_044.83440822000000025582_012.95431265000000031762,S1B_IW_SLC__1SDV_20200514T051033_20200514T051100_021573_028F48_FFD5,3,44.83440822,12.95431265,18265.0,11364.0,11366.0,18257.0,11362.0,18272.0,18.36,ais/manual,True,True,9999.99,9999.99,HIGH
validation,SLC,0d8ed29b0760dc59v,0d8ed29b0760dc59v_044.08591331000000224094_013.79481370999999967353,S1B_IW_SLC__1SDV_20200514T051033_20200514T051100_021573_028F48_FFD5,2,44.08591331,13.79481371,19012.0,5760.0,5764.0,19005.0,5757.0,19020.0,19.94,ais/manual,True,True,9999.99,9999.99,HIGH
validation,SLC,0d8ed29b0760dc59v,0d8ed29b0760dc59v_044.12909158000000076072_014.64793238000000030752,S1B_IW_SLC__1SDV_20200514T051033_20200514T051100_021573_028F48_FFD5,2,44.12909158,14.64793238,1310.0,6948.0,6952.0,1298.0,6944.0,1320.0,85.25102767,ais/manual,True,False,9999.99,9999.99,HIGH
validation,SLC,0d8ed29b0760dc59v,0d8ed29b0760dc59v_043.85965939999999818610_013.58323891999999943891,S1B_IW_SLC__1SDV_20200514T051033_20200514T051100_021573_028F48_FFD5,2,43.8596594,13.58323892,22509.0,3774.0,3778.0,22498.0,3769.0,22521.0,28.1,ais/manual,True,True,9999.99,9999.99,HIGH
validation,SLC,0d8ed29b0760dc59v,0d8ed29b0760dc59v_044.84252573999999924581_012.90062866999999968698,S1B_IW_SLC__1SDV_20200514T051033_20200514T051100_021573_028F48_FFD5,3,44.84252574,12.90062867,19577.0,11381.0,11383.0,19569.0,11379.0,19582.0,14.74,ais/manual,True,True,9999.99,9999.99,HIGH
validation,SLC,0d8ed29b0760dc59v,0d8ed29b0760dc59v_044.18374948000000301818_013.32176731000000025062,S1B_IW_SLC__1SDV_20200514T051033_20200514T051100_021573_028F48_FFD5,3,44.18374948,13.32176731,6267.0,6556.0,6560.0,6259.0,6553.0,6276.0,26.425,ais/manual,True,True,9999.99,9999.99,HIGH
validation,SLC,0d8ed29b0760dc59v,0d8ed29b0760dc59v_043.61730318000000039547_014.42214944000000009794,S1B_IW_SLC__1SDV_20200514T051033_20200514T051100_021573_028F48_FFD5,2,43.61730318,14.42214944,3267.0,2699.0,2702.0,3260.0,2696.0,3271.0,20.9,ais/manual,True,True,9999.99,9999.99,HIGH
validation,SLC,0d8ed29b0760dc59v,0d8ed29b0760dc59v_043.47735911000000186277_013.80438185999999944897,S1B_IW_SLC__1SDV_20200514T051033_20200514T051100_021573_028F48_FFD5,2,43.47735911,13.80438186,15610.0,978.0,981.0,15605.0,975.0,15615.0,14.87,ais/manual,True,True,9999.99,9999.99,HIGH
validation,SLC,0d8ed29b0760dc59v,0d8ed29b0760dc59v_043.83484040999999820087_013.93421262999999932219,S1B_IW_SLC__1SDV_20200514T051033_20200514T051100_021573_028F48_FFD5,2,43.83484041,13.93421263,14659.0,3920.0,3925.0,14650.0,3914.0,14668.0,26.8,ais/manual,True,True,9999.99,9999.99,HIGH
validation,SLC,0d8ed29b0760dc59v,0d8ed29b0760dc59v_043.51303877000000142061_014.47919077999999970530,S1B_IW_SLC__1SDV_20200514T051033_20200514T051100_021573_028F48_FFD5,2,43.51303877,14.47919078,1573.0,1939.0,1942.0,1569.0,1937.0,1577.0,22.8,ais/manual,True,True,9999.99,9999.99,HIGH
validation,SLC,0d8ed29b0760dc59v,0d8ed29b0760dc59v_043.70175366000000138911_013.39410196999999946854,S1B_IW_SLC__1SDV_20200514T051033_20200514T051100_021573_028F48_FFD5,3,43.70175366,13.39410197,2064.0,2822.0,2824.0,2057.0,2820.0,2067.0,23.28,ais/manual,True,True,6.578225469599847,6.520980743271691,HIGH
validation,SLC,0d8ed29b0760dc59v,0d8ed29b0760dc59v_044.16964972000000244634_012.64997048999999940122,S1B_IW_SLC__1SDV_20200514T051033_20200514T051100_021573_028F48_FFD5,3,44.16964972,12.64997049,22008.0,5833.0,5839.0,21997.0,5826.0,22018.0,21.7,ais/manual,True,True,9999.99,9999.99,HIGH
validation,SLC,0d8ed29b0760dc59v,0d8ed29b0760dc59v_044.29144182000000284916_013.51122872000000008086,S1B_IW_SLC__1SDV_20200514T051033_20200514T051100_021573_028F48_FFD5,3,44.29144182,13.51122872,2530.0,7584.0,7586.0,2523.0,7582.0,2537.0,24.00614543,ais/manual,True,True,9999.99,9999.99,HIGH
validation,SLC,0d8ed29b0760dc59v,0d8ed29b0760dc59v_044.22136144000000257392_012.84809560000000061564,S1B_IW_SLC__1SDV_20200514T051033_20200514T051100_021573_028F48_FFD5,3,44.22136144,12.8480956,17533.0,6419.0,6422.0,17525.0,6416.0,17541.0,21.7,ais/manual,True,True,9999.99,9999.99,HIGH
validation,SLC,0d8ed29b0760dc59v,0d8ed29b0760dc59v_043.91298145999999746891_013.48657279999999936138,S1B_IW_SLC__1SDV_20200514T051033_20200514T051100_021573_028F48_FFD5,3,43.91298146,13.4865728,1086.0,4576.0,4582.0,1073.0,4569.0,1099.0,25.5,ais/manual,True,True,9999.99,9999.99,HIGH
validation,SLC,0d8ed29b0760dc59v,0d8ed29b0760dc59v_043.69412942000000299458_014.29744389000000026613,S1B_IW_SLC__1SDV_20200514T051033_20200514T051100_021573_028F48_FFD5,2,43.69412942,14.29744389,6231.0,3176.0,3180.0,6223.0,3172.0,6238.0,22.25,ais/manual,True,True,9999.99,9999.99,HIGH
validation,SLC,0d8ed29b0760dc59v,0d8ed29b0760dc59v_044.21352862999999899785_014.21218522000000028527,S1B_IW_SLC__1SDV_20200514T051033_20200514T051100_021573_028F48_FFD5,2,44.21352863,14.21218522,10701.0,7173.0,7178.0,10675.0,7169.0,10725.0,156.69605890000005,ais/manual,True,False,9999.99,9999.99,HIGH
validation,SLC,0d8ed29b0760dc59v,0d8ed29b0760dc59v_044.85477335000000209675_012.92055955000000011523,S1B_IW_SLC__1SDV_20200514T051033_20200514T051100_021573_028F48_FFD5,3,44.85477335,12.92055955,19170.0,11495.0,11498.0,19162.0,11493.0,19177.0,24.285,ais/manual,True,True,9999.99,9999.99,HIGH
validation,SLC,0d8ed29b0760dc59v,0d8ed29b0760dc59v_044.66035753999999968755_013.15280079000000057476,S1B_IW_SLC__1SDV_20200514T051033_20200514T051100_021573_028F48_FFD5,3,44.66035754,13.15280079,12693.0,10166.0,10168.0,12686.0,10163.0,12701.0,25.35,ais/manual,True,True,9999.99,9999.99,HIGH
validation,SLC,0d8ed29b0760dc59v,0d8ed29b0760dc59v_044.79885198000000201546_013.18328245000000009668,S1B_IW_SLC__1SDV_20200514T051033_20200514T051100_021573_028F48_FFD5,3,44.79885198,13.18328245,12719.0,11288.0,11293.0,12707.0,11283.0,12732.0,22.5,ais/manual,True,True,9999.99,9999.99,HIGH
validation,SLC,0d8ed29b0760dc59v,0d8ed29b0760dc59v_044.11689539999999709607_013.94127774000000030696,S1B_IW_SLC__1SDV_20200514T051033_20200514T051100_021573_028F48_FFD5,2,44.1168954,13.94127774,15982.0,6147.0,6149.0,15978.0,6144.0,15987.0,22.56,ais/manual,True,True,9999.99,9999.99,HIGH
validation,SLC,0d8ed29b0760dc59v,0d8ed29b0760dc59v_043.89316739000000211490_013.50662185000000015123,S1B_IW_SLC__1SDV_20200514T051033_20200514T051100_021573_028F48_FFD5,2,43.89316739,13.50662185,24406.0,3965.0,3968.0,24398.0,3961.0,24414.0,27.275,ais/manual,True,True,9999.99,9999.99,HIGH
validation,SLC,0d8ed29b0760dc59v,0d8ed29b0760dc59v_043.47280133999999662819_013.81634093000000085283,S1B_IW_SLC__1SDV_20200514T051033_20200514T051100_021573_028F48_FFD5,2,43.47280134,13.81634093,15325.0,954.0,957.0,15318.0,952.0,15332.0,18.98094979,ais/manual,True,True,9999.99,9999.99,HIGH
validation,SLC,0d8ed29b0760dc59v,0d8ed29b0760dc59v_044.47203526999999922964_012.64905191000000073132,S1B_IW_SLC__1SDV_20200514T051033_20200514T051100_021573_028F48_FFD5,3,44.47203527,12.64905191,23632.0,8226.0,8231.0,23619.0,8221.0,23642.0,25.1,ais/manual,True,True,9999.99,9999.99,HIGH
validation,SLC,0d8ed29b0760dc59v,0d8ed29b0760dc59v_044.28228083999999853404_013.39328051999999935617,S1B_IW_SLC__1SDV_20200514T051033_20200514T051100_021573_028F48_FFD5,3,44.28228084,13.39328052,5155.0,7401.0,7404.0,5142.0,7398.0,5166.0,24.62,ais/manual,True,True,9999.99,9999.99,HIGH
validation,SLC,0d8ed29b0760dc59v,0d8ed29b0760dc59v_044.10316532000000222524_012.57901659000000016420,S1B_IW_SLC__1SDV_20200514T051033_20200514T051100_021573_028F48_FFD5,3,44.10316532,12.57901659,23373.0,5243.0,5249.0,23359.0,5237.0,23383.0,24.14854468,ais/manual,True,False,2.379408907723269,3.0371361565939448,HIGH
validation,SLC,0d8ed29b0760dc59v,0d8ed29b0760dc59v_044.62183438000000279544_013.55978372000000042874,S1B_IW_SLC__1SDV_20200514T051033_20200514T051100_021573_028F48_FFD5,3,44.62183438,13.55978372,3183.0,10236.0,10239.0,3172.0,10233.0,3191.0,23.93,ais/manual,True,True,9999.99,9999.99,HIGH
validation,SLC,0d8ed29b0760dc59v,0d8ed29b0760dc59v_043.85861831999999793652_013.57915732000000019752,S1B_IW_SLC__1SDV_20200514T051033_20200514T051100_021573_028F48_FFD5,2,43.85861832,13.57915732,22595.0,3762.0,3765.0,22588.0,3759.0,22603.0,20.15,ais/manual,True,True,9999.99,9999.99,HIGH
validation,SLC,0d8ed29b0760dc59v,0d8ed29b0760dc59v_043.91939114000000188298_013.03264640000000085251,S1B_IW_SLC__1SDV_20200514T051033_20200514T051100_021573_028F48_FFD5,3,43.91939114,13.0326464,11569.0,4201.0,4204.0,11557.0,4197.0,11577.0,26.26,ais/manual,True,True,6.853592770509343,6.286615670617712,HIGH
validation,SLC,0d8ed29b0760dc59v,0d8ed29b0760dc59v_044.84711904000000259884_012.90564999999999962199,S1B_IW_SLC__1SDV_20200514T051033_20200514T051100_021573_028F48_FFD5,3,44.84711904,12.90565,19482.0,11422.0,11425.0,19474.0,11419.0,19487.0,17.8,ais/manual,True,True,9999.99,9999.99,HIGH
validation,SLC,0d8ed29b0760dc59v,0d8ed29b0760dc59v_044.22628037999999861540_012.85592929999999967094,S1B_IW_SLC__1SDV_20200514T051033_20200514T051100_021573_028F48_FFD5,3,44.22628038,12.8559293,17373.0,6465.0,6469.0,17361.0,6461.0,17384.0,21.7,ais/manual,True,True,9999.99,9999.99,HIGH
validation,SLC,0d8ed29b0760dc59v,0d8ed29b0760dc59v_044.61743372000000107391_013.13727300000000042246,S1B_IW_SLC__1SDV_20200514T051033_20200514T051100_021573_028F48_FFD5,3,44.61743372,13.137273,12827.0,9812.0,9818.0,12812.0,9807.0,12840.0,18.74,ais/manual,True,True,9999.99,9999.99,HIGH
validation,SLC,0d8ed29b0760dc59v,0d8ed29b0760dc59v_043.85499887999999657495_013.90461376000000015551,S1B_IW_SLC__1SDV_20200514T051033_20200514T051100_021573_028F48_FFD5,2,43.85499888,13.90461376,15406.0,4049.0,4052.0,15396.0,4046.0,15416.0,26.2,ais/manual,True,True,9999.99,9999.99,HIGH
validation,SLC,0d8ed29b0760dc59v,0d8ed29b0760dc59v_043.22273045000000024629_014.93491904999999952963,S1B_IW_SLC__1SDV_20200514T051033_20200514T051100_021573_028F48_FFD5,1,43.22273045,14.93491905,11106.0,1011.0,1016.0,11087.0,1005.0,11126.0,141.0,ais/manual,True,False,9999.99,9999.99,HIGH
validation,SLC,0d8ed29b0760dc59v,0d8ed29b0760dc59v_044.83259759999999971569_012.95374417000000022426,S1B_IW_SLC__1SDV_20200514T051033_20200514T051100_021573_028F48_FFD5,3,44.8325976,12.95374417,18268.0,11349.0,11352.0,18260.0,11346.0,18277.0,18.27566699,ais/manual,True,True,9999.99,9999.99,HIGH
validation,SLC,0d8ed29b0760dc59v,0d8ed29b0760dc59v_043.88808391999999969357_014.65308993999999920277,S1B_IW_SLC__1SDV_20200514T051033_20200514T051100_021573_028F48_FFD5,1,43.88808392,14.65308994,19929.0,5931.0,5934.0,19917.0,5927.0,19941.0,101.7040239,ais/manual,True,False,9999.99,9999.99,HIGH
validation,SLC,0d8ed29b0760dc59v,0d8ed29b0760dc59v_044.80588171000000130562_012.89057812000000069474,S1B_IW_SLC__1SDV_20200514T051033_20200514T051100_021573_028F48_FFD5,3,44.80588171,12.89057812,19621.0,11082.0,11087.0,19611.0,11077.0,19631.0,21.45,ais/manual,True,True,9999.99,9999.99,HIGH
validation,SLC,0d8ed29b0760dc59v,0d8ed29b0760dc59v_044.85576754000000221367_012.92077686999999919237,S1B_IW_SLC__1SDV_20200514T051033_20200514T051100_021573_028F48_FFD5,3,44.85576754,12.92077687,19170.0,11503.0,11505.0,19163.0,11502.0,19174.0,17.8,ais/manual,True,True,9999.99,9999.99,HIGH
validation,SLC,0d8ed29b0760dc59v,0d8ed29b0760dc59v_043.86255409000000327069_013.54845159000000087701,S1B_IW_SLC__1SDV_20200514T051033_20200514T051100_021573_028F48_FFD5,2,43.86255409,13.54845159,23304.0,3763.0,3766.0,23296.0,3760.0,23312.0,27.375,ais/manual,True,True,9999.99,9999.99,HIGH
validation,SLC,0d8ed29b0760dc59v,0d8ed29b0760dc59v_044.18379089999999820293_013.53408458000000003096,S1B_IW_SLC__1SDV_20200514T051033_20200514T051100_021573_028F48_FFD5,3,44.1837909,13.53408458,1446.0,6756.0,6760.0,1430.0,6753.0,1460.0,58.76440152,ais/manual,True,False,9999.99,9999.99,HIGH
validation,SLC,0d8ed29b0760dc59v,0d8ed29b0760dc59v_044.88890751999999650934_013.07015063999999959776,S1B_IW_SLC__1SDV_20200514T051033_20200514T051100_021573_028F48_FFD5,3,44.88890752,13.07015064,15831.0,11898.0,11902.0,15823.0,11895.0,15840.0,23.06,ais/manual,True,True,9999.99,9999.99,HIGH
validation,SLC,0d8ed29b0760dc59v,0d8ed29b0760dc59v_044.09596868999999941252_013.97650652999999998372,S1B_IW_SLC__1SDV_20200514T051033_20200514T051100_021573_028F48_FFD5,2,44.09596869,13.97650653,15112.0,6016.0,6019.0,15107.0,6013.0,15116.0,21.18,ais/manual,True,True,9999.99,9999.99,HIGH
validation,SLC,0d8ed29b0760dc59v,0d8ed29b0760dc59v_043.64856611999999813634_014.13900925000000086129,S1B_IW_SLC__1SDV_20200514T051033_20200514T051100_021573_028F48_FFD5,2,43.64856612,14.13900925,9313.0,2658.0,2664.0,9304.0,2652.0,9322.0,31.55048572,ais/manual,True,False,9999.99,9999.99,HIGH
validation,SLC,0d8ed29b0760dc59v,0d8ed29b0760dc59v_043.65611313000000137663_013.46017748999999952275,S1B_IW_SLC__1SDV_20200514T051033_20200514T051100_021573_028F48_FFD5,2,43.65611313,13.46017749,24201.0,2051.0,2055.0,24180.0,2048.0,24223.0,140.1275749,ais/manual,True,False,3.962432930358329,4.474642393092947,HIGH
validation,SLC,0d8ed29b0760dc59v,0d8ed29b0760dc59v_043.99604202999999813528_013.32245355000000053280,S1B_IW_SLC__1SDV_20200514T051033_20200514T051100_021573_028F48_FFD5,3,43.99604203,13.32245355,5257.0,5076.0,5082.0,5247.0,5070.0,5267.0,22.32,ais/manual,True,True,9999.99,9999.99,HIGH
validation,SLC,0d8ed29b0760dc59v,0d8ed29b0760dc59v_043.98514579999999796200_013.01875390999999915209,S1B_IW_SLC__1SDV_20200514T051033_20200514T051100_021573_028F48_FFD5,3,43.9851458,13.01875391,12244.0,4707.0,4710.0,12234.0,4705.0,12254.0,22.3,ais/manual,True,True,9999.99,9999.99,HIGH
validation,SLC,0d8ed29b0760dc59v,0d8ed29b0760dc59v_044.85746759999999966340_012.92020941000000000543,S1B_IW_SLC__1SDV_20200514T051033_20200514T051100_021573_028F48_FFD5,3,44.85746760000001,12.92020941,19192.0,11516.0,11519.0,19185.0,11514.0,19200.0,24.185,ais/manual,True,True,9999.99,9999.99,HIGH
validation,SLC,0d8ed29b0760dc59v,0d8ed29b0760dc59v_043.74261276000000009390_013.62015524000000077365,S1B_IW_SLC__1SDV_20200514T051033_20200514T051100_021573_028F48_FFD5,2,43.74261276,13.62015524,21068.0,2887.0,2891.0,21052.0,2883.0,21082.0,17.25,ais/manual,True,True,9999.99,9999.99,HIGH
validation,SLC,0d8ed29b0760dc59v,0d8ed29b0760dc59v_043.91298145999999746891_013.48657279999999936138,S1B_IW_SLC__1SDV_20200514T051033_20200514T051100_021573_028F48_FFD5,2,43.91298146,13.4865728,24963.0,4102.0,4108.0,24950.0,4095.0,24976.0,25.5,ais/manual,True,True,9999.99,9999.99,HIGH
validation,SLC,0d8ed29b0760dc59v,0d8ed29b0760dc59v_044.17371518000000207849_012.66381913999999930809,S1B_IW_SLC__1SDV_20200514T051033_20200514T051100_021573_028F48_FFD5,3,44.17371518,12.66381914,21695.0,5877.0,5879.0,21685.0,5875.0,21702.0,21.7,ais/manual,True,True,9999.99,9999.99,HIGH
validation,SLC,0d8ed29b0760dc59v,0d8ed29b0760dc59v_043.85029397000000273010_013.93070265999999968187,S1B_IW_SLC__1SDV_20200514T051033_20200514T051100_021573_028F48_FFD5,2,43.85029397,13.93070266,14816.0,4038.0,4042.0,14806.0,4034.0,14827.0,22.9,ais/manual,True,True,9999.99,9999.99,HIGH
validation,SLC,0d8ed29b0760dc59v,0d8ed29b0760dc59v_043.91009309999999743468_013.25263791999999973825,S1B_IW_SLC__1SDV_20200514T051033_20200514T051100_021573_028F48_FFD5,3,43.91009310000001,13.25263792,6405.0,4332.0,4334.0,6401.0,4330.0,6410.0,21.5,ais/manual,True,True,9999.99,9999.99,HIGH
validation,SLC,0d8ed29b0760dc59v,0d8ed29b0760dc59v_044.90487266000000232680_013.06138286999999920113,S1B_IW_SLC__1SDV_20200514T051033_20200514T051100_021573_028F48_FFD5,3,44.90487266,13.06138287,16121.0,12017.0,12021.0,16109.0,12013.0,16130.0,21.6,ais/manual,True,True,9999.99,9999.99,HIGH
validation,SLC,9c418af4acd217d1v,9c418af4acd217d1v_057.11259476000000034901_007.59890027700000025845,S1B_IW_SLC__1SDV_20200527T054812_20200527T054838_021763_0294E5_89D9,2,57.11259476,7.598900277,11026.0,10179.0,10186.0,11001.0,10173.0,11051.0,198.8996048,ais/manual,True,False,9999.99,9999.99,HIGH
validation,SLC,9c418af4acd217d1v,9c418af4acd217d1v_056.14821571000000233198_007.15366684299999988639,S1B_IW_SLC__1SDV_20200527T054812_20200527T054838_021763_0294E5_89D9,2,56.14821571,7.153666843,13008.0,2218.0,2223.0,12991.0,2212.0,13022.0,92.89990793,ais/manual,True,False,9999.99,9999.99,HIGH
validation,SLC,9c418af4acd217d1v,9c418af4acd217d1v_056.27962174000000317164_007.51628074599999962402,S1B_IW_SLC__1SDV_20200527T054812_20200527T054838_021763_0294E5_89D9,2,56.27962174,7.516280746,7843.0,3545.0,3549.0,7830.0,3541.0,7856.0,78.39757490000002,ais/manual,True,False,9999.99,9999.99,HIGH
validation,SLC,9c418af4acd217d1v,9c418af4acd217d1v_056.09647962999999748490_006.09121282200000013773,S1B_IW_SLC__1SDV_20200527T054812_20200527T054838_021763_0294E5_89D9,3,56.09647963,6.091212822,7052.0,127.0,134.0,7016.0,119.0,7085.0,150.1747229,ais/manual,True,False,9999.99,9999.99,HIGH
validation,SLC,9c418af4acd217d1v,9c418af4acd217d1v_056.17071443999999758034_007.34636427700000016472,S1B_IW_SLC__1SDV_20200527T054812_20200527T054838_021763_0294E5_89D9,2,56.17071444,7.346364277,9987.0,2549.0,2564.0,9958.0,2535.0,10015.0,190.0910337,ais/manual,True,False,9999.99,9999.99,HIGH
validation,SLC,9c418af4acd217d1v,9c418af4acd217d1v_056.61576790000000158898_007.63397754300000030980,S1B_IW_SLC__1SDV_20200527T054812_20200527T054838_021763_0294E5_89D9,2,56.6157679,7.633977542999999,7786.0,6290.0,6296.0,7767.0,6284.0,7802.0,137.62072080000002,ais/manual,True,False,9999.99,9999.99,HIGH
validation,SLC,9c418af4acd217d1v,9c418af4acd217d1v_056.65143620999999996002_006.10978076800000025059,S1B_IW_SLC__1SDV_20200527T054812_20200527T054838_021763_0294E5_89D9,3,56.65143621,6.109780767999999,9672.0,4542.0,4557.0,9649.0,4527.0,9696.0,67.38990455,ais/manual,True,False,9999.99,9999.99,HIGH
validation,SLC,9c418af4acd217d1v,9c418af4acd217d1v_057.08498989999999650991_008.47114838599999941948,S1B_IW_SLC__1SDV_20200527T054812_20200527T054838_021763_0294E5_89D9,1,57.0849899,8.471148386,17519.0,10201.0,10205.0,17509.0,10198.0,17526.0,21.915,ais/manual,True,True,4.183788023016327,3.6369077049423377,HIGH
validation,SLC,9c418af4acd217d1v,9c418af4acd217d1v_057.16430489999999764450_007.54022455099999966421,S1B_IW_SLC__1SDV_20200527T054812_20200527T054838_021763_0294E5_89D9,2,57.1643049,7.540224551,12239.0,10541.0,10545.0,12227.0,10537.0,12246.0,24.07,ais/manual,True,True,9999.99,9999.99,HIGH
validation,SLC,9c418af4acd217d1v,9c418af4acd217d1v_056.48425770000000056825_006.57166731500000000921,S1B_IW_SLC__1SDV_20200527T054812_20200527T054838_021763_0294E5_89D9,2,56.48425770000001,6.571667315,24602.0,4425.0,4428.0,24591.0,4423.0,24609.0,30.15,ais/manual,True,True,9999.99,9999.99,HIGH
validation,SLC,9c418af4acd217d1v,9c418af4acd217d1v_056.28143221999999923355_007.66756751900000033118,S1B_IW_SLC__1SDV_20200527T054812_20200527T054838_021763_0294E5_89D9,2,56.28143222,7.6675675189999986,5457.0,3683.0,3687.0,5447.0,3679.0,5465.0,22.65,ais/manual,True,True,9999.99,9999.99,HIGH
validation,SLC,9c418af4acd217d1v,9c418af4acd217d1v_056.37997256999999962090_006.91555132700000019241,S1B_IW_SLC__1SDV_20200527T054812_20200527T054838_021763_0294E5_89D9,2,56.37997257,6.915551327,18207.0,3862.0,3865.0,18197.0,3859.0,18215.0,22.0,ais/manual,True,True,9999.99,9999.99,HIGH
validation,SLC,9c418af4acd217d1v,9c418af4acd217d1v_056.62970748000000043021_006.45650307599999973007,S1B_IW_SLC__1SDV_20200527T054812_20200527T054838_021763_0294E5_89D9,3,56.62970748,6.4565030760000015,3488.0,4621.0,4624.0,3477.0,4618.0,3499.0,40.25,ais/manual,True,True,9999.99,9999.99,HIGH
validation,SLC,9c418af4acd217d1v,9c418af4acd217d1v_057.03597217000000085818_006.67093818800000004643,S1B_IW_SLC__1SDV_20200527T054812_20200527T054838_021763_0294E5_89D9,2,57.03597217,6.670938187999999,25866.0,8868.0,8870.0,25856.0,8865.0,25877.0,23.48666667,ais/manual,True,True,9999.99,9999.99,HIGH
validation,SLC,9c418af4acd217d1v,9c418af4acd217d1v_057.03597217000000085818_006.67093818800000004643,S1B_IW_SLC__1SDV_20200527T054812_20200527T054838_021763_0294E5_89D9,3,57.03597217,6.670938187999999,1988.0,7997.0,7999.0,1978.0,7994.0,1999.0,23.48666667,ais/manual,True,True,9999.99,9999.99,HIGH
validation,SLC,9c418af4acd217d1v,9c418af4acd217d1v_057.02669394000000124834_006.14876804000000021233,S1B_IW_SLC__1SDV_20200527T054812_20200527T054838_021763_0294E5_89D9,3,57.02669394,6.14876804,10976.0,7548.0,7551.0,10957.0,7544.0,10995.0,65.0,ais/manual,True,True,9999.99,9999.99,HIGH
validation,SLC,9c418af4acd217d1v,9c418af4acd217d1v_057.38084435999999755040_006.09901856200000036523,S1B_IW_SLC__1SDV_20200527T054812_20200527T054838_021763_0294E5_89D9,3,57.38084436,6.099018562,13730.0,10325.0,10331.0,13716.0,10319.0,13743.0,15.93177041,ais/manual,True,True,9999.99,9999.99,HIGH
validation,SLC,9c418af4acd217d1v,9c418af4acd217d1v_056.86229312999999763178_006.52768858700000009776,S1B_IW_SLC__1SDV_20200527T054812_20200527T054838_021763_0294E5_89D9,3,56.86229313,6.527688587,3506.0,6516.0,6518.0,3498.0,6513.0,3511.0,19.20514171,ais/manual,True,True,9999.99,9999.99,HIGH
validation,SLC,9c418af4acd217d1v,9c418af4acd217d1v_056.58789698999999728812_006.40344432000000018945,S1B_IW_SLC__1SDV_20200527T054812_20200527T054838_021763_0294E5_89D9,3,56.58789699,6.40344432,4184.0,4251.0,4255.0,4173.0,4247.0,4195.0,42.0,ais/manual,True,True,9999.99,9999.99,HIGH
validation,SLC,9c418af4acd217d1v,9c418af4acd217d1v_057.16652229000000318138_005.76971272299999959898,S1B_IW_SLC__1SDV_20200527T054812_20200527T054838_021763_0294E5_89D9,3,57.16652229,5.769712723,18460.0,8397.0,8401.0,18449.0,8394.0,18468.0,22.96,ais/manual,True,True,9999.99,9999.99,HIGH
validation,SLC,9c418af4acd217d1v,9c418af4acd217d1v_057.34959326999999973395_007.68145756399999957154,S1B_IW_SLC__1SDV_20200527T054812_20200527T054838_021763_0294E5_89D9,2,57.34959327,7.681457564,11007.0,12114.0,12116.0,10995.0,12112.0,11018.0,37.05,ais/manual,True,True,9999.99,9999.99,HIGH
validation,SLC,9c418af4acd217d1v,9c418af4acd217d1v_057.15652518000000270604_005.85378879599999990546,S1B_IW_SLC__1SDV_20200527T054812_20200527T054838_021763_0294E5_89D9,3,57.15652518,5.853788796,16899.0,8375.0,8379.0,16884.0,8371.0,16914.0,42.5,ais/manual,True,True,9999.99,9999.99,HIGH
validation,SLC,9c418af4acd217d1v,9c418af4acd217d1v_056.34210609000000147262_007.55721613099999967034,S1B_IW_SLC__1SDV_20200527T054812_20200527T054838_021763_0294E5_89D9,2,56.34210609,7.5572161310000014,7528.0,4071.0,4078.0,7513.0,4064.0,7543.0,81.42352482,ais/manual,True,False,9999.99,9999.99,HIGH
validation,SLC,9c418af4acd217d1v,9c418af4acd217d1v_056.96340596000000289223_005.52977832300000038401,S1B_IW_SLC__1SDV_20200527T054812_20200527T054838_021763_0294E5_89D9,3,56.96340596,5.529778323,21749.0,6620.0,6623.0,21741.0,6618.0,21757.0,27.75,ais/manual,True,True,9999.99,9999.99,HIGH
validation,SLC,9c418af4acd217d1v,9c418af4acd217d1v_057.06509979999999870870_008.23742799000000047727,S1B_IW_SLC__1SDV_20200527T054812_20200527T054838_021763_0294E5_89D9,1,57.0650998,8.23742799,20875.0,9850.0,9854.0,20865.0,9846.0,20885.0,17.24,ais/manual,True,True,9999.99,9999.99,HIGH
validation,SLC,9c418af4acd217d1v,9c418af4acd217d1v_056.70429233000000124321_008.15229695100000029129,S1B_IW_SLC__1SDV_20200527T054812_20200527T054838_021763_0294E5_89D9,1,56.70429233,8.152296951,20215.0,6941.0,6946.0,20203.0,6937.0,20227.0,44.4,ais/manual,True,True,2.8400575272041992,2.9754595453930808,HIGH
validation,SLC,9c418af4acd217d1v,9c418af4acd217d1v_057.12676837000000062972_008.59295073100000017519,S1B_IW_SLC__1SDV_20200527T054812_20200527T054838_021763_0294E5_89D9,1,57.12676837,8.592950731,15969.0,10632.0,10636.0,15958.0,10629.0,15978.0,20.26144935,ais/manual,True,True,0.3946214606921477,0.5151867373175602,HIGH
validation,SLC,9c418af4acd217d1v,9c418af4acd217d1v_056.91520365000000225564_005.51634146499999999946,S1B_IW_SLC__1SDV_20200527T054812_20200527T054838_021763_0294E5_89D9,3,56.91520365,5.516341465,21744.0,6228.0,6230.0,21730.0,6225.0,21757.0,64.0,ais/manual,True,True,9999.99,9999.99,HIGH
validation,SLC,9c418af4acd217d1v,9c418af4acd217d1v_056.99500377999999756184_007.55295073100000013966,S1B_IW_SLC__1SDV_20200527T054812_20200527T054838_021763_0294E5_89D9,2,56.99500378,7.552950731,11119.0,9216.0,9221.0,11108.0,9210.0,11131.0,40.2,ais/manual,True,True,9999.99,9999.99,HIGH
validation,SLC,9c418af4acd217d1v,9c418af4acd217d1v_057.17729191000000099621_005.57594457400000020897,S1B_IW_SLC__1SDV_20200527T054812_20200527T054838_021763_0294E5_89D9,3,57.17729191,5.575944573999998,22020.0,8353.0,8356.0,22012.0,8350.0,22029.0,20.47,ais/manual,True,True,9999.99,9999.99,HIGH
validation,SLC,9c418af4acd217d1v,9c418af4acd217d1v_056.58710917999999878703_005.30366817699999959501,S1B_IW_SLC__1SDV_20200527T054812_20200527T054838_021763_0294E5_89D9,3,56.58710918,5.303668177,23964.0,3475.0,3476.0,23957.0,3473.0,23968.0,23.35,ais/manual,True,True,9999.99,9999.99,HIGH
validation,SLC,9c418af4acd217d1v,9c418af4acd217d1v_057.03943972999999800777_007.49634128699999990886,S1B_IW_SLC__1SDV_20200527T054812_20200527T054838_021763_0294E5_89D9,2,57.03943973,7.496341287000001,12262.0,9522.0,9526.0,12251.0,9517.0,12273.0,42.0,ais/manual,True,True,9999.99,9999.99,HIGH
validation,SLC,9c418af4acd217d1v,9c418af4acd217d1v_057.12639991000000350141_008.59014676600000015583,S1B_IW_SLC__1SDV_20200527T054812_20200527T054838_021763_0294E5_89D9,1,57.12639991,8.590146766,16008.0,10627.0,10630.0,16001.0,10624.0,16015.0,14.22,ais/manual,True,True,0.4355603441557915,0.6003293359117121,HIGH
validation,SLC,9c418af4acd217d1v,9c418af4acd217d1v_057.09362737000000009857_006.14759125900000036324,S1B_IW_SLC__1SDV_20200527T054812_20200527T054838_021763_0294E5_89D9,3,57.09362737,6.147591259,11352.0,8078.0,8081.0,11336.0,8075.0,11369.0,63.97,ais/manual,True,True,9999.99,9999.99,HIGH
validation,SLC,9c418af4acd217d1v,9c418af4acd217d1v_057.22400177000000098815_008.70085352899999975307,S1B_IW_SLC__1SDV_20200527T054812_20200527T054838_021763_0294E5_89D9,1,57.22400177,8.700853529,14935.0,11488.0,11491.0,14928.0,11484.0,14942.0,16.7,ais/manual,True,True,9999.99,9999.99,HIGH
validation,SLC,9c418af4acd217d1v,9c418af4acd217d1v_057.27637615999999809446_007.94862431499999999573,S1B_IW_SLC__1SDV_20200527T054812_20200527T054838_021763_0294E5_89D9,2,57.27637616,7.948624315,6450.0,11749.0,11753.0,6442.0,11745.0,6455.0,22.5,ais/manual,True,True,9999.99,9999.99,HIGH
validation,SLC,9c418af4acd217d1v,9c418af4acd217d1v_056.44291975000000149976_007.54155628999999994022,S1B_IW_SLC__1SDV_20200527T054812_20200527T054838_021763_0294E5_89D9,2,56.44291975,7.54155629,8319.0,4853.0,4855.0,8308.0,4850.0,8331.0,16.13,ais/manual,True,True,9999.99,9999.99,HIGH
validation,SLC,9c418af4acd217d1v,9c418af4acd217d1v_057.27843903000000125303_008.24894529100000006849,S1B_IW_SLC__1SDV_20200527T054812_20200527T054838_021763_0294E5_89D9,2,57.27843903,8.248945291,1900.0,12009.0,12016.0,1871.0,12002.0,1926.0,145.4219177,ais/manual,True,False,9999.99,9999.99,HIGH
validation,SLC,9c418af4acd217d1v,9c418af4acd217d1v_056.86296358999999966954_007.48030141100000012244,S1B_IW_SLC__1SDV_20200527T054812_20200527T054838_021763_0294E5_89D9,2,56.86296359,7.480301411,11564.0,8117.0,8119.0,11555.0,8114.0,11571.0,17.24,ais/manual,True,True,9999.99,9999.99,HIGH
validation,SLC,9c418af4acd217d1v,9c418af4acd217d1v_057.28550821000000325967_007.15133291700000039981,S1B_IW_SLC__1SDV_20200527T054812_20200527T054838_021763_0294E5_89D9,2,57.28550821,7.151332917,19185.0,11200.0,11202.0,19175.0,11197.0,19195.0,21.56355807,ais/manual,True,True,9999.99,9999.99,HIGH
validation,SLC,9c418af4acd217d1v,9c418af4acd217d1v_057.14999278999999887674_005.88014341700000020552,S1B_IW_SLC__1SDV_20200527T054812_20200527T054838_021763_0294E5_89D9,3,57.14999279,5.880143417,16393.0,8341.0,8345.0,16373.0,8337.0,16411.0,76.425,ais/manual,True,True,9999.99,9999.99,HIGH
validation,SLC,9c418af4acd217d1v,9c418af4acd217d1v_056.39824325000000015962_007.80898745100000013508,S1B_IW_SLC__1SDV_20200527T054812_20200527T054838_021763_0294E5_89D9,2,56.39824325,7.808987451,3873.0,4719.0,4721.0,3867.0,4718.0,3877.0,14.02,ais/manual,True,True,9999.99,9999.99,HIGH
validation,SLC,9c418af4acd217d1v,9c418af4acd217d1v_056.62979270000000298069_006.50508979800000020077,S1B_IW_SLC__1SDV_20200527T054812_20200527T054838_021763_0294E5_89D9,3,56.6297927,6.505089797999999,2649.0,4657.0,4662.0,2635.0,4653.0,2663.0,49.95,ais/manual,True,True,9999.99,9999.99,HIGH
validation,SLC,9c418af4acd217d1v,9c418af4acd217d1v_056.87289169999999671745_006.99895886499999964059,S1B_IW_SLC__1SDV_20200527T054812_20200527T054838_021763_0294E5_89D9,2,56.8728917,6.998958865,19472.0,7822.0,7825.0,19464.0,7819.0,19479.0,20.3415132,ais/manual,True,True,9999.99,9999.99,HIGH
validation,SLC,9c418af4acd217d1v,9c418af4acd217d1v_057.17713421999999923173_006.77920428899999993888,S1B_IW_SLC__1SDV_20200527T054812_20200527T054838_021763_0294E5_89D9,2,57.17713422,6.779204289,24792.0,10065.0,10068.0,24784.0,10062.0,24800.0,21.2,ais/manual,True,True,9999.99,9999.99,HIGH
validation,SLC,9c418af4acd217d1v,9c418af4acd217d1v_057.06635726999999747022_007.56996634900000042734,S1B_IW_SLC__1SDV_20200527T054812_20200527T054838_021763_0294E5_89D9,2,57.06635727,7.569966348999999,11235.0,9792.0,9794.0,11225.0,9789.0,11244.0,34.40320223,ais/manual,True,True,9999.99,9999.99,HIGH
validation,SLC,9c418af4acd217d1v,9c418af4acd217d1v_057.01541404999999684833_007.43472257400000025029,S1B_IW_SLC__1SDV_20200527T054812_20200527T054838_021763_0294E5_89D9,2,57.01541405,7.4347225739999985,13120.0,9284.0,9287.0,13110.0,9281.0,13127.0,40.2,ais/manual,True,True,9999.99,9999.99,HIGH
validation,SLC,9c418af4acd217d1v,9c418af4acd217d1v_057.16226114999999907695_008.56858703099999985398,S1B_IW_SLC__1SDV_20200527T054812_20200527T054838_021763_0294E5_89D9,1,57.16226115,8.568587031,16512.0,10891.0,10894.0,16505.0,10887.0,16517.0,22.75,ais/manual,True,True,4.537976778309235,4.694056877022432,HIGH
validation,SLC,9c418af4acd217d1v,9c418af4acd217d1v_056.62114418000000171105_006.45088430800000001142,S1B_IW_SLC__1SDV_20200527T054812_20200527T054838_021763_0294E5_89D9,3,56.62114418,6.450884307999999,3539.0,4549.0,4555.0,3524.0,4544.0,3552.0,40.9,ais/manual,True,True,9999.99,9999.99,HIGH
validation,SLC,9c418af4acd217d1v,9c418af4acd217d1v_056.89881465999999932137_005.60346352799999980476,S1B_IW_SLC__1SDV_20200527T054812_20200527T054838_021763_0294E5_89D9,3,56.89881466,5.603463528,20068.0,6156.0,6159.0,20057.0,6153.0,20080.0,61.75,ais/manual,True,True,9999.99,9999.99,HIGH
validation,SLC,acf76647ba3f524bv,acf76647ba3f524bv_057.11562720999999953619_008.54955726400000060039,S1B_IW_SLC__1SDV_20200615T054003_20200615T054030_022040_029D41_DDDC,3,57.11562721,8.549557264,5421.0,10325.0,10327.0,5411.0,10322.0,5431.0,15.261088399999998,ais/manual,True,True,1.8931103680878645,1.7902132200683896,HIGH
validation,SLC,acf76647ba3f524bv,acf76647ba3f524bv_055.73474705000000284372_010.13056880000000070652,S1B_IW_SLC__1SDV_20200615T054003_20200615T054030_022040_029D41_DDDC,1,55.73474705,10.1305688,16195.0,1074.0,1077.0,16186.0,1072.0,16201.0,18.68054187,ais/manual,True,False,3.277277990604884,3.101922007756393,HIGH
validation,SLC,acf76647ba3f524bv,acf76647ba3f524bv_056.91348308999999972002_008.02659309899999939830,S1B_IW_SLC__1SDV_20200615T054003_20200615T054030_022040_029D41_DDDC,3,56.91348309,8.026593099,13503.0,8350.0,8351.0,13500.0,8349.0,13507.0,13.96679834,ais/manual,True,True,9999.99,9999.99,HIGH
validation,SLC,acf76647ba3f524bv,acf76647ba3f524bv_056.48737821999999653144_011.05457625999999926591,S1B_IW_SLC__1SDV_20200615T054003_20200615T054030_022040_029D41_DDDC,1,56.48737822,11.05457626,6838.0,7790.0,7793.0,6830.0,7788.0,6843.0,23.67915539,ais/manual,True,False,7.295641101049306,7.2444022816227776,HIGH
validation,SLC,acf76647ba3f524bv,acf76647ba3f524bv_057.20448509999999942011_008.52844712899999990441,S1B_IW_SLC__1SDV_20200615T054003_20200615T054030_022040_029D41_DDDC,3,57.2044851,8.528447129,6260.0,11014.0,11017.0,6250.0,11011.0,6268.0,18.27327438,ais/manual,True,True,9.818126345207132,9999.99,HIGH
validation,SLC,acf76647ba3f524bv,acf76647ba3f524bv_057.11953757999999936601_008.24233357299999980228,S1B_IW_SLC__1SDV_20200615T054003_20200615T054030_022040_029D41_DDDC,3,57.11953758,8.242333573,10781.0,10137.0,10139.0,10774.0,10135.0,10787.0,13.38485645,ais/manual,True,True,9999.99,9999.99,HIGH
validation,SLC,acf76647ba3f524bv,acf76647ba3f524bv_055.58203098999999980379_010.49534586999999952184,S1B_IW_SLC__1SDV_20200615T054003_20200615T054030_022040_029D41_DDDC,1,55.58203099,10.49534587,10010.0,196.0,199.0,10002.0,194.0,10018.0,14.98463718,ais/manual,True,False,2.89906948406668,2.9320271815511387,HIGH
validation,SLC,acf76647ba3f524bv,acf76647ba3f524bv_056.00142592000000263397_008.03649540099999981635,S1B_IW_SLC__1SDV_20200615T054003_20200615T054030_022040_029D41_DDDC,3,56.00142592,8.036495401,8497.0,1119.0,1120.0,8490.0,1117.0,8501.0,22.65,ais/manual,True,True,4.540350707542616,4.255593582720668,HIGH
validation,SLC,acf76647ba3f524bv,acf76647ba3f524bv_057.04690332999999924368_008.38111396999999946900,S1B_IW_SLC__1SDV_20200615T054003_20200615T054030_022040_029D41_DDDC,3,57.04690333,8.38111397,7969.0,9659.0,9662.0,7961.0,9656.0,7974.0,21.915,ais/manual,True,True,5.085235856017461,4.860932655536836,HIGH
validation,SLC,acf76647ba3f524bv,acf76647ba3f524bv_057.19220358999999831440_008.40731284099999953696,S1B_IW_SLC__1SDV_20200615T054003_20200615T054030_022040_029D41_DDDC,3,57.19220359,8.407312841,8288.0,10830.0,10836.0,8268.0,10824.0,8309.0,33.75,ais/manual,True,True,9999.99,9999.99,HIGH
validation,SLC,acf76647ba3f524bv,acf76647ba3f524bv_057.25556347999999928788_008.77443683199999924227,S1B_IW_SLC__1SDV_20200615T054003_20200615T054030_022040_029D41_DDDC,3,57.25556348,8.774436832000001,2334.0,11597.0,11599.0,2324.0,11594.0,2341.0,17.24,ais/manual,True,True,9999.99,9999.99,HIGH
validation,SLC,acf76647ba3f524bv,acf76647ba3f524bv_057.04156283999999743628_008.39125571599999986461,S1B_IW_SLC__1SDV_20200615T054003_20200615T054030_022040_029D41_DDDC,3,57.04156284,8.391255716,7764.0,9624.0,9625.0,7757.0,9622.0,7771.0,14.67,ais/manual,True,True,4.258769687821296,4.033621662260591,HIGH
validation,SLC,acf76647ba3f524bv,acf76647ba3f524bv_055.73327135000000254195_010.82778333999999986759,S1B_IW_SLC__1SDV_20200615T054003_20200615T054030_022040_029D41_DDDC,1,55.73327135,10.82778334,6076.0,1680.0,1685.0,6058.0,1675.0,6092.0,73.21647098,ais/manual,True,False,2.752432907618855,2.9322735698402145,HIGH
validation,SLC,acf76647ba3f524bv,acf76647ba3f524bv_057.16138309000000106153_008.26958532199999929446,S1B_IW_SLC__1SDV_20200615T054003_20200615T054030_022040_029D41_DDDC,3,57.16138309,8.269585322000001,10525.0,10488.0,10496.0,10497.0,10480.0,10553.0,144.5784164,ais/manual,True,False,9999.99,9999.99,HIGH
validation,SLC,acf76647ba3f524bv,acf76647ba3f524bv_056.40738542999999793892_007.81007537899999970676,S1B_IW_SLC__1SDV_20200615T054003_20200615T054030_022040_029D41_DDDC,3,56.40738543,7.810075379,14727.0,4179.0,4182.0,14722.0,4177.0,14731.0,,ais/manual,True,False,9999.99,9999.99,HIGH
validation,SLC,acf76647ba3f524bv,acf76647ba3f524bv_057.12978696999999783657_008.47174474400000043772,S1B_IW_SLC__1SDV_20200615T054003_20200615T054030_022040_029D41_DDDC,3,57.12978697,8.471744744,6839.0,10381.0,10383.0,6821.0,10379.0,6857.0,76.25,ais/manual,True,True,6.780256660682248,6.580743268860566,HIGH
validation,SLC,acf76647ba3f524bv,acf76647ba3f524bv_055.89571045000000282243_010.43814101999999977011,S1B_IW_SLC__1SDV_20200615T054003_20200615T054030_022040_029D41_DDDC,1,55.89571045,10.43814102,12480.0,2606.0,2610.0,12466.0,2602.0,12494.0,85.15954099,ais/manual,True,False,5.27195870457066,4.8934712619785525,HIGH
validation,SLC,acf76647ba3f524bv,acf76647ba3f524bv_056.51544834999999977754_007.90485415299999960581,S1B_IW_SLC__1SDV_20200615T054003_20200615T054030_022040_029D41_DDDC,3,56.51544835,7.904854153,13583.0,5104.0,5107.0,13575.0,5101.0,13591.0,17.24,ais/manual,True,True,9999.99,9999.99,HIGH
validation,SLC,acf76647ba3f524bv,acf76647ba3f524bv_056.70128972999999916738_011.49536830999999992287,S1B_IW_SLC__1SDV_20200615T054003_20200615T054030_022040_029D41_DDDC,1,56.70128973,11.49536831,2036.0,9862.0,9864.0,2030.0,9861.0,2038.0,14.99,ais/manual,True,True,1.7660534219140631,1.4887426781505837,HIGH
validation,SLC,acf76647ba3f524bv,acf76647ba3f524bv_056.32604196999999857098_007.98903787199999992907,S1B_IW_SLC__1SDV_20200615T054003_20200615T054030_022040_029D41_DDDC,3,56.32604197,7.989037872000001,11069.0,3660.0,3662.0,11061.0,3657.0,11076.0,10.27,ais/manual,True,True,8.067377652205897,7.932288132537875,HIGH
validation,SLC,acf76647ba3f524bv,acf76647ba3f524bv_057.01928035000000249966_008.39063164699999930463,S1B_IW_SLC__1SDV_20200615T054003_20200615T054030_022040_029D41_DDDC,3,57.01928035,8.390631647000001,7656.0,9447.0,9448.0,7649.0,9445.0,7660.0,14.916902599999998,ais/manual,True,True,3.038553040198203,2.72811656056532,HIGH
validation,SLC,acf76647ba3f524bv,acf76647ba3f524bv_057.20397776000000078511_008.22670049399999925299,S1B_IW_SLC__1SDV_20200615T054003_20200615T054030_022040_029D41_DDDC,3,57.20397776,8.226700494,11503.0,10796.0,10803.0,11479.0,10790.0,11528.0,178.1121594,ais/manual,True,False,9999.99,9999.99,HIGH
validation,SLC,acf76647ba3f524bv,acf76647ba3f524bv_056.74383001000000348313_008.09409579100000087237,S1B_IW_SLC__1SDV_20200615T054003_20200615T054030_022040_029D41_DDDC,3,56.74383001,8.094095791,11405.0,7050.0,7054.0,11385.0,7047.0,11421.0,65.0,ais/manual,True,True,7.650683155548794,7.990369625400099,HIGH
validation,SLC,acf76647ba3f524bv,acf76647ba3f524bv_057.17769014000000282749_008.69469014499999914847,S1B_IW_SLC__1SDV_20200615T054003_20200615T054030_022040_029D41_DDDC,3,57.17769014,8.694690145,3270.0,10922.0,10925.0,3259.0,10918.0,3280.0,11.99,ais/manual,True,True,6.978981556469082,6.590774544430458,HIGH
validation,SLC,acf76647ba3f524bv,acf76647ba3f524bv_056.16253602999999827716_007.95936063999999987573,S1B_IW_SLC__1SDV_20200615T054003_20200615T054030_022040_029D41_DDDC,3,56.16253603,7.95936064,10737.0,2341.0,2345.0,10726.0,2337.0,10745.0,21.79,ais/manual,True,True,9.685776132947828,9.465851812122324,HIGH
validation,SLC,acf76647ba3f524bv,acf76647ba3f524bv_057.24871047999999973399_008.16958194200000065166,S1B_IW_SLC__1SDV_20200615T054003_20200615T054030_022040_029D41_DDDC,3,57.24871048,8.169581942,12745.0,11112.0,11114.0,12735.0,11110.0,12751.0,19.26337141,ais/manual,True,True,9999.99,9999.99,HIGH
validation,SLC,acf76647ba3f524bv,acf76647ba3f524bv_057.27266076000000083468_008.12459856299999927387,S1B_IW_SLC__1SDV_20200615T054003_20200615T054030_022040_029D41_DDDC,3,57.27266076,8.124598563,13664.0,11271.0,11277.0,13634.0,11265.0,13691.0,139.9919898,ais/manual,True,False,9999.99,9999.99,HIGH
validation,SLC,acf76647ba3f524bv,acf76647ba3f524bv_056.11285134999999968386_011.15247141999999946904,S1B_IW_SLC__1SDV_20200615T054003_20200615T054030_022040_029D41_DDDC,1,56.11285135,11.15247142,3575.0,4947.0,4952.0,3558.0,4942.0,3593.0,149.26606840000005,ais/manual,True,False,9999.99,9999.99,HIGH
validation,SLC,acf76647ba3f524bv,acf76647ba3f524bv_056.13293606999999951768_007.77849996199999971225,S1B_IW_SLC__1SDV_20200615T054003_20200615T054030_022040_029D41_DDDC,3,56.13293607,7.778499962000001,13856.0,1977.0,1979.0,13849.0,1976.0,13860.0,11.66,ais/manual,True,True,9999.99,9999.99,HIGH
validation,SLC,acf76647ba3f524bv,acf76647ba3f524bv_055.82221082000000222934_010.24818997000000031505,S1B_IW_SLC__1SDV_20200615T054003_20200615T054030_022040_029D41_DDDC,1,55.82221082,10.24818997,14894.0,1863.0,1866.0,14888.0,1861.0,14898.0,22.87546073,ais/manual,True,False,3.7939011985213686,3.511985097782026,HIGH
validation,SLC,acf76647ba3f524bv,acf76647ba3f524bv_056.35975349000000278465_008.01355715200000062737,S1B_IW_SLC__1SDV_20200615T054003_20200615T054030_022040_029D41_DDDC,3,56.35975349,8.013557152,10807.0,3945.0,3947.0,10801.0,3943.0,10811.0,12.5,ais/manual,True,True,6.456841216962368,6.447887883735313,HIGH
validation,SLC,acf76647ba3f524bv,acf76647ba3f524bv_056.85396544999999690617_008.06815069900000025882,S1B_IW_SLC__1SDV_20200615T054003_20200615T054030_022040_029D41_DDDC,3,56.85396545,8.068150699,12449.0,7907.0,7913.0,12428.0,7900.0,12468.0,116.5947039,ais/manual,True,False,9999.99,9999.99,HIGH
validation,SLC,acf76647ba3f524bv,acf76647ba3f524bv_057.23865602000000052385_008.56280361199999973110,S1B_IW_SLC__1SDV_20200615T054003_20200615T054030_022040_029D41_DDDC,3,57.23865602,8.562803612,5852.0,11309.0,11316.0,5823.0,11303.0,5882.0,134.91594630000003,ais/manual,True,False,9999.99,9999.99,HIGH
validation,SLC,acf76647ba3f524bv,acf76647ba3f524bv_057.22996524999999934380_008.03549848699999991197,S1B_IW_SLC__1SDV_20200615T054003_20200615T054030_022040_029D41_DDDC,3,57.22996525,8.035498487,15016.0,10870.0,10874.0,15005.0,10867.0,15024.0,27.75,ais/manual,True,True,9999.99,9999.99,HIGH
validation,SLC,acf76647ba3f524bv,acf76647ba3f524bv_056.64011224000000055412_008.07669084700000006194,S1B_IW_SLC__1SDV_20200615T054003_20200615T054030_022040_029D41_DDDC,3,56.64011224,8.076690847,11165.0,6215.0,6216.0,11159.0,6214.0,11171.0,10.22359132,ais/manual,True,False,4.790938928932837,4.902145989085954,HIGH
validation,SLC,acf76647ba3f524bv,acf76647ba3f524bv_057.13963988999999799034_008.18177530100000005575,S1B_IW_SLC__1SDV_20200615T054003_20200615T054030_022040_029D41_DDDC,3,57.13963989,8.181775301,11952.0,10254.0,10256.0,11942.0,10252.0,11959.0,42.45,ais/manual,True,True,9999.99,9999.99,HIGH
validation,SLC,acf76647ba3f524bv,acf76647ba3f524bv_056.07381158999999826165_011.09710663000000074874,S1B_IW_SLC__1SDV_20200615T054003_20200615T054030_022040_029D41_DDDC,1,56.07381159,11.09710663,4124.0,4591.0,4602.0,4105.0,4580.0,4142.0,169.0576833,ais/manual,True,False,9999.99,9999.99,HIGH
validation,SLC,acf76647ba3f524bv,acf76647ba3f524bv_056.46818447999999790454_007.76110122199999974413,S1B_IW_SLC__1SDV_20200615T054003_20200615T054030_022040_029D41_DDDC,3,56.46818448,7.761101222000001,15935.0,4628.0,4631.0,15928.0,4625.0,15943.0,16.13,ais/manual,True,True,9999.99,9999.99,HIGH
validation,SLC,acf76647ba3f524bv,acf76647ba3f524bv_057.21010937999999867998_008.43301763200000031873,S1B_IW_SLC__1SDV_20200615T054003_20200615T054030_022040_029D41_DDDC,3,57.21010938,8.433017632,7938.0,10990.0,10993.0,7931.0,10988.0,7945.0,20.26144935,ais/manual,True,True,9999.99,9999.99,HIGH
validation,SLC,acf76647ba3f524bv,acf76647ba3f524bv_056.96149761000000211197_007.87091713700000017440,S1B_IW_SLC__1SDV_20200615T054003_20200615T054030_022040_029D41_DDDC,3,56.96149761,7.870917137,16542.0,8624.0,8627.0,16535.0,8622.0,16547.0,11.97,ais/manual,True,True,9999.99,9999.99,HIGH
validation,SLC,acf76647ba3f524bv,acf76647ba3f524bv_056.85728395999999662536_008.05544047799999951565,S1B_IW_SLC__1SDV_20200615T054003_20200615T054030_022040_029D41_DDDC,3,56.85728396,8.055440478,12693.0,7924.0,7931.0,12674.0,7917.0,12709.0,109.8244585,ais/manual,True,False,9999.99,9999.99,HIGH
validation,SLC,acf76647ba3f524bv,acf76647ba3f524bv_056.17295782000000059497_007.94860924400000001810,S1B_IW_SLC__1SDV_20200615T054003_20200615T054030_022040_029D41_DDDC,3,56.17295782,7.948609244,10986.0,2416.0,2420.0,10977.0,2412.0,10994.0,16.99,ais/manual,True,True,9999.99,9999.99,HIGH
validation,SLC,acf76647ba3f524bv,acf76647ba3f524bv_057.00886591999999808422_008.35605910900000026231,S1B_IW_SLC__1SDV_20200615T054003_20200615T054030_022040_029D41_DDDC,3,57.00886592,8.356059109,8202.0,9339.0,9341.0,8196.0,9338.0,8206.0,9.92,ais/manual,True,True,4.173355283050115,3.8463789791824574,HIGH
validation,SLC,acf76647ba3f524bv,acf76647ba3f524bv_057.12541463000000163674_008.60130267199999920535,S1B_IW_SLC__1SDV_20200615T054003_20200615T054030_022040_029D41_DDDC,3,57.12541463,8.601302672000001,4585.0,10440.0,10443.0,4563.0,10436.0,4607.0,46.63810518,ais/manual,True,False,0.1573919649597719,0.2566288725967907,HIGH
validation,SLC,acf76647ba3f524bv,acf76647ba3f524bv_055.70697221000000354252_010.97649247999999921888,S1B_IW_SLC__1SDV_20200615T054003_20200615T054030_022040_029D41_DDDC,1,55.70697221,10.97649248,3891.0,1610.0,1614.0,3869.0,1605.0,3912.0,228.0693461,ais/manual,True,False,1.822152643407892,1.3183264844017657,HIGH
validation,SLC,acf76647ba3f524bv,acf76647ba3f524bv_056.14171257000000281323_010.28636790999999917062,S1B_IW_SLC__1SDV_20200615T054003_20200615T054030_022040_029D41_DDDC,1,56.14171257,10.28636791,16015.0,4405.0,4406.0,16010.0,4405.0,16018.0,17.19511758,ais/manual,True,False,2.3432493382979755,3.5825430426059737,HIGH
validation,SLC,acf76647ba3f524bv,acf76647ba3f524bv_056.89484738000000163538_008.02166046299999990765,S1B_IW_SLC__1SDV_20200615T054003_20200615T054030_022040_029D41_DDDC,3,56.89484738,8.021660463,13493.0,8199.0,8203.0,13482.0,8195.0,13501.0,84.50842387,ais/manual,True,False,9999.99,9999.99,HIGH
validation,SLC,acf76647ba3f524bv,acf76647ba3f524bv_056.13520549999999786905_010.28132311999999970453,S1B_IW_SLC__1SDV_20200615T054003_20200615T054030_022040_029D41_DDDC,1,56.13520550000001,10.28132312,16056.0,4350.0,4355.0,16045.0,4345.0,16066.0,109.4752537,ais/manual,True,False,2.441372822571239,3.2723581378994475,HIGH
validation,SLC,acf76647ba3f524bv,acf76647ba3f524bv_056.17155713999999733232_007.39231181300000006473,S1B_IW_SLC__1SDV_20200615T054003_20200615T054030_022040_029D41_DDDC,3,56.17155714,7.392311812999999,21174.0,2016.0,2018.0,21165.0,2013.0,21178.0,23.98,ais/manual,True,True,9999.99,9999.99,HIGH
validation,SLC,acf76647ba3f524bv,acf76647ba3f524bv_055.85801098000000308730_010.26227878000000082181,S1B_IW_SLC__1SDV_20200615T054003_20200615T054030_022040_029D41_DDDC,1,55.85801098,10.26227878,14874.0,2157.0,2160.0,14864.0,2153.0,14880.0,18.290152,ais/manual,True,False,2.606457036107164,2.4940114577911565,HIGH
validation,SLC,8204efcfe9f09f94v,8204efcfe9f09f94v_044.66896377999999856456_014.03878854999999958864,S1B_IW_SLC__1SDV_20200620T165737_20200620T165804_022120_029FAC_BB0B,2,44.66896378,14.03878855,16676.0,5565.0,5566.0,16672.0,5565.0,16681.0,17.15881348,ais/manual,True,False,9999.99,9999.99,HIGH
validation,SLC,8204efcfe9f09f94v,8204efcfe9f09f94v_044.68210054000000042151_014.12765646999999979982,S1B_IW_SLC__1SDV_20200620T165737_20200620T165804_022120_029FAC_BB0B,2,44.68210054,14.12765647,18663.0,5547.0,5551.0,18656.0,5544.0,18671.0,15.56,ais/manual,True,True,6.256500770345016,8.988986115236125,HIGH
validation,SLC,8204efcfe9f09f94v,8204efcfe9f09f94v_044.73968241000000034546_013.93290808999999974560,S1B_IW_SLC__1SDV_20200620T165737_20200620T165804_022120_029FAC_BB0B,2,44.73968241,13.93290809,14780.0,4906.0,4908.0,14774.0,4905.0,14787.0,17.31347709,ais/manual,True,True,3.055162700709422,3.5169124818836845,HIGH
validation,SLC,8204efcfe9f09f94v,8204efcfe9f09f94v_044.13510818999999685275_015.12572298000000081686,S1B_IW_SLC__1SDV_20200620T165737_20200620T165804_022120_029FAC_BB0B,3,44.13510819,15.12572298,14504.0,11268.0,11270.0,14497.0,11267.0,14511.0,13.65152759,ais/manual,True,False,0.9331917531267396,1.3664215895080414,HIGH
validation,SLC,8204efcfe9f09f94v,8204efcfe9f09f94v_045.19344929999999749271_013.10523217000000073540,S1B_IW_SLC__1SDV_20200620T165737_20200620T165804_022120_029FAC_BB0B,1,45.1934493,13.10523217,20179.0,51.0,53.0,20173.0,48.0,20185.0,28.99605032,ais/manual,True,False,9999.99,9999.99,HIGH
validation,SLC,8204efcfe9f09f94v,8204efcfe9f09f94v_044.72510805000000289056_013.95338029999999918118,S1B_IW_SLC__1SDV_20200620T165737_20200620T165804_022120_029FAC_BB0B,2,44.72510805,13.9533803,15140.0,5041.0,5043.0,15137.0,5039.0,15147.0,16.50364744,ais/manual,True,False,4.98300491494471,5.672208137183425,HIGH
validation,SLC,8204efcfe9f09f94v,8204efcfe9f09f94v_045.27660514000000091528_013.30441682999999919446,S1B_IW_SLC__1SDV_20200620T165737_20200620T165804_022120_029FAC_BB0B,2,45.27660514,13.30441683,4586.0,68.0,70.0,4578.0,65.0,4598.0,16.15,ais/manual,True,True,9999.99,9999.99,HIGH
validation,SLC,8204efcfe9f09f94v,8204efcfe9f09f94v_044.97495057999999801268_013.22696544999999979098,S1B_IW_SLC__1SDV_20200620T165737_20200620T165804_022120_029FAC_BB0B,1,44.97495058,13.22696545,21457.0,1889.0,1894.0,21444.0,1883.0,21473.0,149.9618227,ais/manual,True,False,9999.99,9999.99,HIGH
validation,SLC,8204efcfe9f09f94v,8204efcfe9f09f94v_044.51203263000000021066_012.33256124999999947534,S1B_IW_SLC__1SDV_20200620T165737_20200620T165804_022120_029FAC_BB0B,1,44.51203263,12.33256125,2564.0,4583.0,4586.0,2556.0,4580.0,2574.0,60.71933764,ais/manual,True,False,3.900933383830075,3.724815831492281,HIGH
validation,SLC,8204efcfe9f09f94v,8204efcfe9f09f94v_044.42902105000000290147_012.65620853999999972928,S1B_IW_SLC__1SDV_20200620T165737_20200620T165804_022120_029FAC_BB0B,1,44.42902105,12.65620854,7904.0,5578.0,5587.0,7877.0,5571.0,7932.0,162.7608369,ais/manual,True,False,9999.99,9999.99,HIGH
validation,SLC,8204efcfe9f09f94v,8204efcfe9f09f94v_045.07065109999999918955_012.47246761999999975501,S1B_IW_SLC__1SDV_20200620T165737_20200620T165804_022120_029FAC_BB0B,1,45.0706511,12.47246762,7714.0,362.0,365.0,7708.0,359.0,7722.0,33.52138406,ais/manual,True,False,6.0845669758952665,6.916200952752512,HIGH
validation,SLC,8204efcfe9f09f94v,8204efcfe9f09f94v_043.97604264000000284796_013.65069562000000047419,S1B_IW_SLC__1SDV_20200620T165737_20200620T165804_022120_029FAC_BB0B,2,43.97604264,13.65069562,4921.0,10632.0,10638.0,4897.0,10626.0,4944.0,147.3107821,ais/manual,True,False,9999.99,9999.99,HIGH
validation,SLC,8204efcfe9f09f94v,8204efcfe9f09f94v_044.47710897000000329626_013.85245349999999930901,S1B_IW_SLC__1SDV_20200620T165737_20200620T165804_022120_029FAC_BB0B,2,44.47710897,13.8524535,11707.0,6894.0,6897.0,11701.0,6892.0,11714.0,17.15048251,ais/manual,True,True,9999.99,9999.99,HIGH
validation,SLC,2e80028071b89173v,2e80028071b89173v_058.98808824999999700367_004.53984520399999968987,S1B_IW_SLC__1SDV_20200719T055553_20200719T055620_022536_02AC5E_ABAE,3,58.98808825,4.539845204,13642.0,6349.0,6353.0,13618.0,6345.0,13662.0,77.70625157,ais/manual,True,False,9999.99,9999.99,HIGH
validation,SLC,2e80028071b89173v,2e80028071b89173v_059.45459908000000126549_004.60685857699999967707,S1B_IW_SLC__1SDV_20200719T055553_20200719T055620_022536_02AC5E_ABAE,3,59.45459908,4.606858577,15010.0,10101.0,10116.0,14985.0,10086.0,15035.0,99.16511521,ais/manual,True,False,9999.99,9999.99,HIGH
validation,SLC,2e80028071b89173v,2e80028071b89173v_058.39244896999999667742_005.98312452800000027509,S1B_IW_SLC__1SDV_20200719T055553_20200719T055620_022536_02AC5E_ABAE,2,58.39244897,5.983124527999999,11064.0,3538.0,3541.0,11053.0,3534.0,11074.0,15.25942049,ais/manual,True,False,0.0096038609722015,2.163872385699269,HIGH
validation,SLC,2e80028071b89173v,2e80028071b89173v_058.96027786999999875661_005.52301856099999977090,S1B_IW_SLC__1SDV_20200719T055553_20200719T055620_022536_02AC5E_ABAE,2,58.96027787,5.5230185610000015,21331.0,7681.0,7683.0,21321.0,7678.0,21338.0,16.50925152,ais/manual,True,False,0.6454254082586268,2.978859185001628,HIGH
validation,SLC,2e80028071b89173v,2e80028071b89173v_059.02421812000000045373_005.77786641099999975779,S1B_IW_SLC__1SDV_20200719T055553_20200719T055620_022536_02AC5E_ABAE,2,59.02421812,5.7778664110000015,17693.0,8372.0,8376.0,17679.0,8368.0,17707.0,17.47853656,ais/manual,True,False,0.0138120807458125,0.7284307001718966,HIGH
validation,SLC,2e80028071b89173v,2e80028071b89173v_058.94716468000000020311_005.53007958099999985535,S1B_IW_SLC__1SDV_20200719T055553_20200719T055620_022536_02AC5E_ABAE,2,58.94716468,5.530079581,21148.0,7582.0,7585.0,21138.0,7579.0,21155.0,16.21094082,ais/manual,True,False,0.9867723758061476,2.252235567464701,HIGH
validation,SLC,2e80028071b89173v,2e80028071b89173v_058.55041392999999771973_003.88356563399999998865,S1B_IW_SLC__1SDV_20200719T055553_20200719T055620_022536_02AC5E_ABAE,3,58.55041393,3.883565634,22597.0,2440.0,2446.0,22579.0,2433.0,22615.0,70.3,ais/manual,True,True,9999.99,9999.99,HIGH
validation,SLC,2e80028071b89173v,2e80028071b89173v_058.85244559000000208471_005.50747924800000010492,S1B_IW_SLC__1SDV_20200719T055553_20200719T055620_022536_02AC5E_ABAE,2,58.85244559,5.507479247999999,20986.0,6816.0,6824.0,20961.0,6807.0,21009.0,80.85445605,ais/manual,True,False,2.2354822104571173,2.205950552093463,HIGH
validation,SLC,2e80028071b89173v,2e80028071b89173v_059.06779741999999799873_005.32187040799999966367,S1B_IW_SLC__1SDV_20200719T055553_20200719T055620_022536_02AC5E_ABAE,2,59.06779742,5.3218704080000006,25116.0,8388.0,8393.0,25093.0,8383.0,25137.0,91.61130703,ais/manual,True,False,3.650871854206763,4.228022335325435,HIGH
validation,SLC,2e80028071b89173v,2e80028071b89173v_058.78583625000000267846_005.36752942100000041137,S1B_IW_SLC__1SDV_20200719T055553_20200719T055620_022536_02AC5E_ABAE,2,58.78583625,5.367529421,22848.0,6188.0,6192.0,22839.0,6184.0,22854.0,17.67346005,ais/manual,True,False,7.904201427841637,7.687041582003895,HIGH
validation,SLC,2e80028071b89173v,2e80028071b89173v_058.00055562000000008993_007.29804522900000041119,S1B_IW_SLC__1SDV_20200719T055553_20200719T055620_022536_02AC5E_ABAE,1,58.00055562,7.298045228999999,9917.0,1048.0,1054.0,9908.0,1042.0,9924.0,16.01746848,ais/manual,True,False,0.3647781851564899,2.893684048589704,HIGH
validation,SLC,2e80028071b89173v,2e80028071b89173v_058.33669855000000126211_003.86290136300000019887,S1B_IW_SLC__1SDV_20200719T055553_20200719T055620_022536_02AC5E_ABAE,3,58.33669855,3.862901363,21845.0,725.0,735.0,21824.0,715.0,21866.0,54.6,ais/manual,True,True,9999.99,9999.99,HIGH
validation,SLC,2e80028071b89173v,2e80028071b89173v_058.31790098999999827356_005.81457603700000014157,S1B_IW_SLC__1SDV_20200719T055553_20200719T055620_022536_02AC5E_ABAE,2,58.31790099,5.814576037,13250.0,2820.0,2830.0,13229.0,2810.0,13271.0,101.4249126,ais/manual,True,False,9999.99,9999.99,HIGH
validation,SLC,2e80028071b89173v,2e80028071b89173v_058.64869085000000126229_004.50686040999999981693,S1B_IW_SLC__1SDV_20200719T055553_20200719T055620_022536_02AC5E_ABAE,3,58.64869085,4.50686041,12386.0,3631.0,3650.0,12354.0,3611.0,12418.0,69.74298417,ais/manual,True,False,9999.99,9999.99,HIGH
validation,SLC,2e80028071b89173v,2e80028071b89173v_059.41812880999999890719_004.60806332900000015229,S1B_IW_SLC__1SDV_20200719T055553_20200719T055620_022536_02AC5E_ABAE,3,59.41812881,4.608063329,14796.0,9812.0,9815.0,14781.0,9808.0,14810.0,82.74127623,ais/manual,True,False,9999.99,9999.99,HIGH
validation,SLC,2e80028071b89173v,2e80028071b89173v_058.62286103999999653524_005.15146658499999965386,S1B_IW_SLC__1SDV_20200719T055553_20200719T055620_022536_02AC5E_ABAE,2,58.62286104,5.151466585,25441.0,4743.0,4747.0,25429.0,4739.0,25452.0,40.2,ais/manual,True,True,9999.99,9999.99,HIGH
validation,SLC,2e80028071b89173v,2e80028071b89173v_058.97955970999999664173_005.20800824400000017533,S1B_IW_SLC__1SDV_20200719T055553_20200719T055620_022536_02AC5E_ABAE,3,58.97955971,5.208008244,2589.0,6739.0,6746.0,2563.0,6731.0,2611.0,73.03779471,ais/manual,True,False,9.603709375679957,9999.99,HIGH
validation,SLC,2e80028071b89173v,2e80028071b89173v_059.12208343000000354550_005.28999397499999979289,S1B_IW_SLC__1SDV_20200719T055553_20200719T055620_022536_02AC5E_ABAE,2,59.12208343,5.289993975,25923.0,8795.0,8802.0,25898.0,8788.0,25947.0,98.50574069,ais/manual,True,False,1.9277011811362947,2.808031693425778,HIGH
validation,SLC,2e80028071b89173v,2e80028071b89173v_058.50042246999999662194_003.95703460899999992506,S1B_IW_SLC__1SDV_20200719T055553_20200719T055620_022536_02AC5E_ABAE,3,58.50042247,3.957034609,21051.0,2089.0,2097.0,21032.0,2082.0,21067.0,61.54,ais/manual,True,True,9999.99,9999.99,HIGH
validation,SLC,2e80028071b89173v,2e80028071b89173v_058.81491680999999971391_005.36275234300000036569,S1B_IW_SLC__1SDV_20200719T055553_20200719T055620_022536_02AC5E_ABAE,2,58.81491681,5.362752343,23083.0,6415.0,6423.0,23065.0,6407.0,23098.0,78.98804906,ais/manual,True,False,7.99837716721648,9.541416415670245,HIGH
validation,SLC,2e80028071b89173v,2e80028071b89173v_058.34817785999999983915_003.85079028399999989674,S1B_IW_SLC__1SDV_20200719T055553_20200719T055620_022536_02AC5E_ABAE,3,58.34817786,3.850790284,22118.0,809.0,817.0,22101.0,800.0,22135.0,56.0,ais/manual,True,True,9999.99,9999.99,HIGH
validation,SLC,2e80028071b89173v,2e80028071b89173v_058.71244516000000146505_004.02525194399999985961,S1B_IW_SLC__1SDV_20200719T055553_20200719T055620_022536_02AC5E_ABAE,3,58.71244516,4.025251944,20974.0,3821.0,3829.0,20951.0,3812.0,20995.0,128.91922759999997,ais/manual,True,False,9999.99,9999.99,HIGH
validation,SLC,2e80028071b89173v,2e80028071b89173v_058.23288716999999792279_006.09773040800000032391,S1B_IW_SLC__1SDV_20200719T055553_20200719T055620_022536_02AC5E_ABAE,2,58.23288717,6.097730407999999,8446.0,2368.0,2375.0,8426.0,2362.0,8466.0,80.50298547,ais/manual,True,False,9999.99,9999.99,HIGH
validation,SLC,2e80028071b89173v,2e80028071b89173v_059.18585604999999816300_004.74888090900000037209,S1B_IW_SLC__1SDV_20200719T055553_20200719T055620_022536_02AC5E_ABAE,3,59.18585605,4.748880909,11212.0,8060.0,8066.0,11192.0,8052.0,11232.0,81.36606863,ais/manual,True,False,9999.99,9999.99,HIGH
validation,SLC,2e80028071b89173v,2e80028071b89173v_058.05490311999999875070_007.88179518499999964831,S1B_IW_SLC__1SDV_20200719T055553_20200719T055620_022536_02AC5E_ABAE,1,58.05490312,7.881795185,2577.0,1985.0,1989.0,2563.0,1981.0,2587.0,13.7978131,ais/manual,True,False,0.1404453435737548,2.1466494494180086,HIGH
validation,SLC,2e80028071b89173v,2e80028071b89173v_058.97602566999999851305_005.10723316500000024121,S1B_IW_SLC__1SDV_20200719T055553_20200719T055620_022536_02AC5E_ABAE,3,58.97602567,5.107233165,4201.0,6640.0,6646.0,4184.0,6633.0,4214.0,35.47095539,ais/manual,True,False,9999.99,9999.99,HIGH
validation,SLC,2e80028071b89173v,2e80028071b89173v_058.00766615999999942233_007.13861225099999963106,S1B_IW_SLC__1SDV_20200719T055553_20200719T055620_022536_02AC5E_ABAE,1,58.00766616,7.1386122510000005,12126.0,967.0,972.0,12109.0,963.0,12142.0,17.63785962,ais/manual,True,False,0.0092174172562987,1.6904201176306488,HIGH
validation,SLC,f9eb760aaf6e798dv,f9eb760aaf6e798dv_044.26430280999999666847_014.04369692000000036103,S1B_IW_SLC__1SDV_20200726T165739_20200726T165806_022645_02AFAD_6A9B,2,44.26430281,14.04369692,14692.0,8756.0,8758.0,14685.0,8755.0,14698.0,17.15048251,ais/manual,True,True,9999.99,9999.99,HIGH
validation,SLC,f9eb760aaf6e798dv,f9eb760aaf6e798dv_044.92455557000000254675_012.65544092000000020448,S1B_IW_SLC__1SDV_20200726T165739_20200726T165806_022645_02AFAD_6A9B,1,44.92455557,12.65544092,10339.0,1698.0,1704.0,10324.0,1692.0,10353.0,135.0284691,ais/manual,True,False,9.17285761757643,9999.99,HIGH
validation,SLC,f9eb760aaf6e798dv,f9eb760aaf6e798dv_044.46337434000000143897_012.39818058000000000618,S1B_IW_SLC__1SDV_20200726T165739_20200726T165806_022645_02AFAD_6A9B,1,44.46337434,12.39818058,3497.0,5034.0,5045.0,3480.0,5024.0,3515.0,21.7,ais/manual,True,True,8.311126311244267,8.159990339701842,HIGH
validation,SLC,f9eb760aaf6e798dv,f9eb760aaf6e798dv_044.22349790999999896712_013.28089750000000002217,S1B_IW_SLC__1SDV_20200726T165739_20200726T165806_022645_02AFAD_6A9B,1,44.22349791,13.2808975,18731.0,7841.0,7845.0,18719.0,7839.0,18744.0,69.6832755,ais/manual,True,False,9999.99,9999.99,HIGH
validation,SLC,f9eb760aaf6e798dv,f9eb760aaf6e798dv_045.15521531000000265976_013.55856832999999994627,S1B_IW_SLC__1SDV_20200726T165739_20200726T165806_022645_02AFAD_6A9B,2,45.15521531,13.55856833,9140.0,1273.0,1276.0,9133.0,1269.0,9147.0,27.94471175,ais/manual,True,True,2.224896798259601,3.081708537648465,HIGH
validation,SLC,f9eb760aaf6e798dv,f9eb760aaf6e798dv_044.26125211000000092554_014.03422516999999913878,S1B_IW_SLC__1SDV_20200726T165739_20200726T165806_022645_02AFAD_6A9B,2,44.26125211,14.03422517,14473.0,8771.0,8773.0,14466.0,8769.0,14479.0,16.35231384,ais/manual,True,True,9999.99,9999.99,HIGH
validation,SLC,f9eb760aaf6e798dv,f9eb760aaf6e798dv_045.12261611000000272043_012.69616410999999978060,S1B_IW_SLC__1SDV_20200726T165739_20200726T165806_022645_02AFAD_6A9B,1,45.12261611,12.69616411,12068.0,189.0,192.0,12064.0,186.0,12072.0,16.95,ais/manual,True,True,9.331257040832634,9999.99,HIGH
validation,SLC,f9eb760aaf6e798dv,f9eb760aaf6e798dv_044.51073535999999819524_012.37883695000000017217,S1B_IW_SLC__1SDV_20200726T165739_20200726T165806_022645_02AFAD_6A9B,1,44.51073536,12.37883695,3385.0,4643.0,4646.0,3377.0,4641.0,3395.0,26.52626082,ais/manual,True,False,7.073526737708301,7.397317749248841,HIGH
validation,SLC,f9eb760aaf6e798dv,f9eb760aaf6e798dv_044.08656921000000039612_012.58076531999999936318,S1B_IW_SLC__1SDV_20200726T165739_20200726T165806_022645_02AFAD_6A9B,1,44.08656921,12.58076532,4915.0,8177.0,8180.0,4912.0,8175.0,4921.0,22.32,ais/manual,True,True,0.6376994558271627,1.183116752925818,HIGH
validation,SLC,f9eb760aaf6e798dv,f9eb760aaf6e798dv_044.56178874999999806050_014.29584423000000015236,S1B_IW_SLC__1SDV_20200726T165739_20200726T165806_022645_02AFAD_6A9B,2,44.56178875,14.29584423,21735.0,6656.0,6659.0,21731.0,6654.0,21742.0,13.8573798,ais/manual,True,False,2.1514112178621376,2.3864204841132146,HIGH
validation,SLC,f9eb760aaf6e798dv,f9eb760aaf6e798dv_044.50734158000000206812_012.42352346000000018478,S1B_IW_SLC__1SDV_20200726T165739_20200726T165806_022645_02AFAD_6A9B,1,44.50734158,12.42352346,4150.0,4718.0,4723.0,4143.0,4712.0,4160.0,157.8838696,ais/manual,True,False,9999.99,9999.99,HIGH
validation,SLC,f9eb760aaf6e798dv,f9eb760aaf6e798dv_044.74169478999999682856_014.00958699000000073909,S1B_IW_SLC__1SDV_20200726T165739_20200726T165806_022645_02AFAD_6A9B,2,44.74169479,14.00958699,16457.0,4965.0,4966.0,16454.0,4963.0,16464.0,17.76631028,ais/manual,True,False,5.771957880088258,6.87932824394386,HIGH
validation,SLC,f9eb760aaf6e798dv,f9eb760aaf6e798dv_044.50967118999999883044_012.45109856999999919935,S1B_IW_SLC__1SDV_20200726T165739_20200726T165806_022645_02AFAD_6A9B,1,44.50967119,12.45109857,4647.0,4729.0,4736.0,4635.0,4722.0,4659.0,108.4,ais/manual,True,False,9999.99,9999.99,HIGH
validation,SLC,f9eb760aaf6e798dv,f9eb760aaf6e798dv_044.92890648000000197726_014.28186892999999990650,S1B_IW_SLC__1SDV_20200726T165739_20200726T165806_022645_02AFAD_6A9B,2,44.92890648,14.28186893,23361.0,3749.0,3752.0,23354.0,3746.0,23372.0,46.73716437,ais/manual,True,False,0.9494097914780776,1.60094340301782,HIGH
validation,SLC,f9eb760aaf6e798dv,f9eb760aaf6e798dv_044.17412124999999889496_012.75932045000000059076,S1B_IW_SLC__1SDV_20200726T165739_20200726T165806_022645_02AFAD_6A9B,1,44.17412125,12.75932045,8566.0,7683.0,7687.0,8553.0,7680.0,8579.0,54.63268586,ais/manual,True,False,9999.99,9999.99,HIGH
validation,SLC,f9eb760aaf6e798dv,f9eb760aaf6e798dv_045.10390506000000243603_012.69679009999999941272,S1B_IW_SLC__1SDV_20200726T165739_20200726T165806_022645_02AFAD_6A9B,1,45.10390506,12.6967901,11987.0,336.0,339.0,11980.0,333.0,11993.0,16.46,ais/manual,True,True,8.82434380099894,9999.99,HIGH
validation,SLC,f9eb760aaf6e798dv,f9eb760aaf6e798dv_044.71413945999999839387_012.43607362000000016167,S1B_IW_SLC__1SDV_20200726T165739_20200726T165806_022645_02AFAD_6A9B,1,44.71413946,12.43607362,5364.0,3113.0,3114.0,5361.0,3113.0,5368.0,22.97855326,ais/manual,True,True,8.75251361374195,8.478869162566372,HIGH
validation,SLC,f9eb760aaf6e798dv,f9eb760aaf6e798dv_044.51737476000000270915_012.44132568000000027553,S1B_IW_SLC__1SDV_20200726T165739_20200726T165806_022645_02AFAD_6A9B,1,44.51737476,12.44132568,4511.0,4658.0,4664.0,4500.0,4653.0,4525.0,123.8384828,ais/manual,True,False,9999.99,9999.99,HIGH
validation,SLC,f9eb760aaf6e798dv,f9eb760aaf6e798dv_044.94983043999999949847_014.63034769999999973322,S1B_IW_SLC__1SDV_20200726T165739_20200726T165806_022645_02AFAD_6A9B,3,44.94983044,14.630347699999998,7384.0,4378.0,4380.0,7377.0,4376.0,7391.0,16.9,ais/manual,True,True,2.166156639511457,1.9969109517693189,HIGH
validation,SLC,f9eb760aaf6e798dv,f9eb760aaf6e798dv_044.27056835999999861997_014.10586887999999916588,S1B_IW_SLC__1SDV_20200726T165739_20200726T165806_022645_02AFAD_6A9B,2,44.27056836,14.10586888,16062.0,8767.0,8768.0,16057.0,8767.0,16068.0,18.59062976,ais/manual,True,True,9999.99,9999.99,HIGH
validation,SLC,f9eb760aaf6e798dv,f9eb760aaf6e798dv_044.21467743000000183429_014.76591608000000022116,S1B_IW_SLC__1SDV_20200726T165739_20200726T165806_022645_02AFAD_6A9B,3,44.21467743,14.76591608,6585.0,10308.0,10310.0,6577.0,10305.0,6592.0,12.61343739,ais/manual,True,False,0.7735106603478923,0.9037189472579352,HIGH
validation,SLC,f9eb760aaf6e798dv,f9eb760aaf6e798dv_045.12029623000000100319_014.79847896000000062600,S1B_IW_SLC__1SDV_20200726T165739_20200726T165806_022645_02AFAD_6A9B,3,45.12029623,14.79847896,12129.0,3184.0,3188.0,12109.0,3179.0,12149.0,18.90186824,ais/manual,True,False,0.0209662483235078,0.2060740835761068,HIGH
validation,SLC,5c3d986db930f848v,5c3d986db930f848v_066.55012539999999887641_-21.73718524999999957004,S1B_IW_SLC__1SDV_20200803T075720_20200803T075748_022756_02B2FF_E5D2,2,66.5501254,-21.73718525,13846.0,11382.0,11390.0,13831.0,11373.0,13860.0,15.48375511,ais/manual,True,True,9999.99,9999.99,HIGH
validation,SLC,5c3d986db930f848v,5c3d986db930f848v_066.55639193000000375378_-22.34673661000000066679,S1B_IW_SLC__1SDV_20200803T075720_20200803T075748_022756_02B2FF_E5D2,2,66.55639193,-22.34673661,21202.0,11045.0,11047.0,21195.0,11043.0,21209.0,8.68,ais/manual,True,True,9999.99,9999.99,HIGH
validation,SLC,5c3d986db930f848v,5c3d986db930f848v_065.86732446999999979198_-24.04651885999999905152,S1B_IW_SLC__1SDV_20200803T075720_20200803T075748_022756_02B2FF_E5D2,3,65.86732447,-24.04651886,15295.0,5052.0,5053.0,15291.0,5050.0,15299.0,19.87044607,ais/manual,True,True,6.872094859667121,6.856358815046577,HIGH
validation,SLC,5c3d986db930f848v,5c3d986db930f848v_066.35173672999999894273_-23.26613019999999920628,S1B_IW_SLC__1SDV_20200803T075720_20200803T075748_022756_02B2FF_E5D2,3,66.35173673,-23.2661302,7844.0,9344.0,9345.0,7837.0,9342.0,7848.0,13.76208207,ais/manual,True,True,3.266208369155223,2.545851895064019,HIGH
validation,SLC,5c3d986db930f848v,5c3d986db930f848v_065.60488521000000616823_-21.09645533999999855723,S1B_IW_SLC__1SDV_20200803T075720_20200803T075748_022756_02B2FF_E5D2,2,65.60488521,-21.09645534,583.0,4386.0,4388.0,574.0,4384.0,589.0,11.51,ais/manual,True,True,7.946682714446083,7.585355735710944,HIGH
validation,SLC,5c3d986db930f848v,5c3d986db930f848v_066.42158958000000268385_-23.28321465000000145551,S1B_IW_SLC__1SDV_20200803T075720_20200803T075748_022756_02B2FF_E5D2,3,66.42158958,-23.28321465,8474.0,9888.0,9890.0,8467.0,9886.0,8478.0,8.73,ais/manual,True,True,6.53218054542602,6.246946275395874,HIGH
validation,SLC,5c3d986db930f848v,5c3d986db930f848v_066.07628744000000153846_-22.94154345999999833339,S1B_IW_SLC__1SDV_20200803T075720_20200803T075748_022756_02B2FF_E5D2,3,66.07628744,-22.94154346,2070.0,7353.0,7358.0,2064.0,7349.0,2077.0,13.77,ais/manual,True,True,2.124449788500503,1.7978929888873294,HIGH
validation,SLC,5c3d986db930f848v,5c3d986db930f848v_066.13229690999999377254_-19.98992583000000067273,S1B_IW_SLC__1SDV_20200803T075720_20200803T075748_022756_02B2FF_E5D2,1,66.13229691,-19.98992583,11494.0,10195.0,10196.0,11489.0,10194.0,11497.0,14.98,ais/manual,True,True,4.978411192685645,5.240271104839406,HIGH
validation,SLC,5c3d986db930f848v,5c3d986db930f848v_065.60488521000000616823_-21.09645533999999855723,S1B_IW_SLC__1SDV_20200803T075720_20200803T075748_022756_02B2FF_E5D2,1,65.60488521,-21.09645534,20344.0,5257.0,5259.0,20335.0,5255.0,20350.0,11.51,ais/manual,True,True,7.948565136647488,7.586943275840854,HIGH
validation,SLC,5c3d986db930f848v,5c3d986db930f848v_066.21201958000000331594_-21.37782028000000167367,S1B_IW_SLC__1SDV_20200803T075720_20200803T075748_022756_02B2FF_E5D2,2,66.21201958,-21.37782028,7554.0,8958.0,8961.0,7548.0,8956.0,7559.0,12.6,ais/manual,True,True,9999.99,9999.99,HIGH
validation,SLC,5c3d986db930f848v,5c3d986db930f848v_066.33721583999999893422_-18.87526499999999884949,S1B_IW_SLC__1SDV_20200803T075720_20200803T075748_022756_02B2FF_E5D2,1,66.33721584,-18.875265,1589.0,12651.0,12656.0,1576.0,12645.0,1599.0,14.8,ais/manual,True,True,9999.99,9999.99,HIGH
validation,SLC,5c3d986db930f848v,5c3d986db930f848v_065.96593518000000244683_-20.62517562000000026501,S1B_IW_SLC__1SDV_20200803T075720_20200803T075748_022756_02B2FF_E5D2,1,65.96593518,-20.62517562,17290.0,8426.0,8431.0,17279.0,8421.0,17298.0,11.1,ais/manual,True,True,9999.99,9999.99,HIGH
validation,SLC,5c3d986db930f848v,5c3d986db930f848v_066.18266008000000510947_-23.16350004999999967481,S1B_IW_SLC__1SDV_20200803T075720_20200803T075748_022756_02B2FF_E5D2,3,66.18266008,-23.16350005,5531.0,8063.0,8068.0,5522.0,8058.0,5541.0,14.35875214,ais/manual,True,True,3.8064123969511705,3.567366763736307,HIGH
validation,SLC,5c3d986db930f848v,5c3d986db930f848v_065.98324671999999679883_-20.70595078999999927305,S1B_IW_SLC__1SDV_20200803T075720_20200803T075748_022756_02B2FF_E5D2,1,65.98324672,-20.70595079,18289.0,8503.0,8506.0,18282.0,8500.0,18293.0,9.97,ais/manual,True,True,9999.99,9999.99,HIGH
validation,SLC,5c3d986db930f848v,5c3d986db930f848v_066.34592616999999847849_-23.22716799999999892634,S1B_IW_SLC__1SDV_20200803T075720_20200803T075748_022756_02B2FF_E5D2,3,66.34592617,-23.227168,7310.0,9320.0,9323.0,7305.0,9317.0,7316.0,15.71118752,ais/manual,True,True,1.5347747765789064,0.9371044048413868,HIGH
validation,SLC,5c3d986db930f848v,5c3d986db930f848v_066.50483212999999693693_-22.76732179000000044766,S1B_IW_SLC__1SDV_20200803T075720_20200803T075748_022756_02B2FF_E5D2,3,66.50483213,-22.76732179,2437.0,10851.0,10853.0,2432.0,10849.0,2441.0,19.6483285,ais/manual,True,True,5.909863495714002,5.825206926751639,HIGH
validation,SLC,5c3d986db930f848v,5c3d986db930f848v_066.25353678000000456905_-23.70355905999999990286,S1B_IW_SLC__1SDV_20200803T075720_20200803T075748_022756_02B2FF_E5D2,3,66.25353678,-23.70355906,12951.0,8314.0,8318.0,12942.0,8310.0,12960.0,12.48279206,ais/manual,True,True,9999.99,9999.99,HIGH
validation,SLC,5c3d986db930f848v,5c3d986db930f848v_066.06510557000000005701_-23.90967443999999986204,S1B_IW_SLC__1SDV_20200803T075720_20200803T075748_022756_02B2FF_E5D2,3,66.06510557,-23.90967444,14593.0,6701.0,6703.0,14584.0,6698.0,14598.0,9.13,ais/manual,True,True,5.283052473055656,4.484296331353937,HIGH
validation,SLC,5c3d986db930f848v,5c3d986db930f848v_066.14168956999999693380_-20.95691555000000150244,S1B_IW_SLC__1SDV_20200803T075720_20200803T075748_022756_02B2FF_E5D2,2,66.14168957,-20.95691555,2311.0,8696.0,8698.0,2305.0,8695.0,2315.0,8.74,ais/manual,True,True,9999.99,9999.99,HIGH
validation,SLC,5c3d986db930f848v,5c3d986db930f848v_065.79474242000000572261_-24.32346443999999863195,S1B_IW_SLC__1SDV_20200803T075720_20200803T075748_022756_02B2FF_E5D2,3,65.79474242,-24.32346444,18634.0,4321.0,4323.0,18629.0,4319.0,18638.0,14.87010813,ais/manual,True,True,9.787631706452007,9.001144160650314,HIGH
validation,SLC,5c3d986db930f848v,5c3d986db930f848v_066.40509097000000338085_-23.26356563999999949033,S1B_IW_SLC__1SDV_20200803T075720_20200803T075748_022756_02B2FF_E5D2,3,66.40509097,-23.26356564,8125.0,9768.0,9770.0,8118.0,9767.0,8129.0,15.07297879,ais/manual,True,True,6.221841004027317,5.554277755800952,HIGH
validation,SLC,5c3d986db930f848v,5c3d986db930f848v_066.64686998000000528464_-22.00639634999999927345,S1B_IW_SLC__1SDV_20200803T075720_20200803T075748_022756_02B2FF_E5D2,2,66.64686998,-22.00639635,17641.0,11972.0,11981.0,17625.0,11964.0,17653.0,9.1,ais/manual,True,True,9999.99,9999.99,HIGH
validation,SLC,5c3d986db930f848v,5c3d986db930f848v_066.08823644999999658012_-24.02363328999999936286,S1B_IW_SLC__1SDV_20200803T075720_20200803T075748_022756_02B2FF_E5D2,3,66.08823645,-24.02363329,16244.0,6821.0,6825.0,16235.0,6818.0,16253.0,9.53,ais/manual,True,True,9999.99,9999.99,HIGH
validation,SLC,5c3d986db930f848v,5c3d986db930f848v_065.26248006000000145832_-23.57084466999999960990,S1B_IW_SLC__1SDV_20200803T075720_20200803T075748_022756_02B2FF_E5D2,3,65.26248006,-23.57084467,5457.0,525.0,527.0,5449.0,522.0,5461.0,22.01851621,ais/manual,True,True,9999.99,9999.99,HIGH
validation,SLC,5c3d986db930f848v,5c3d986db930f848v_065.30986124000000359047_-23.70557157000000003677,S1B_IW_SLC__1SDV_20200803T075720_20200803T075748_022756_02B2FF_E5D2,3,65.30986124,-23.70557157,7526.0,820.0,821.0,7520.0,818.0,7531.0,8.41,ais/manual,True,True,9999.99,9999.99,HIGH
validation,SLC,5c3d986db930f848v,5c3d986db930f848v_066.40940716000000065833_-23.29375393999999843686,S1B_IW_SLC__1SDV_20200803T075720_20200803T075748_022756_02B2FF_E5D2,3,66.40940716,-23.29375394,8538.0,9785.0,9787.0,8531.0,9784.0,8542.0,9.67,ais/manual,True,True,7.297182295896134,6.729315042220413,HIGH
validation,SLC,5c3d986db930f848v,5c3d986db930f848v_066.24210696999999470336_-23.41697316999999856080,S1B_IW_SLC__1SDV_20200803T075720_20200803T075748_022756_02B2FF_E5D2,3,66.24210697,-23.41697317,9147.0,8386.0,8390.0,9136.0,8383.0,9155.0,12.46,ais/manual,True,True,5.122853725928228,4.810016589655478,HIGH
validation,SLC,5c3d986db930f848v,5c3d986db930f848v_065.69029059000000358992_-24.19716134000000096194,S1B_IW_SLC__1SDV_20200803T075720_20200803T075748_022756_02B2FF_E5D2,3,65.69029059,-24.19716134,16327.0,3559.0,3562.0,16319.0,3557.0,16335.0,11.94,ais/manual,True,True,6.143506724606961,5.720600713711717,HIGH
validation,SLC,5c3d986db930f848v,5c3d986db930f848v_065.63387122999999689910_-24.13324048000000132674,S1B_IW_SLC__1SDV_20200803T075720_20200803T075748_022756_02B2FF_E5D2,3,65.63387123,-24.13324048,15140.0,3146.0,3149.0,15132.0,3144.0,15145.0,17.28159561,ais/manual,True,True,2.8871530679934074,2.445809511905851,HIGH
validation,SLC,5c3d986db930f848v,5c3d986db930f848v_066.20688563999999587395_-23.09223609000000010383,S1B_IW_SLC__1SDV_20200803T075720_20200803T075748_022756_02B2FF_E5D2,3,66.20688564,-23.09223609,4763.0,8297.0,8299.0,4757.0,8296.0,4770.0,15.3687598,ais/manual,True,True,5.784285311720955,4.515100528647709,HIGH
validation,SLC,5c3d986db930f848v,5c3d986db930f848v_065.57508939999999597603_-24.03830259000000069136,S1B_IW_SLC__1SDV_20200803T075720_20200803T075748_022756_02B2FF_E5D2,3,65.5750894,-24.03830259,13521.0,2733.0,2737.0,13509.0,2729.0,13533.0,11.85,ais/manual,True,True,0.8225103608979927,0.8183551367628223,HIGH
validation,SLC,5c3d986db930f848v,5c3d986db930f848v_066.07222436000000698186_-24.03875864999999834026,S1B_IW_SLC__1SDV_20200803T075720_20200803T075748_022756_02B2FF_E5D2,3,66.07222436,-24.03875865,16356.0,6686.0,6691.0,16348.0,6681.0,16363.0,17.23229496,ais/manual,True,True,9999.99,9999.99,HIGH
validation,SLC,5c3d986db930f848v,5c3d986db930f848v_066.41048021000000289860_-23.30012586000000140984,S1B_IW_SLC__1SDV_20200803T075720_20200803T075748_022756_02B2FF_E5D2,3,66.41048021,-23.30012586,8626.0,9790.0,9792.0,8619.0,9788.0,8633.0,7.95,ais/manual,True,True,7.532819150051403,7.00388729883231,HIGH
validation,SLC,a6073537a4ea5fb9v,a6073537a4ea5fb9v_058.01797512000000267562_008.04214782999999933111,S1B_IW_SLC__1SDV_20200807T054751_20200807T054818_022813_02B4C5_01F5,2,58.01797512,8.04214783,9026.0,5595.0,5599.0,9016.0,5592.0,9034.0,16.68196136,ais/manual,True,False,4.683851070505007,5.848096796940404,HIGH
validation,SLC,a6073537a4ea5fb9v,a6073537a4ea5fb9v_057.83384025000000150385_009.56753646499999987896,S1B_IW_SLC__1SDV_20200807T054751_20200807T054818_022813_02B4C5_01F5,1,57.83384025,9.567536465,6247.0,4947.0,4949.0,6241.0,4946.0,6252.0,17.37944259,ais/manual,True,True,9999.99,9999.99,HIGH
validation,SLC,a6073537a4ea5fb9v,a6073537a4ea5fb9v_057.93344674000000082970_007.37815221199999982105,S1B_IW_SLC__1SDV_20200807T054751_20200807T054818_022813_02B4C5_01F5,2,57.93344674,7.378152212000001,18989.0,4420.0,4424.0,18975.0,4416.0,19002.0,51.84835224,ais/manual,True,False,5.870001145993621,7.650449832631457,HIGH
validation,SLC,a6073537a4ea5fb9v,a6073537a4ea5fb9v_057.28266149000000240221_009.05675637500000085822,S1B_IW_SLC__1SDV_20200807T054751_20200807T054818_022813_02B4C5_01F5,1,57.28266149,9.056756375,10219.0,183.0,185.0,10214.0,182.0,10223.0,13.05,ais/manual,True,True,9999.99,9999.99,HIGH
validation,SLC,a6073537a4ea5fb9v,a6073537a4ea5fb9v_057.69141736000000264539_006.01556097699999980932,S1B_IW_SLC__1SDV_20200807T054751_20200807T054818_022813_02B4C5_01F5,3,57.69141736,6.015560977000001,16814.0,664.0,670.0,16800.0,658.0,16825.0,32.55,ais/manual,True,True,9999.99,9999.99,HIGH
validation,SLC,a6073537a4ea5fb9v,a6073537a4ea5fb9v_057.74280946999999741820_009.18900047099999994771,S1B_IW_SLC__1SDV_20200807T054751_20200807T054818_022813_02B4C5_01F5,1,57.74280947,9.189000471,10844.0,3905.0,3908.0,10836.0,3902.0,10853.0,24.0527272,ais/manual,True,True,9999.99,9999.99,HIGH
validation,SLC,a6073537a4ea5fb9v,a6073537a4ea5fb9v_057.89491441999999921109_009.48213050500000065313,S1B_IW_SLC__1SDV_20200807T054751_20200807T054818_022813_02B4C5_01F5,1,57.89491442,9.482130505,7698.0,5351.0,5353.0,7690.0,5349.0,7703.0,19.36208593,ais/manual,True,True,9999.99,9999.99,HIGH
validation,SLC,a6073537a4ea5fb9v,a6073537a4ea5fb9v_057.69514226999999806367_007.38109912699999970442,S1B_IW_SLC__1SDV_20200807T054751_20200807T054818_022813_02B4C5_01F5,2,57.69514227,7.381099127000001,17646.0,2539.0,2545.0,17600.0,2532.0,17692.0,206.854517,ais/manual,True,False,9999.99,9999.99,HIGH
validation,SLC,a6073537a4ea5fb9v,a6073537a4ea5fb9v_057.94314059999999955153_007.58820976999999974311,S1B_IW_SLC__1SDV_20200807T054751_20200807T054818_022813_02B4C5_01F5,2,57.94314059999999,7.58820977,15686.0,4655.0,4657.0,15677.0,4653.0,15692.0,64.03262015,ais/manual,True,False,2.1156486428674084,5.492217678259664,HIGH
validation,SLC,a6073537a4ea5fb9v,a6073537a4ea5fb9v_057.42841886000000073409_007.84858468799999986487,S1B_IW_SLC__1SDV_20200807T054751_20200807T054818_022813_02B4C5_01F5,2,57.42841886,7.848584688,8799.0,795.0,796.0,8796.0,794.0,8802.0,19.22767892,ais/manual,True,True,9999.99,9999.99,HIGH
validation,SLC,a6073537a4ea5fb9v,a6073537a4ea5fb9v_057.88288233000000104767_009.45667491000000026702,S1B_IW_SLC__1SDV_20200807T054751_20200807T054818_022813_02B4C5_01F5,1,57.88288233,9.45667491,7973.0,5234.0,5237.0,7966.0,5231.0,7979.0,20.79,ais/manual,True,True,9999.99,9999.99,HIGH
validation,SLC,a6073537a4ea5fb9v,a6073537a4ea5fb9v_057.51615867999999665017_009.44657443999999912876,S1B_IW_SLC__1SDV_20200807T054751_20200807T054818_022813_02B4C5_01F5,1,57.51615868,9.44657444,6174.0,2354.0,2360.0,6153.0,2348.0,6195.0,106.757196,ais/manual,True,False,9999.99,9999.99,HIGH
validation,SLC,a6073537a4ea5fb9v,a6073537a4ea5fb9v_057.95426544000000035339_007.80592855699999965680,S1B_IW_SLC__1SDV_20200807T054751_20200807T054818_022813_02B4C5_01F5,2,57.95426544,7.805928557,12325.0,4909.0,4913.0,12307.0,4906.0,12343.0,79.10006012,ais/manual,True,False,6.589286671057705,9999.99,HIGH
validation,SLC,a6073537a4ea5fb9v,a6073537a4ea5fb9v_057.49297840999999920086_009.29531169800000078851,S1B_IW_SLC__1SDV_20200807T054751_20200807T054818_022813_02B4C5_01F5,1,57.49297841,9.295311698,8075.0,2039.0,2042.0,8067.0,2037.0,8083.0,38.98107284,ais/manual,True,False,9999.99,9999.99,HIGH
validation,SLC,a6073537a4ea5fb9v,a6073537a4ea5fb9v_057.98332778999999703728_006.86289703000000006483,S1B_IW_SLC__1SDV_20200807T054751_20200807T054818_022813_02B4C5_01F5,3,57.98332779,6.86289703,3830.0,3568.0,3572.0,3810.0,3565.0,3846.0,54.11733520000001,ais/manual,True,False,4.300255288770573,7.367903626899808,HIGH
validation,SLC,a6073537a4ea5fb9v,a6073537a4ea5fb9v_057.82188330000000320297_009.16853944500000039852,S1B_IW_SLC__1SDV_20200807T054751_20200807T054818_022813_02B4C5_01F5,1,57.8218833,9.168539445,11547.0,4507.0,4510.0,11539.0,4505.0,11555.0,36.06345825,ais/manual,True,False,9999.99,9999.99,HIGH
validation,SLC,a6073537a4ea5fb9v,a6073537a4ea5fb9v_057.53102152999999674421_008.76990035300000059237,S1B_IW_SLC__1SDV_20200807T054751_20200807T054818_022813_02B4C5_01F5,1,57.53102153,8.769900352999999,15572.0,1886.0,1889.0,15563.0,1884.0,15580.0,30.75,ais/manual,True,True,9999.99,9999.99,HIGH
validation,SLC,a6073537a4ea5fb9v,a6073537a4ea5fb9v_058.45129496999999929585_008.87666378900000019314,S1B_IW_SLC__1SDV_20200807T054751_20200807T054818_022813_02B4C5_01F5,1,58.45129497,8.876663789,19027.0,9205.0,9207.0,19021.0,9203.0,19030.0,16.789611899999993,ais/manual,True,False,0.0529112076655253,0.0311809750443648,HIGH
validation,SLC,a6073537a4ea5fb9v,a6073537a4ea5fb9v_057.65942483999999979005_009.14080339999999935685,S1B_IW_SLC__1SDV_20200807T054751_20200807T054818_022813_02B4C5_01F5,1,57.65942484,9.1408034,11062.0,3210.0,3219.0,11036.0,3201.0,11088.0,169.1120308,ais/manual,True,False,9999.99,9999.99,HIGH
validation,SLC,a6073537a4ea5fb9v,a6073537a4ea5fb9v_058.13204336999999810587_006.50305158699999985572,S1B_IW_SLC__1SDV_20200807T054751_20200807T054818_022813_02B4C5_01F5,3,58.13204337,6.503051587000001,10698.0,4496.0,4499.0,10690.0,4492.0,10707.0,12.13,ais/manual,True,True,3.311521171352595,3.8281132637637385,HIGH
validation,SLC,a6073537a4ea5fb9v,a6073537a4ea5fb9v_058.25557475000000096088_005.89562084599999991497,S1B_IW_SLC__1SDV_20200807T054751_20200807T054818_022813_02B4C5_01F5,3,58.25557475,5.895620846,21888.0,5072.0,5076.0,21876.0,5069.0,21896.0,23.95,ais/manual,True,True,9999.99,9999.99,HIGH
validation,SLC,a6073537a4ea5fb9v,a6073537a4ea5fb9v_057.97504605000000310611_007.68164101200000004610,S1B_IW_SLC__1SDV_20200807T054751_20200807T054818_022813_02B4C5_01F5,2,57.97504605,7.681641012,14384.0,4978.0,4980.0,14378.0,4977.0,14388.0,12.52,ais/manual,True,True,2.301897405092677,4.996506378381759,HIGH
validation,SLC,a6073537a4ea5fb9v,a6073537a4ea5fb9v_057.83955061999999713862_009.70102293300000084741,S1B_IW_SLC__1SDV_20200807T054751_20200807T054818_022813_02B4C5_01F5,1,57.83955062,9.701022933,4535.0,5110.0,5113.0,4521.0,5107.0,4548.0,71.16035079,ais/manual,True,False,9999.99,9999.99,HIGH
validation,SLC,a6073537a4ea5fb9v,a6073537a4ea5fb9v_057.76756636999999727777_009.49942750299999971730,S1B_IW_SLC__1SDV_20200807T054751_20200807T054818_022813_02B4C5_01F5,1,57.76756637,9.499427503,6796.0,4369.0,4370.0,6790.0,4367.0,6799.0,16.51279675,ais/manual,True,True,9999.99,9999.99,HIGH
validation,SLC,a6073537a4ea5fb9v,a6073537a4ea5fb9v_057.45461638999999820498_008.50290126500000020826,S1B_IW_SLC__1SDV_20200807T054751_20200807T054818_022813_02B4C5_01F5,1,57.45461639,8.502901265,19020.0,1063.0,1066.0,19013.0,1060.0,19025.0,19.26337141,ais/manual,True,True,9999.99,9999.99,HIGH
validation,SLC,a6073537a4ea5fb9v,a6073537a4ea5fb9v_057.86807558000000284437_009.70815150500000001443,S1B_IW_SLC__1SDV_20200807T054751_20200807T054818_022813_02B4C5_01F5,1,57.86807558,9.708151505,4593.0,5339.0,5342.0,4585.0,5337.0,4598.0,21.50291672,ais/manual,True,True,9999.99,9999.99,HIGH
validation,SLC,a6073537a4ea5fb9v,a6073537a4ea5fb9v_057.78365008000000102584_009.72213776299999921093,S1B_IW_SLC__1SDV_20200807T054751_20200807T054818_022813_02B4C5_01F5,1,57.78365008,9.722137763,3970.0,4691.0,4696.0,3944.0,4686.0,3997.0,195.5901708,ais/manual,True,False,9999.99,9999.99,HIGH
validation,SLC,a6073537a4ea5fb9v,a6073537a4ea5fb9v_057.89008427000000267526_007.41603652700000015585,S1B_IW_SLC__1SDV_20200807T054751_20200807T054818_022813_02B4C5_01F5,2,57.89008427,7.416036527,18144.0,4106.0,4112.0,18131.0,4100.0,18156.0,26.2,ais/manual,True,True,9.15513291009475,9999.99,HIGH
validation,SLC,a6073537a4ea5fb9v,a6073537a4ea5fb9v_058.02453887000000065655_007.96273741699999959565,S1B_IW_SLC__1SDV_20200807T054751_20200807T054818_022813_02B4C5_01F5,2,58.02453887,7.962737417,10280.0,5585.0,5590.0,10266.0,5580.0,10291.0,23.0,ais/manual,True,True,2.4287803902464047,4.595567521224552,HIGH
validation,SLC,a6073537a4ea5fb9v,a6073537a4ea5fb9v_058.36611975000000285263_008.73714275400000062177,S1B_IW_SLC__1SDV_20200807T054751_20200807T054818_022813_02B4C5_01F5,1,58.36611975,8.737142754,20560.0,8422.0,8423.0,20555.0,8421.0,20563.0,15.11227834,ais/manual,True,False,0.0355110588066829,2.197308490675052,HIGH
validation,SLC,a6073537a4ea5fb9v,a6073537a4ea5fb9v_057.68035344999999836091_006.15556040400000004098,S1B_IW_SLC__1SDV_20200807T054751_20200807T054818_022813_02B4C5_01F5,3,57.68035345,6.155560404,14297.0,671.0,675.0,14268.0,666.0,14326.0,116.6015309,ais/manual,True,False,9999.99,9999.99,HIGH
validation,SLC,a6073537a4ea5fb9v,a6073537a4ea5fb9v_057.98493681000000066206_009.82731366600000022515,S1B_IW_SLC__1SDV_20200807T054751_20200807T054818_022813_02B4C5_01F5,1,57.98493681,9.827313666,3671.0,6359.0,6361.0,3666.0,6358.0,3677.0,18.32322026,ais/manual,True,True,9999.99,9999.99,HIGH
validation,SLC,a6073537a4ea5fb9v,a6073537a4ea5fb9v_057.86155766000000255644_009.35579226299999966443,S1B_IW_SLC__1SDV_20200807T054751_20200807T054818_022813_02B4C5_01F5,1,57.86155766,9.355792263,9211.0,4980.0,4981.0,9208.0,4978.0,9214.0,16.99,ais/manual,True,True,9999.99,9999.99,HIGH
validation,SLC,a6073537a4ea5fb9v,a6073537a4ea5fb9v_057.48662317000000143707_009.55513473799999957237,S1B_IW_SLC__1SDV_20200807T054751_20200807T054818_022813_02B4C5_01F5,1,57.48662317,9.555134738,4590.0,2219.0,2221.0,4585.0,2217.0,4595.0,18.4,ais/manual,True,True,9999.99,9999.99,HIGH
validation,SLC,a6073537a4ea5fb9v,a6073537a4ea5fb9v_057.59013000000000204182_009.52860835599999944634,S1B_IW_SLC__1SDV_20200807T054751_20200807T054818_022813_02B4C5_01F5,1,57.59013,9.528608356,5479.0,3005.0,3014.0,5467.0,2997.0,5490.0,10.49576827,ais/manual,True,True,9999.99,9999.99,HIGH
validation,SLC,a6073537a4ea5fb9v,a6073537a4ea5fb9v_057.84119541999999825066_007.27684216699999986133,S1B_IW_SLC__1SDV_20200807T054751_20200807T054818_022813_02B4C5_01F5,2,57.84119542,7.276842167000001,20125.0,3616.0,3618.0,20109.0,3612.0,20138.0,100.3965162,ais/manual,True,False,9999.99,9999.99,HIGH
validation,SLC,a6073537a4ea5fb9v,a6073537a4ea5fb9v_057.58112381000000112863_008.88631105300000001534,S1B_IW_SLC__1SDV_20200807T054751_20200807T054818_022813_02B4C5_01F5,1,57.58112381,8.886311053,14188.0,2378.0,2383.0,14181.0,2374.0,14196.0,24.07,ais/manual,True,True,9999.99,9999.99,HIGH
validation,SLC,a6073537a4ea5fb9v,a6073537a4ea5fb9v_057.65598385999999919704_009.77138207800000024861,S1B_IW_SLC__1SDV_20200807T054751_20200807T054818_022813_02B4C5_01F5,1,57.65598386,9.771382078,2674.0,3737.0,3744.0,2651.0,3730.0,2695.0,174.5337341,ais/manual,True,False,9999.99,9999.99,HIGH
validation,SLC,a6073537a4ea5fb9v,a6073537a4ea5fb9v_057.64123459999999710135_009.48563097199999916143,S1B_IW_SLC__1SDV_20200807T054751_20200807T054818_022813_02B4C5_01F5,1,57.6412346,9.485630972,6314.0,3368.0,3373.0,6295.0,3362.0,6330.0,76.12638085,ais/manual,True,True,9999.99,9999.99,HIGH
validation,SLC,a6073537a4ea5fb9v,a6073537a4ea5fb9v_057.48342120000000221580_007.67688544600000000173,S1B_IW_SLC__1SDV_20200807T054751_20200807T054818_022813_02B4C5_01F5,2,57.48342120000001,7.676885446,11783.0,1094.0,1097.0,11771.0,1091.0,11792.0,33.75,ais/manual,True,True,9999.99,9999.99,HIGH
validation,SLC,a6073537a4ea5fb9v,a6073537a4ea5fb9v_057.59237040000000007467_009.77371532799999975794,S1B_IW_SLC__1SDV_20200807T054751_20200807T054818_022813_02B4C5_01F5,1,57.5923704,9.773715328,2315.0,3242.0,3244.0,2309.0,3240.0,2320.0,11.7515191,ais/manual,True,True,9.010084574913686,8.620010340940194,HIGH
validation,SLC,a6073537a4ea5fb9v,a6073537a4ea5fb9v_057.95034649000000115393_007.59806466900000021525,S1B_IW_SLC__1SDV_20200807T054751_20200807T054818_022813_02B4C5_01F5,2,57.95034649,7.598064668999998,15569.0,4719.0,4720.0,15566.0,4719.0,15572.0,18.6,ais/manual,True,True,1.86100051894554,5.295091452061621,HIGH
validation,SLC,a6073537a4ea5fb9v,a6073537a4ea5fb9v_057.93231732999999650247_007.24579195200000025778,S1B_IW_SLC__1SDV_20200807T054751_20200807T054818_022813_02B4C5_01F5,2,57.93231733,7.245791952,21124.0,4313.0,4315.0,21112.0,4311.0,21136.0,68.8921557,ais/manual,True,False,5.410503388817721,9999.99,HIGH
validation,SLC,a6073537a4ea5fb9v,a6073537a4ea5fb9v_057.96199518000000239226_005.99867538400000022136,S1B_IW_SLC__1SDV_20200807T054751_20200807T054818_022813_02B4C5_01F5,3,57.96199518,5.9986753839999984,18535.0,2804.0,2808.0,18512.0,2800.0,18555.0,76.25,ais/manual,True,True,9999.99,9999.99,HIGH
validation,SLC,a6073537a4ea5fb9v,a6073537a4ea5fb9v_057.81507255999999728147_009.50227213199999987125,S1B_IW_SLC__1SDV_20200807T054751_20200807T054818_022813_02B4C5_01F5,1,57.81507256,9.502272132,7009.0,4743.0,4747.0,7000.0,4739.0,7015.0,16.09619615,ais/manual,True,True,9999.99,9999.99,HIGH
validation,SLC,a6073537a4ea5fb9v,a6073537a4ea5fb9v_057.89678787999999798330_009.80403131899999991106,S1B_IW_SLC__1SDV_20200807T054751_20200807T054818_022813_02B4C5_01F5,1,57.89678788,9.804031319,3509.0,5649.0,5651.0,3504.0,5648.0,3512.0,15.01469545,ais/manual,True,True,9999.99,9999.99,HIGH
validation,SLC,a6073537a4ea5fb9v,a6073537a4ea5fb9v_057.69428151000000326576_006.46394760799999978929,S1B_IW_SLC__1SDV_20200807T054751_20200807T054818_022813_02B4C5_01F5,3,57.69428151,6.463947608,9029.0,994.0,996.0,9016.0,992.0,9039.0,28.1,ais/manual,True,True,9999.99,9999.99,HIGH
validation,SLC,a6073537a4ea5fb9v,a6073537a4ea5fb9v_058.56523365000000325153_009.74503293999999975483,S1B_IW_SLC__1SDV_20200807T054751_20200807T054818_022813_02B4C5_01F5,1,58.56523365,9.74503294,7800.0,10828.0,10834.0,7787.0,10821.0,7812.0,101.0393915,ais/manual,True,False,9999.99,9999.99,HIGH
validation,SLC,a6073537a4ea5fb9v,a6073537a4ea5fb9v_057.34584305999999997994_009.13445019999999985316,S1B_IW_SLC__1SDV_20200807T054751_20200807T054818_022813_02B4C5_01F5,1,57.34584306,9.1344502,9485.0,746.0,748.0,9477.0,744.0,9491.0,18.858865,ais/manual,True,True,9999.99,9999.99,HIGH
validation,SLC,a6073537a4ea5fb9v,a6073537a4ea5fb9v_057.81796849999999921010_009.20420616900000077010,S1B_IW_SLC__1SDV_20200807T054751_20200807T054818_022813_02B4C5_01F5,1,57.817968500000006,9.204206169,11037.0,4507.0,4510.0,11029.0,4505.0,11045.0,17.49,ais/manual,True,True,9999.99,9999.99,HIGH
validation,SLC,a6073537a4ea5fb9v,a6073537a4ea5fb9v_057.42701679999999697657_007.84263323700000025696,S1B_IW_SLC__1SDV_20200807T054751_20200807T054818_022813_02B4C5_01F5,2,57.4270168,7.842633237,8884.0,779.0,780.0,8881.0,778.0,8887.0,18.90165776,ais/manual,True,False,9999.99,9999.99,HIGH
validation,SLC,a6073537a4ea5fb9v,a6073537a4ea5fb9v_057.80533627999999879421_008.58760572099999919260,S1B_IW_SLC__1SDV_20200807T054751_20200807T054818_022813_02B4C5_01F5,1,57.80533628,8.587605721000001,19679.0,3890.0,3894.0,19650.0,3886.0,19705.0,136.47087919999998,ais/manual,True,False,9999.99,9999.99,HIGH
validation,SLC,a6073537a4ea5fb9v,a6073537a4ea5fb9v_057.47367836000000096419_007.00465889500000038481,S1B_IW_SLC__1SDV_20200807T054751_20200807T054818_022813_02B4C5_01F5,2,57.47367836,7.004658895,22598.0,506.0,508.0,22589.0,504.0,22605.0,30.34,ais/manual,True,True,9999.99,9999.99,HIGH
validation,SLC,a6073537a4ea5fb9v,a6073537a4ea5fb9v_058.02623734000000155220_008.11642416900000007729,S1B_IW_SLC__1SDV_20200807T054751_20200807T054818_022813_02B4C5_01F5,2,58.02623734,8.116424169,7939.0,5719.0,5723.0,7918.0,5714.0,7957.0,87.3211298,ais/manual,True,False,5.926032991663113,7.50594135646942,HIGH
validation,SLC,a6073537a4ea5fb9v,a6073537a4ea5fb9v_058.02734541000000234590_006.80438210600000026318,S1B_IW_SLC__1SDV_20200807T054751_20200807T054818_022813_02B4C5_01F5,3,58.02734541,6.804382106,5045.0,3875.0,3881.0,5019.0,3870.0,5068.0,89.06146928,ais/manual,True,False,2.371192381160557,4.0105408481365314,HIGH
validation,SLC,a6073537a4ea5fb9v,a6073537a4ea5fb9v_057.86800165999999734368_009.83828240799999953481,S1B_IW_SLC__1SDV_20200807T054751_20200807T054818_022813_02B4C5_01F5,1,57.86800166,9.838282408,2922.0,5455.0,5456.0,2916.0,5453.0,2927.0,21.75647321,ais/manual,True,True,9999.99,9999.99,HIGH
validation,SLC,a6073537a4ea5fb9v,a6073537a4ea5fb9v_057.67420864999999707834_009.34674601799999926754,S1B_IW_SLC__1SDV_20200807T054751_20200807T054818_022813_02B4C5_01F5,1,57.67420865,9.346746018,8340.0,3504.0,3506.0,8334.0,3502.0,8343.0,23.34461483,ais/manual,True,False,9999.99,9999.99,HIGH
validation,SLC,a6073537a4ea5fb9v,a6073537a4ea5fb9v_057.56416389999999694282_008.49188162499999954491,S1B_IW_SLC__1SDV_20200807T054751_20200807T054818_022813_02B4C5_01F5,1,57.5641639,8.491881625,19773.0,1915.0,1917.0,19767.0,1913.0,19777.0,27.555,ais/manual,True,True,9999.99,9999.99,HIGH
validation,SLC,a6073537a4ea5fb9v,a6073537a4ea5fb9v_057.54118244000000004235_008.77568299500000037483,S1B_IW_SLC__1SDV_20200807T054751_20200807T054818_022813_02B4C5_01F5,1,57.54118244,8.775682995,15544.0,1971.0,1973.0,15536.0,1969.0,15552.0,16.25,ais/manual,True,True,9999.99,9999.99,HIGH
validation,SLC,a6073537a4ea5fb9v,a6073537a4ea5fb9v_057.59174471000000039567_009.52913362299999988636,S1B_IW_SLC__1SDV_20200807T054751_20200807T054818_022813_02B4C5_01F5,1,57.59174471,9.529133623,5480.0,3019.0,3021.0,5472.0,3016.0,5486.0,27.5,ais/manual,True,True,9999.99,9999.99,HIGH
validation,SLC,a6073537a4ea5fb9v,a6073537a4ea5fb9v_057.30457308999999810339_009.07073186000000042384,S1B_IW_SLC__1SDV_20200807T054751_20200807T054818_022813_02B4C5_01F5,1,57.30457309,9.07073186,10142.0,367.0,369.0,10137.0,365.0,10148.0,22.75,ais/manual,True,True,9999.99,9999.99,HIGH
validation,SLC,a6073537a4ea5fb9v,a6073537a4ea5fb9v_058.11502538999999956104_006.38045985200000043136,S1B_IW_SLC__1SDV_20200807T054751_20200807T054818_022813_02B4C5_01F5,3,58.11502539,6.380459852,12706.0,4277.0,4282.0,12688.0,4272.0,12724.0,92.54350803,ais/manual,True,False,9999.99,9999.99,HIGH
validation,SLC,a6073537a4ea5fb9v,a6073537a4ea5fb9v_057.96367256999999995060_009.80958431800000063561,S1B_IW_SLC__1SDV_20200807T054751_20200807T054818_022813_02B4C5_01F5,1,57.96367257,9.809584318,3787.0,6177.0,6181.0,3778.0,6173.0,3796.0,19.13500213,ais/manual,True,True,9999.99,9999.99,HIGH
validation,SLC,a6073537a4ea5fb9v,a6073537a4ea5fb9v_057.56269663999999863790_008.87299681999999911852,S1B_IW_SLC__1SDV_20200807T054751_20200807T054818_022813_02B4C5_01F5,1,57.56269664,8.87299682,14278.0,2222.0,2226.0,14268.0,2218.0,14285.0,21.56355807,ais/manual,True,True,9999.99,9999.99,HIGH
validation,SLC,a6073537a4ea5fb9v,a6073537a4ea5fb9v_057.44253033999999757953_009.18145197499999987656,S1B_IW_SLC__1SDV_20200807T054751_20200807T054818_022813_02B4C5_01F5,1,57.44253034,9.181451975,9353.0,1545.0,1550.0,9337.0,1540.0,9370.0,93.09669304,ais/manual,True,False,9999.99,9999.99,HIGH
validation,SLC,a6073537a4ea5fb9v,a6073537a4ea5fb9v_058.04638529000000346514_009.93020745499999968331,S1B_IW_SLC__1SDV_20200807T054751_20200807T054818_022813_02B4C5_01F5,1,58.04638529,9.930207455,2684.0,6931.0,6935.0,2676.0,6928.0,2692.0,17.42685886,ais/manual,True,True,9999.99,9999.99,HIGH
validation,SLC,a6073537a4ea5fb9v,a6073537a4ea5fb9v_057.58375281000000001086_008.77140728000000002851,S1B_IW_SLC__1SDV_20200807T054751_20200807T054818_022813_02B4C5_01F5,1,57.58375281,8.77140728,15833.0,2302.0,2306.0,15821.0,2297.0,15843.0,19.57,ais/manual,True,True,9999.99,9999.99,HIGH
validation,SLC,a6073537a4ea5fb9v,a6073537a4ea5fb9v_057.60484169000000065353_008.55992426299999920047,S1B_IW_SLC__1SDV_20200807T054751_20200807T054818_022813_02B4C5_01F5,1,57.60484169,8.559924263,18998.0,2291.0,2293.0,18992.0,2289.0,19004.0,23.61,ais/manual,True,True,9999.99,9999.99,HIGH
validation,SLC,a6073537a4ea5fb9v,a6073537a4ea5fb9v_057.67276933000000127549_009.08418878600000034851,S1B_IW_SLC__1SDV_20200807T054751_20200807T054818_022813_02B4C5_01F5,1,57.67276933,9.084188786,11914.0,3266.0,3270.0,11904.0,3262.0,11923.0,20.26144935,ais/manual,True,True,9999.99,9999.99,HIGH
validation,SLC,a6073537a4ea5fb9v,a6073537a4ea5fb9v_057.49026959999999775164_009.00786775399999939395,S1B_IW_SLC__1SDV_20200807T054751_20200807T054818_022813_02B4C5_01F5,1,57.4902696,9.007867754,11999.0,1769.0,1770.0,11997.0,1768.0,12002.0,12.90086849,ais/manual,True,True,9999.99,9999.99,HIGH
validation,SLC,a6073537a4ea5fb9v,a6073537a4ea5fb9v_057.57968726000000003751_008.64467665599999968151,S1B_IW_SLC__1SDV_20200807T054751_20200807T054818_022813_02B4C5_01F5,1,57.57968726,8.644676656,17632.0,2164.0,2167.0,17623.0,2160.0,17639.0,16.0,ais/manual,True,True,9999.99,9999.99,HIGH
validation,SLC,a6073537a4ea5fb9v,a6073537a4ea5fb9v_057.32055021000000039066_008.51600360299999969982,S1B_IW_SLC__1SDV_20200807T054751_20200807T054818_022813_02B4C5_01F5,1,57.32055021,8.516003603,18107.0,20.0,23.0,18098.0,17.0,18114.0,36.77990958,ais/manual,True,True,9999.99,9999.99,HIGH
validation,SLC,a6073537a4ea5fb9v,a6073537a4ea5fb9v_057.64834100000000205455_007.09160678000000022081,S1B_IW_SLC__1SDV_20200807T054751_20200807T054818_022813_02B4C5_01F5,2,57.648341,7.09160678,22107.0,1953.0,1955.0,22097.0,1950.0,22114.0,27.4,ais/manual,True,True,9999.99,9999.99,HIGH
validation,SLC,a6073537a4ea5fb9v,a6073537a4ea5fb9v_058.00393186000000156355_009.90051012500000027217,S1B_IW_SLC__1SDV_20200807T054751_20200807T054818_022813_02B4C5_01F5,1,58.00393186,9.900510125,2839.0,6573.0,6576.0,2831.0,6571.0,2845.0,22.5,ais/manual,True,True,9999.99,9999.99,HIGH
validation,SLC,a6073537a4ea5fb9v,a6073537a4ea5fb9v_057.72935051999999700456_009.17885546900000015569,S1B_IW_SLC__1SDV_20200807T054751_20200807T054818_022813_02B4C5_01F5,1,57.72935052,9.178855469,10912.0,3791.0,3794.0,10901.0,3788.0,10920.0,26.78968773,ais/manual,True,True,9999.99,9999.99,HIGH
validation,SLC,a6073537a4ea5fb9v,a6073537a4ea5fb9v_058.19061943999999897414_005.80564105300000043997,S1B_IW_SLC__1SDV_20200807T054751_20200807T054818_022813_02B4C5_01F5,3,58.19061944,5.805641053,23140.0,4497.0,4505.0,23124.0,4488.0,23153.0,27.4,ais/manual,True,True,9999.99,9999.99,HIGH
validation,SLC,a6073537a4ea5fb9v,a6073537a4ea5fb9v_057.70319297000000346998_009.79252133700000015892,S1B_IW_SLC__1SDV_20200807T054751_20200807T054818_022813_02B4C5_01F5,1,57.70319297,9.792521337,2649.0,4125.0,4128.0,2641.0,4123.0,2654.0,16.74,ais/manual,True,False,9999.99,9999.99,HIGH
validation,SLC,a6073537a4ea5fb9v,a6073537a4ea5fb9v_057.63139215999999720452_006.73938836900000026731,S1B_IW_SLC__1SDV_20200807T054751_20200807T054818_022813_02B4C5_01F5,3,57.63139216,6.739388368999999,4006.0,691.0,694.0,3995.0,688.0,4014.0,27.13,ais/manual,True,True,9999.99,9999.99,HIGH
validation,SLC,a6073537a4ea5fb9v,a6073537a4ea5fb9v_057.49363927000000273893_007.69186588699999962415,S1B_IW_SLC__1SDV_20200807T054751_20200807T054818_022813_02B4C5_01F5,2,57.49363927,7.691865887,11603.0,1186.0,1189.0,11593.0,1184.0,11609.0,28.05,ais/manual,True,True,9999.99,9999.99,HIGH
validation,SLC,a6073537a4ea5fb9v,a6073537a4ea5fb9v_057.47926292999999731137_007.15914831899999981601,S1B_IW_SLC__1SDV_20200807T054751_20200807T054818_022813_02B4C5_01F5,2,57.47926293,7.159148319,20082.0,665.0,669.0,20068.0,661.0,20095.0,44.1,ais/manual,True,True,9999.99,9999.99,HIGH
validation,SLC,eeddcc0db3cff0d8v,eeddcc0db3cff0d8v_057.12001657999999792992_008.44703610600000054376,S1B_IW_SLC__1SDV_20200807T054816_20200807T054843_022813_02B4C5_5575,1,57.12001658,8.447036106,18040.0,10462.0,10467.0,18024.0,10458.0,18052.0,92.57328719,ais/manual,True,False,7.585434189597981,7.070015922446372,HIGH
validation,SLC,eeddcc0db3cff0d8v,eeddcc0db3cff0d8v_056.26378914000000008855_005.34948290200000009520,S1B_IW_SLC__1SDV_20200807T054816_20200807T054843_022813_02B4C5_5575,3,56.26378914,5.349482902,21410.0,933.0,936.0,21400.0,929.0,21415.0,22.96,ais/manual,True,True,9999.99,9999.99,HIGH
validation,SLC,eeddcc0db3cff0d8v,eeddcc0db3cff0d8v_057.28349356999999741902_008.58127282000000057849,S1B_IW_SLC__1SDV_20200807T054816_20200807T054843_022813_02B4C5_5575,1,57.28349357,8.58127282,16957.0,11860.0,11863.0,16943.0,11856.0,16969.0,75.14713419,ais/manual,True,False,9999.99,9999.99,HIGH
validation,SLC,eeddcc0db3cff0d8v,eeddcc0db3cff0d8v_057.06911845999999854939_007.63171612400000043408,S1B_IW_SLC__1SDV_20200807T054816_20200807T054843_022813_02B4C5_5575,2,57.06911846,7.631716123999999,10248.0,9867.0,9875.0,10220.0,9859.0,10276.0,179.5429866,ais/manual,True,False,9999.99,9999.99,HIGH
validation,SLC,eeddcc0db3cff0d8v,eeddcc0db3cff0d8v_057.21099614999999971587_008.63821698099999935039,S1B_IW_SLC__1SDV_20200807T054816_20200807T054843_022813_02B4C5_5575,1,57.21099615,8.638216981,15745.0,11338.0,11341.0,15729.0,11335.0,15759.0,92.7718213,ais/manual,True,False,9.484950039184694,9.478486131283953,HIGH
validation,SLC,eeddcc0db3cff0d8v,eeddcc0db3cff0d8v_057.26715595000000291748_008.48744564799999956506,S1B_IW_SLC__1SDV_20200807T054816_20200807T054843_022813_02B4C5_5575,1,57.26715595,8.487445648,18237.0,11653.0,11654.0,18231.0,11651.0,18243.0,15.146938199999996,ais/manual,True,True,9999.99,9999.99,HIGH
validation,SLC,eeddcc0db3cff0d8v,eeddcc0db3cff0d8v_057.12572527999999749682_008.60221511299999974653,S1B_IW_SLC__1SDV_20200807T054816_20200807T054843_022813_02B4C5_5575,1,57.12572528,8.602215113,15809.0,10638.0,10642.0,15797.0,10634.0,15821.0,46.97966064,ais/manual,True,False,0.2155965313987771,0.123986283213712,HIGH
validation,SLC,eeddcc0db3cff0d8v,eeddcc0db3cff0d8v_057.31369158999999768866_008.05398438900000002150,S1B_IW_SLC__1SDV_20200807T054816_20200807T054843_022813_02B4C5_5575,2,57.31369159,8.053984389,5016.0,12133.0,12134.0,5010.0,12131.0,5022.0,13.46265417,ais/manual,True,True,9999.99,9999.99,HIGH
validation,SLC,eeddcc0db3cff0d8v,eeddcc0db3cff0d8v_056.62141433000000034781_008.08228818199999921035,S1B_IW_SLC__1SDV_20200807T054816_20200807T054843_022813_02B4C5_5575,1,56.62141433,8.082288182000001,20807.0,6237.0,6240.0,20800.0,6234.0,20814.0,17.24502673,ais/manual,True,False,4.096459302343374,4.014220823869085,HIGH
validation,SLC,eeddcc0db3cff0d8v,eeddcc0db3cff0d8v_056.10919848000000342836_006.21766326799999990982,S1B_IW_SLC__1SDV_20200807T054816_20200807T054843_022813_02B4C5_5575,3,56.10919848,6.217663268,4855.0,321.0,333.0,4833.0,308.0,4873.0,65.5,ais/manual,True,False,9999.99,9999.99,HIGH
validation,SLC,eeddcc0db3cff0d8v,eeddcc0db3cff0d8v_056.79781365000000192822_007.61819793400000033756,S1B_IW_SLC__1SDV_20200807T054816_20200807T054843_022813_02B4C5_5575,2,56.79781365,7.618197933999999,8995.0,7717.0,7720.0,8988.0,7715.0,8999.0,15.48,ais/manual,True,True,9999.99,9999.99,HIGH
validation,SLC,eeddcc0db3cff0d8v,eeddcc0db3cff0d8v_057.02412484999999975344_007.71837515899999981883,S1B_IW_SLC__1SDV_20200807T054816_20200807T054843_022813_02B4C5_5575,2,57.02412485,7.718375159,8640.0,9581.0,9585.0,8627.0,9577.0,8652.0,42.45,ais/manual,True,True,9999.99,9999.99,HIGH
validation,SLC,eeddcc0db3cff0d8v,eeddcc0db3cff0d8v_056.39241581999999652908_006.59032317299999981230,S1B_IW_SLC__1SDV_20200807T054816_20200807T054843_022813_02B4C5_5575,2,56.39241582,6.590323173,23764.0,3717.0,3728.0,23742.0,3706.0,23786.0,146.3998488,ais/manual,True,False,9999.99,9999.99,HIGH
validation,SLC,eeddcc0db3cff0d8v,eeddcc0db3cff0d8v_056.23560478999999645566_007.09089527600000035790,S1B_IW_SLC__1SDV_20200807T054816_20200807T054843_022813_02B4C5_5575,2,56.23560479,7.090895276,14490.0,2863.0,2865.0,14480.0,2860.0,14497.0,22.0,ais/manual,True,True,9999.99,9999.99,HIGH
validation,SLC,eeddcc0db3cff0d8v,eeddcc0db3cff0d8v_056.97052998000000201273_006.58897337299999996674,S1B_IW_SLC__1SDV_20200807T054816_20200807T054843_022813_02B4C5_5575,3,56.97052998,6.588973373,3011.0,7418.0,7421.0,2997.0,7415.0,3021.0,40.76961136,ais/manual,True,True,9999.99,9999.99,HIGH
validation,SLC,eeddcc0db3cff0d8v,eeddcc0db3cff0d8v_055.95811023000000261618_008.10204876999999967779,S1B_IW_SLC__1SDV_20200807T054816_20200807T054843_022813_02B4C5_5575,1,55.95811023,8.10204877,16973.0,1039.0,1041.0,16967.0,1038.0,16976.0,23.89,ais/manual,True,True,2.163719806385064,1.8413418065071192,HIGH
validation,SLC,eeddcc0db3cff0d8v,eeddcc0db3cff0d8v_056.29152251000000006798_007.08649219099999960747,S1B_IW_SLC__1SDV_20200807T054816_20200807T054843_022813_02B4C5_5575,2,56.29152251,7.0864921910000005,14863.0,3301.0,3308.0,14837.0,3294.0,14887.0,158.033228,ais/manual,True,False,9999.99,9999.99,HIGH
validation,SLC,eeddcc0db3cff0d8v,eeddcc0db3cff0d8v_057.17259726000000341628_007.75029000199999984488,S1B_IW_SLC__1SDV_20200807T054816_20200807T054843_022813_02B4C5_5575,2,57.17259726,7.750290002000001,8944.0,10777.0,10780.0,8937.0,10775.0,8948.0,16.26552698,ais/manual,True,True,9999.99,9999.99,HIGH
validation,SLC,eeddcc0db3cff0d8v,eeddcc0db3cff0d8v_057.14548056000000286758_008.57242128400000069632,S1B_IW_SLC__1SDV_20200807T054816_20200807T054843_022813_02B4C5_5575,1,57.14548056,8.572421283999999,16346.0,10768.0,10772.0,16336.0,10764.0,16356.0,19.36810785,ais/manual,True,True,2.780524521769949,2.925101421933177,HIGH
validation,SLC,eeddcc0db3cff0d8v,eeddcc0db3cff0d8v_057.19554061000000189097_007.85758572000000032887,S1B_IW_SLC__1SDV_20200807T054816_20200807T054843_022813_02B4C5_5575,2,57.19554061,7.85758572,7396.0,11044.0,11048.0,7389.0,11040.0,7404.0,22.5,ais/manual,True,True,9999.99,9999.99,HIGH
validation,SLC,eeddcc0db3cff0d8v,eeddcc0db3cff0d8v_057.12540929000000033966_008.19803612499999978525,S1B_IW_SLC__1SDV_20200807T054816_20200807T054843_022813_02B4C5_5575,2,57.12540929,8.198036125,1816.0,10768.0,10770.0,1810.0,10766.0,1820.0,18.27327438,ais/manual,True,True,9999.99,9999.99,HIGH
validation,SLC,eeddcc0db3cff0d8v,eeddcc0db3cff0d8v_057.18583831000000117228_008.70513580100000083917,S1B_IW_SLC__1SDV_20200807T054816_20200807T054843_022813_02B4C5_5575,1,57.18583831,8.705135801,14649.0,11198.0,11200.0,14643.0,11195.0,14653.0,24.34582526,ais/manual,True,True,8.064333995258767,7.563633697003837,HIGH
validation,SLC,eeddcc0db3cff0d8v,eeddcc0db3cff0d8v_056.19771867000000042935_005.72879736700000030680,S1B_IW_SLC__1SDV_20200807T054816_20200807T054843_022813_02B4C5_5575,3,56.19771867,5.728797367,14085.0,670.0,674.0,14070.0,666.0,14097.0,24.2,ais/manual,True,True,9999.99,9999.99,HIGH
validation,SLC,eeddcc0db3cff0d8v,eeddcc0db3cff0d8v_056.19334621000000140612_005.50035346800000013445,S1B_IW_SLC__1SDV_20200807T054816_20200807T054843_022813_02B4C5_5575,3,56.19334621,5.500353467999999,18248.0,476.0,479.0,18237.0,473.0,18259.0,28.42,ais/manual,True,True,9999.99,9999.99,HIGH
validation,SLC,eeddcc0db3cff0d8v,eeddcc0db3cff0d8v_056.39035177000000231828_005.42214670099999995756,S1B_IW_SLC__1SDV_20200807T054816_20200807T054843_022813_02B4C5_5575,3,56.39035177,5.422146701,20720.0,1989.0,1991.0,20712.0,1986.0,20728.0,22.19610496,ais/manual,True,True,9999.99,9999.99,HIGH
validation,SLC,eeddcc0db3cff0d8v,eeddcc0db3cff0d8v_057.18891531999999955360_007.57830932999999973276,S1B_IW_SLC__1SDV_20200807T054816_20200807T054843_022813_02B4C5_5575,2,57.18891532,7.57830933,11743.0,10770.0,10773.0,11736.0,10768.0,11750.0,22.5,ais/manual,True,True,9999.99,9999.99,HIGH
validation,SLC,eeddcc0db3cff0d8v,eeddcc0db3cff0d8v_057.13128299000000254182_007.11805370500000034184,S1B_IW_SLC__1SDV_20200807T054816_20200807T054843_022813_02B4C5_5575,2,57.13128299,7.118053705,18874.0,9960.0,9963.0,18867.0,9958.0,18881.0,15.93177041,ais/manual,True,True,9999.99,9999.99,HIGH
validation,SLC,eeddcc0db3cff0d8v,eeddcc0db3cff0d8v_057.15987120999999859805_008.34691392400000076179,S1B_IW_SLC__1SDV_20200807T054816_20200807T054843_022813_02B4C5_5575,1,57.15987121,8.346913923999999,19731.0,10692.0,10694.0,19723.0,10691.0,19737.0,206.8520191,ais/manual,True,False,9999.99,9999.99,HIGH
validation,SLC,eeddcc0db3cff0d8v,eeddcc0db3cff0d8v_056.20838171999999843820_005.65029836600000034963,S1B_IW_SLC__1SDV_20200807T054816_20200807T054843_022813_02B4C5_5575,3,56.20838172,5.650298366,15573.0,700.0,703.0,15562.0,696.0,15584.0,22.0,ais/manual,True,True,9999.99,9999.99,HIGH
validation,SLC,eeddcc0db3cff0d8v,eeddcc0db3cff0d8v_057.17501515000000011923_007.86285040899999998487,S1B_IW_SLC__1SDV_20200807T054816_20200807T054843_022813_02B4C5_5575,2,57.17501515,7.862850409,7203.0,10886.0,10888.0,7195.0,10885.0,7210.0,20.17428203,ais/manual,True,True,9999.99,9999.99,HIGH
validation,SLC,eeddcc0db3cff0d8v,eeddcc0db3cff0d8v_057.29148235000000255468_008.34773661900000085723,S1B_IW_SLC__1SDV_20200807T054816_20200807T054843_022813_02B4C5_5575,1,57.29148235,8.347736618999999,20428.0,11728.0,11730.0,20419.0,11725.0,20437.0,40.2,ais/manual,True,True,9999.99,9999.99,HIGH
validation,SLC,eeddcc0db3cff0d8v,eeddcc0db3cff0d8v_057.38090126000000168460_007.40521037999999975909,S1B_IW_SLC__1SDV_20200807T054816_20200807T054843_022813_02B4C5_5575,2,57.38090126,7.40521038,15552.0,12152.0,12155.0,15544.0,12149.0,15559.0,10.65,ais/manual,True,True,9999.99,9999.99,HIGH
validation,SLC,eeddcc0db3cff0d8v,eeddcc0db3cff0d8v_057.24688401000000226304_008.82876856899999928885,S1B_IW_SLC__1SDV_20200807T054816_20200807T054843_022813_02B4C5_5575,1,57.24688401,8.828768569,13215.0,11782.0,11784.0,13207.0,11781.0,13221.0,19.31278537,ais/manual,True,True,9999.99,9999.99,HIGH
validation,SLC,eeddcc0db3cff0d8v,eeddcc0db3cff0d8v_056.40637342000000131748_006.73970356299999995286,S1B_IW_SLC__1SDV_20200807T054816_20200807T054843_022813_02B4C5_5575,2,56.40637342,6.739703563,21290.0,3941.0,3951.0,21271.0,3930.0,21306.0,78.70184221,ais/manual,True,False,9999.99,9999.99,HIGH
validation,SLC,eeddcc0db3cff0d8v,eeddcc0db3cff0d8v_057.20694654999999784195_007.18573060299999966105,S1B_IW_SLC__1SDV_20200807T054816_20200807T054843_022813_02B4C5_5575,2,57.20694655,7.185730603,18172.0,10610.0,10612.0,18166.0,10608.0,18179.0,20.3415132,ais/manual,True,True,9999.99,9999.99,HIGH
validation,SLC,eeddcc0db3cff0d8v,eeddcc0db3cff0d8v_057.28312658000000112679_008.52836171100000051126,S1B_IW_SLC__1SDV_20200807T054816_20200807T054843_022813_02B4C5_5575,1,57.28312658,8.528361711,17725.0,11812.0,11814.0,17719.0,11811.0,17729.0,16.2,ais/manual,True,True,9999.99,9999.99,HIGH
validation,SLC,eeddcc0db3cff0d8v,eeddcc0db3cff0d8v_056.98221536999999869977_007.43792941400000007235,S1B_IW_SLC__1SDV_20200807T054816_20200807T054843_022813_02B4C5_5575,2,56.98221537,7.437929414,12866.0,9029.0,9052.0,12823.0,9007.0,12906.0,213.137333,ais/manual,True,False,9999.99,9999.99,HIGH
validation,SLC,eeddcc0db3cff0d8v,eeddcc0db3cff0d8v_056.15724004999999863230_007.57735942999999956271,S1B_IW_SLC__1SDV_20200807T054816_20200807T054843_022813_02B4C5_5575,2,56.15724005,7.57735943,6193.0,2636.0,2637.0,6186.0,2634.0,6199.0,17.01,ais/manual,True,True,9999.99,9999.99,HIGH
validation,SLC,eeddcc0db3cff0d8v,eeddcc0db3cff0d8v_057.12540929000000033966_008.19803612499999978525,S1B_IW_SLC__1SDV_20200807T054816_20200807T054843_022813_02B4C5_5575,1,57.12540929,8.198036125,21769.0,10298.0,10300.0,21763.0,10296.0,21773.0,18.27327438,ais/manual,True,True,9999.99,9999.99,HIGH
validation,SLC,eeddcc0db3cff0d8v,eeddcc0db3cff0d8v_056.18259067999999700760_007.32039886799999983680,S1B_IW_SLC__1SDV_20200807T054816_20200807T054843_022813_02B4C5_5575,2,56.18259068,7.320398868,10448.0,2627.0,2629.0,10439.0,2624.0,10457.0,22.65,ais/manual,True,True,9999.99,9999.99,HIGH
validation,SLC,eeddcc0db3cff0d8v,eeddcc0db3cff0d8v_056.62603368999999986499_007.62741578400000008742,S1B_IW_SLC__1SDV_20200807T054816_20200807T054843_022813_02B4C5_5575,2,56.62603369,7.627415784,7922.0,6370.0,6378.0,7900.0,6363.0,7943.0,143.38704230000005,ais/manual,True,False,9999.99,9999.99,HIGH
validation,SLC,eeddcc0db3cff0d8v,eeddcc0db3cff0d8v_057.29474641000000190161_008.49038070299999958479,S1B_IW_SLC__1SDV_20200807T054816_20200807T054843_022813_02B4C5_5575,1,57.29474641,8.490380703,18343.0,11872.0,11875.0,18334.0,11869.0,18352.0,23.88,ais/manual,True,True,9999.99,9999.99,HIGH
validation,SLC,eeddcc0db3cff0d8v,eeddcc0db3cff0d8v_056.60221128999999962161_007.78156626400000028809,S1B_IW_SLC__1SDV_20200807T054816_20200807T054843_022813_02B4C5_5575,2,56.60221129,7.7815662639999985,5375.0,6308.0,6309.0,5369.0,6306.0,5381.0,16.99,ais/manual,True,True,9999.99,9999.99,HIGH
validation,SLC,eeddcc0db3cff0d8v,eeddcc0db3cff0d8v_057.17352108000000043830_008.63312538199999934818,S1B_IW_SLC__1SDV_20200807T054816_20200807T054843_022813_02B4C5_5575,1,57.17352108,8.633125382000001,15618.0,11040.0,11041.0,15612.0,11038.0,15624.0,14.56425546,ais/manual,True,True,5.31183574002831,5.303105553797903,HIGH
validation,SLC,eeddcc0db3cff0d8v,eeddcc0db3cff0d8v_057.15519693000000245320_008.16466014899999947829,S1B_IW_SLC__1SDV_20200807T054816_20200807T054843_022813_02B4C5_5575,2,57.15519693,8.164660149,2480.0,10975.0,10977.0,2474.0,10973.0,2486.0,13.38485645,ais/manual,True,True,9999.99,9999.99,HIGH
validation,SLC,9a5aa7310c195f14v,9a5aa7310c195f14v_044.50550118000000310303_012.42103263999999995804,S1B_IW_SLC__1SDV_20200823T051851_20200823T051918_023046_02BC20_FDFA,2,44.50550118,12.42103264,6652.0,8755.0,8760.0,6630.0,8749.0,6673.0,139.6889351,ais/manual,True,False,9999.99,9999.99,HIGH
validation,SLC,9a5aa7310c195f14v,9a5aa7310c195f14v_044.51577539000000172109_012.46574910000000002697,S1B_IW_SLC__1SDV_20200823T051851_20200823T051918_023046_02BC20_FDFA,2,44.51577539,12.4657491,5790.0,8880.0,8889.0,5773.0,8872.0,5803.0,158.3880219,ais/manual,True,False,9999.99,9999.99,HIGH
validation,SLC,9a5aa7310c195f14v,9a5aa7310c195f14v_044.51070335000000000036_012.48471480000000077837,S1B_IW_SLC__1SDV_20200823T051851_20200823T051918_023046_02BC20_FDFA,2,44.51070335,12.4847148,5377.0,8860.0,8863.0,5359.0,8855.0,5392.0,110.0717652,ais/manual,True,False,9999.99,9999.99,HIGH
validation,SLC,9a5aa7310c195f14v,9a5aa7310c195f14v_044.50568762000000333501_012.40542525999999945441,S1B_IW_SLC__1SDV_20200823T051851_20200823T051918_023046_02BC20_FDFA,2,44.50568762,12.40542526,6973.0,8741.0,8745.0,6950.0,8736.0,6993.0,135.0284691,ais/manual,True,False,8.95714295142554,9.398840533797502,HIGH
validation,SLC,9a5aa7310c195f14v,9a5aa7310c195f14v_044.26536062000000271155_013.34677557000000014398,S1B_IW_SLC__1SDV_20200823T051851_20200823T051918_023046_02BC20_FDFA,1,44.26536062,13.34677557,7466.0,8696.0,8701.0,7447.0,8691.0,7484.0,195.0534274,ais/manual,True,False,9999.99,9999.99,HIGH
validation,SLC,9a5aa7310c195f14v,9a5aa7310c195f14v_043.66278419000000354799_013.51223835999999955959,S1B_IW_SLC__1SDV_20200823T051851_20200823T051918_023046_02BC20_FDFA,1,43.66278419,13.51223836,1638.0,4162.0,4165.0,1630.0,4159.0,1646.0,29.127646,ais/manual,True,False,3.530867143677124,3.524639454394856,HIGH
validation,SLC,9a5aa7310c195f14v,9a5aa7310c195f14v_044.10732564999999993915_012.78190805999999923870,S1B_IW_SLC__1SDV_20200823T051851_20200823T051918_023046_02BC20_FDFA,1,44.10732565,12.78190806,17335.0,6865.0,6867.0,17327.0,6864.0,17341.0,27.03082716,ais/manual,True,False,9999.99,9999.99,HIGH
validation,SLC,9a5aa7310c195f14v,9a5aa7310c195f14v_044.48635134999999962702_013.67607090999999996939,S1B_IW_SLC__1SDV_20200823T051851_20200823T051918_023046_02BC20_FDFA,1,44.48635135,13.67607091,2684.0,10778.0,10787.0,2659.0,10768.0,2706.0,198.1624304,ais/manual,True,False,9999.99,9999.99,HIGH
validation,SLC,c8bbfb37522617e9v,c8bbfb37522617e9v_057.17708154999999692336_008.15066277100000036171,S1B_IW_SLC__1SDV_20200826T054007_20200826T054034_023090_02BD74_03D2,3,57.17708155,8.150662771,12709.0,10530.0,10537.0,12681.0,10523.0,12737.0,147.4425656,ais/manual,True,False,9999.99,9999.99,HIGH
validation,SLC,c8bbfb37522617e9v,c8bbfb37522617e9v_056.57272314000000079659_011.02923340999999979317,S1B_IW_SLC__1SDV_20200826T054007_20200826T054034_023090_02BD74_03D2,1,56.57272314,11.02923341,7639.0,8446.0,8450.0,7625.0,8442.0,7650.0,55.34453516,ais/manual,True,False,9999.99,9999.99,HIGH
validation,SLC,c8bbfb37522617e9v,c8bbfb37522617e9v_056.06125283000000081302_007.67539338999999998236,S1B_IW_SLC__1SDV_20200826T054007_20200826T054034_023090_02BD74_03D2,3,56.06125283,7.67539339,15373.0,1335.0,1337.0,15363.0,1334.0,15383.0,19.96,ais/manual,True,True,9999.99,9999.99,HIGH
validation,SLC,c8bbfb37522617e9v,c8bbfb37522617e9v_056.15311040999999647738_010.25340839999999964505,S1B_IW_SLC__1SDV_20200826T054007_20200826T054034_023090_02BD74_03D2,1,56.15311041,10.2534084,16575.0,4476.0,4481.0,16565.0,4472.0,16585.0,27.13368384,ais/manual,True,False,0.2398744446064639,1.5125272919168322,HIGH
validation,SLC,c8bbfb37522617e9v,c8bbfb37522617e9v_057.17789744000000240476_008.11276455199999979584,S1B_IW_SLC__1SDV_20200826T054007_20200826T054034_023090_02BD74_03D2,3,57.17789744,8.112764552,13383.0,10510.0,10520.0,13353.0,10501.0,13412.0,126.612639,ais/manual,True,False,9999.99,9999.99,HIGH
validation,SLC,c8bbfb37522617e9v,c8bbfb37522617e9v_057.20381102999999711756_008.42929151799999942796,S1B_IW_SLC__1SDV_20200826T054007_20200826T054034_023090_02BD74_03D2,3,57.20381103,8.429291518,7980.0,10938.0,10943.0,7967.0,10933.0,7991.0,35.15,ais/manual,True,True,9999.99,9999.99,HIGH
validation,SLC,c8bbfb37522617e9v,c8bbfb37522617e9v_056.10349401999999940927_007.45205544199999980748,S1B_IW_SLC__1SDV_20200826T054007_20200826T054034_023090_02BD74_03D2,3,56.10349402,7.452055442000001,19718.0,1516.0,1520.0,19708.0,1511.0,19727.0,21.34,ais/manual,True,True,9999.99,9999.99,HIGH
validation,SLC,c8bbfb37522617e9v,c8bbfb37522617e9v_057.12649679999999818847_008.60044958699999995133,S1B_IW_SLC__1SDV_20200826T054007_20200826T054034_023090_02BD74_03D2,3,57.1264968,8.600449587,4616.0,10448.0,10451.0,4597.0,10444.0,4635.0,72.0894942,ais/manual,True,False,0.1989656292943891,0.3932049343916784,HIGH
validation,SLC,c8bbfb37522617e9v,c8bbfb37522617e9v_057.12535091000000164740_008.60739915699999968979,S1B_IW_SLC__1SDV_20200826T054007_20200826T054034_023090_02BD74_03D2,3,57.12535091,8.607399157,4490.0,10444.0,10445.0,4484.0,10443.0,4494.0,42.2351358,ais/manual,True,False,0.2255991719333226,0.1110993856748495,HIGH
validation,SLC,c8bbfb37522617e9v,c8bbfb37522617e9v_057.09311274000000224760_007.58649430999999996317,S1B_IW_SLC__1SDV_20200826T054007_20200826T054034_023090_02BD74_03D2,3,57.09311274,7.58649431,22392.0,9479.0,9483.0,22369.0,9476.0,22412.0,126.75673559999998,ais/manual,True,False,9999.99,9999.99,HIGH
validation,SLC,c8bbfb37522617e9v,c8bbfb37522617e9v_056.82004172999999980220_007.98001550199999964974,S1B_IW_SLC__1SDV_20200826T054007_20200826T054034_023090_02BD74_03D2,3,56.82004173,7.980015502,13852.0,7576.0,7580.0,13843.0,7571.0,13861.0,15.00623316,ais/manual,True,True,9999.99,9999.99,HIGH
validation,SLC,c8bbfb37522617e9v,c8bbfb37522617e9v_056.87072863000000211287_008.21897594800000064197,S1B_IW_SLC__1SDV_20200826T054007_20200826T054034_023090_02BD74_03D2,3,56.87072863,8.218975947999999,9879.0,8146.0,8150.0,9868.0,8142.0,9888.0,23.35,ais/manual,True,True,3.508301891717474,3.144976606090496,HIGH
validation,SLC,c8bbfb37522617e9v,c8bbfb37522617e9v_056.69605160999999782234_008.10812855200000015543,S1B_IW_SLC__1SDV_20200826T054007_20200826T054034_023090_02BD74_03D2,3,56.69605161,8.108128552,10912.0,6681.0,6685.0,10899.0,6678.0,10923.0,40.95890117,ais/manual,True,True,4.941899216025615,5.242992720120263,HIGH
validation,SLC,c8bbfb37522617e9v,c8bbfb37522617e9v_057.17093342999999805443_007.95499018900000010035,S1B_IW_SLC__1SDV_20200826T054007_20200826T054034_023090_02BD74_03D2,3,57.17093343,7.954990189,16149.0,10346.0,10353.0,16112.0,10339.0,16185.0,162.9827369,ais/manual,True,False,9999.99,9999.99,HIGH
validation,SLC,c8bbfb37522617e9v,c8bbfb37522617e9v_056.71122919999999822949_007.82564278200000007502,S1B_IW_SLC__1SDV_20200826T054007_20200826T054034_023090_02BD74_03D2,3,56.7112292,7.825642782,16053.0,6604.0,6612.0,16025.0,6597.0,16079.0,157.869501,ais/manual,True,False,9999.99,9999.99,HIGH
validation,SLC,c8bbfb37522617e9v,c8bbfb37522617e9v_055.96210662000000013450_010.61376768999999953280,S1B_IW_SLC__1SDV_20200826T054007_20200826T054034_023090_02BD74_03D2,1,55.96210662,10.61376769,10294.0,3291.0,3293.0,10289.0,3290.0,10297.0,17.41810381,ais/manual,True,False,2.534729530315842,2.255591512879384,HIGH
validation,SLC,c8bbfb37522617e9v,c8bbfb37522617e9v_055.62903337000000192347_010.79701982999999998469,S1B_IW_SLC__1SDV_20200826T054007_20200826T054034_023090_02BD74_03D2,1,55.62903337,10.79701983,5977.0,845.0,852.0,5960.0,839.0,5991.0,210.1057583,ais/manual,True,False,9.371594600488134,9.329896291889462,HIGH
validation,SLC,c8bbfb37522617e9v,c8bbfb37522617e9v_056.84615059000000059086_007.41644393799999956940,S1B_IW_SLC__1SDV_20200826T054007_20200826T054034_023090_02BD74_03D2,3,56.84615059,7.416443938,24234.0,7401.0,7405.0,24216.0,7397.0,24251.0,109.1609835,ais/manual,True,False,9999.99,9999.99,HIGH
validation,SLC,c8bbfb37522617e9v,c8bbfb37522617e9v_056.39207838000000094780_007.76922838000000037795,S1B_IW_SLC__1SDV_20200826T054007_20200826T054034_023090_02BD74_03D2,3,56.39207838,7.76922838,15398.0,4029.0,4058.0,15333.0,4000.0,15459.0,112.31298329999998,ais/manual,True,False,9999.99,9999.99,HIGH
validation,SLC,c8bbfb37522617e9v,c8bbfb37522617e9v_056.15095641999999998006_010.23530835000000038804,S1B_IW_SLC__1SDV_20200826T054007_20200826T054034_023090_02BD74_03D2,1,56.15095642,10.23530835,16834.0,4444.0,4450.0,16814.0,4437.0,16855.0,127.8054626,ais/manual,True,False,0.0173017653775715,0.7258178107124608,HIGH
validation,SLC,c8bbfb37522617e9v,c8bbfb37522617e9v_057.07102420999999736750_008.08001994600000017499,S1B_IW_SLC__1SDV_20200826T054007_20200826T054034_023090_02BD74_03D2,3,57.07102421,8.080019946,13397.0,9639.0,9645.0,13381.0,9633.0,13413.0,23.88,ais/manual,True,True,9999.99,9999.99,HIGH
validation,SLC,e40c9251a4fce150v,e40c9251a4fce150v_057.76444373000000354068_009.61163050100000049270,S1B_IW_SLC__1SDV_20200831T054752_20200831T054819_023163_02BFB2_13D6,1,57.76444373,9.611630501,5304.0,4442.0,4445.0,5289.0,4440.0,5316.0,100.7,ais/manual,True,False,9999.99,9999.99,HIGH
validation,SLC,e40c9251a4fce150v,e40c9251a4fce150v_057.93753120000000222944_009.66625199599999973543,S1B_IW_SLC__1SDV_20200831T054752_20200831T054819_023163_02BFB2_13D6,1,57.9375312,9.666251996,5501.0,5845.0,5848.0,5492.0,5842.0,5509.0,18.32322026,ais/manual,True,True,9999.99,9999.99,HIGH
validation,SLC,e40c9251a4fce150v,e40c9251a4fce150v_057.86046137000000300077_009.86049069299999914051,S1B_IW_SLC__1SDV_20200831T054752_20200831T054819_023163_02BFB2_13D6,1,57.86046137,9.860490693,2600.0,5415.0,5418.0,2592.0,5412.0,2606.0,17.42685886,ais/manual,True,True,9999.99,9999.99,HIGH
validation,SLC,e40c9251a4fce150v,e40c9251a4fce150v_058.13622347999999817603_006.00964791799999975552,S1B_IW_SLC__1SDV_20200831T054752_20200831T054819_023163_02BFB2_13D6,3,58.13622348,6.009647918,19258.0,4199.0,4203.0,19243.0,4196.0,19269.0,43.85,ais/manual,True,True,9999.99,9999.99,HIGH
validation,SLC,e40c9251a4fce150v,e40c9251a4fce150v_057.88037898000000325283_009.51714632200000032469,S1B_IW_SLC__1SDV_20200831T054752_20200831T054819_023163_02BFB2_13D6,1,57.88037898,9.517146322,7156.0,5267.0,5273.0,7144.0,5261.0,7167.0,16.99,ais/manual,True,True,9999.99,9999.99,HIGH
validation,SLC,e40c9251a4fce150v,e40c9251a4fce150v_058.07088248000000163529_006.19507218800000014625,S1B_IW_SLC__1SDV_20200831T054752_20200831T054819_023163_02BFB2_13D6,3,58.07088248,6.195072187999999,15675.0,3803.0,3809.0,15652.0,3796.0,15698.0,69.61473225,ais/manual,True,False,9999.99,9999.99,HIGH
validation,SLC,e40c9251a4fce150v,e40c9251a4fce150v_058.00763454999999879647_007.83898187199999973984,S1B_IW_SLC__1SDV_20200831T054752_20200831T054819_023163_02BFB2_13D6,2,58.00763455,7.838981872000001,12102.0,5355.0,5358.0,12092.0,5353.0,12109.0,10.66,ais/manual,True,True,1.833585384995003,6.057888151266893,HIGH
validation,SLC,e40c9251a4fce150v,e40c9251a4fce150v_057.67561256999999841355_006.68679122899999978102,S1B_IW_SLC__1SDV_20200831T054752_20200831T054819_023163_02BFB2_13D6,3,57.67561257,6.686791229,5132.0,1006.0,1007.0,5126.0,1005.0,5136.0,26.14,ais/manual,True,True,9999.99,9999.99,HIGH
validation,SLC,e40c9251a4fce150v,e40c9251a4fce150v_058.66769122000000180606_009.47978617100000064966,S1B_IW_SLC__1SDV_20200831T054752_20200831T054819_023163_02BFB2_13D6,1,58.66769122,9.479786171,11861.0,11404.0,11406.0,11855.0,11402.0,11866.0,16.1,ais/manual,True,True,9999.99,9999.99,HIGH
validation,SLC,e40c9251a4fce150v,e40c9251a4fce150v_057.67526570999999790956_009.07259486200000075939,S1B_IW_SLC__1SDV_20200831T054752_20200831T054819_023163_02BFB2_13D6,1,57.67526571,9.072594862,12087.0,3275.0,3277.0,12081.0,3272.0,12093.0,22.5,ais/manual,True,True,9999.99,9999.99,HIGH
validation,SLC,e40c9251a4fce150v,e40c9251a4fce150v_057.84135726000000232716_008.83779452199999937534,S1B_IW_SLC__1SDV_20200831T054752_20200831T054819_023163_02BFB2_13D6,1,57.84135726,8.837794522000001,16274.0,4380.0,4386.0,16236.0,4373.0,16313.0,209.7650008,ais/manual,True,False,9999.99,9999.99,HIGH
validation,SLC,e40c9251a4fce150v,e40c9251a4fce150v_057.45211439999999925021_007.70115123899999964863,S1B_IW_SLC__1SDV_20200831T054752_20200831T054819_023163_02BFB2_13D6,2,57.4521144,7.701151239,11231.0,865.0,868.0,11222.0,863.0,11238.0,23.48666667,ais/manual,True,True,9999.99,9999.99,HIGH
validation,SLC,e40c9251a4fce150v,e40c9251a4fce150v_057.80931429000000321139_005.95157044399999968221,S1B_IW_SLC__1SDV_20200831T054752_20200831T054819_023163_02BFB2_13D6,3,57.80931429,5.951570444,18564.0,1561.0,1569.0,18552.0,1553.0,18577.0,35.25,ais/manual,True,True,9999.99,9999.99,HIGH
validation,SLC,e40c9251a4fce150v,e40c9251a4fce150v_057.62776832000000126754_009.01138288900000006265,S1B_IW_SLC__1SDV_20200831T054752_20200831T054819_023163_02BFB2_13D6,1,57.62776832,9.011382889,12684.0,2850.0,2855.0,12674.0,2845.0,12694.0,21.05,ais/manual,True,True,9999.99,9999.99,HIGH
validation,SLC,e40c9251a4fce150v,e40c9251a4fce150v_057.25444834999999699221_009.47337425199999927372,S1B_IW_SLC__1SDV_20200831T054752_20200831T054819_023163_02BFB2_13D6,1,57.25444835,9.473374252,4454.0,329.0,330.0,4449.0,327.0,4457.0,18.74395113,ais/manual,True,True,5.06900207105674,4.665323883127681,HIGH
validation,SLC,e40c9251a4fce150v,e40c9251a4fce150v_057.85947359000000034257_006.24661560900000001340,S1B_IW_SLC__1SDV_20200831T054752_20200831T054819_023163_02BFB2_13D6,3,57.85947359,6.246615609,13660.0,2158.0,2160.0,13653.0,2156.0,13668.0,14.98,ais/manual,True,True,9999.99,9999.99,HIGH
validation,SLC,e40c9251a4fce150v,e40c9251a4fce150v_057.66069914999999923566_008.90496969299999996394,S1B_IW_SLC__1SDV_20200831T054752_20200831T054819_023163_02BFB2_13D6,1,57.66069915,8.904969693,14352.0,3018.0,3020.0,14346.0,3016.0,14356.0,20.26144935,ais/manual,True,True,9999.99,9999.99,HIGH
validation,SLC,e40c9251a4fce150v,e40c9251a4fce150v_057.74218862000000029866_006.02008491399999989824,S1B_IW_SLC__1SDV_20200831T054752_20200831T054819_023163_02BFB2_13D6,3,57.74218862,6.020084914,17002.0,1073.0,1079.0,16989.0,1067.0,17013.0,28.05,ais/manual,True,True,9999.99,9999.99,HIGH
validation,SLC,e40c9251a4fce150v,e40c9251a4fce150v_057.26170798999999789203_009.33968127900000055774,S1B_IW_SLC__1SDV_20200831T054752_20200831T054819_023163_02BFB2_13D6,1,57.26170799,9.339681279,6265.0,267.0,269.0,6259.0,264.0,6270.0,16.59620681,ais/manual,True,True,9999.99,9999.99,HIGH
validation,SLC,e40c9251a4fce150v,e40c9251a4fce150v_058.41943548999999791249_009.04741476100000063809,S1B_IW_SLC__1SDV_20200831T054752_20200831T054819_023163_02BFB2_13D6,1,58.41943549,9.047414761,16445.0,9094.0,9098.0,16436.0,9091.0,16453.0,17.3980226,ais/manual,True,True,9.725874518075454,9999.99,HIGH
validation,SLC,e40c9251a4fce150v,e40c9251a4fce150v_057.42780874000000324031_008.34319483700000041893,S1B_IW_SLC__1SDV_20200831T054752_20200831T054819_023163_02BFB2_13D6,1,57.42780874,8.343194837,21232.0,719.0,722.0,21225.0,716.0,21239.0,23.23458692,ais/manual,True,True,9999.99,9999.99,HIGH
validation,SLC,e40c9251a4fce150v,e40c9251a4fce150v_058.37121359999999725687_008.99726138499999983367,S1B_IW_SLC__1SDV_20200831T054752_20200831T054819_023163_02BFB2_13D6,1,58.3712136,8.997261385,16887.0,8674.0,8676.0,16881.0,8673.0,16890.0,20.32045942,ais/manual,True,True,9999.99,9999.99,HIGH
validation,SLC,e40c9251a4fce150v,e40c9251a4fce150v_057.97136634999999671436_009.85165128300000070283,S1B_IW_SLC__1SDV_20200831T054752_20200831T054819_023163_02BFB2_13D6,1,57.97136635,9.851651283,3290.0,6274.0,6277.0,3284.0,6272.0,3293.0,19.36208593,ais/manual,True,True,9999.99,9999.99,HIGH
validation,SLC,e40c9251a4fce150v,e40c9251a4fce150v_057.74753428000000354814_009.49307226300000017716,S1B_IW_SLC__1SDV_20200831T054752_20200831T054819_023163_02BFB2_13D6,1,57.74753428,9.493072263,6774.0,4206.0,4209.0,6755.0,4202.0,6793.0,142.37430619999995,ais/manual,True,False,9999.99,9999.99,HIGH
validation,SLC,e40c9251a4fce150v,e40c9251a4fce150v_057.72089760000000069340_006.61404060100000013023,S1B_IW_SLC__1SDV_20200831T054752_20200831T054819_023163_02BFB2_13D6,3,57.7208976,6.614040601,6609.0,1313.0,1316.0,6599.0,1311.0,6616.0,27.4,ais/manual,True,True,9999.99,9999.99,HIGH
validation,SLC,e40c9251a4fce150v,e40c9251a4fce150v_058.56582539000000053875_009.27039321400000027040,S1B_IW_SLC__1SDV_20200831T054752_20200831T054819_023163_02BFB2_13D6,1,58.56582539,9.270393214,14151.0,10429.0,10431.0,14145.0,10428.0,14154.0,18.66,ais/manual,True,True,9999.99,9999.99,HIGH
validation,SLC,e40c9251a4fce150v,e40c9251a4fce150v_057.67547101000000253634_008.29361976400000067144,S1B_IW_SLC__1SDV_20200831T054752_20200831T054819_023163_02BFB2_13D6,2,57.67547101,8.293619763999999,3359.0,3097.0,3104.0,3342.0,3090.0,3374.0,28.05,ais/manual,True,True,9999.99,9999.99,HIGH
validation,SLC,e40c9251a4fce150v,e40c9251a4fce150v_057.79905269999999717356_009.45608910600000029945,S1B_IW_SLC__1SDV_20200831T054752_20200831T054819_023163_02BFB2_13D6,1,57.7990527,9.456089106,7537.0,4577.0,4581.0,7526.0,4573.0,7546.0,21.56355807,ais/manual,True,True,9999.99,9999.99,HIGH
validation,SLC,e40c9251a4fce150v,e40c9251a4fce150v_057.74578025000000280897_009.16580237300000000289,S1B_IW_SLC__1SDV_20200831T054752_20200831T054819_023163_02BFB2_13D6,1,57.74578025,9.165802373,11178.0,3908.0,3913.0,11164.0,3903.0,11190.0,23.61,ais/manual,True,True,9999.99,9999.99,HIGH
validation,SLC,e40c9251a4fce150v,e40c9251a4fce150v_057.84653904000000324004_009.63104691100000032122,S1B_IW_SLC__1SDV_20200831T054752_20200831T054819_023163_02BFB2_13D6,1,57.84653904,9.631046911,5481.0,5102.0,5105.0,5473.0,5099.0,5489.0,18.5,ais/manual,True,True,9999.99,9999.99,HIGH
validation,SLC,e40c9251a4fce150v,e40c9251a4fce150v_058.08005099999999742977_005.66584719400000036416,S1B_IW_SLC__1SDV_20200831T054752_20200831T054819_023163_02BFB2_13D6,3,58.080051,5.665847194,25057.0,3529.0,3535.0,25044.0,3524.0,25068.0,23.95,ais/manual,True,True,9999.99,9999.99,HIGH
validation,SLC,e40c9251a4fce150v,e40c9251a4fce150v_057.62527679000000091492_007.11907892899999961145,S1B_IW_SLC__1SDV_20200831T054752_20200831T054819_023163_02BFB2_13D6,2,57.62527679,7.119078929,21530.0,1790.0,1793.0,21520.0,1787.0,21538.0,14.98,ais/manual,True,True,9999.99,9999.99,HIGH
validation,SLC,e40c9251a4fce150v,e40c9251a4fce150v_057.79873468000000258371_009.28919395900000033350,S1B_IW_SLC__1SDV_20200831T054752_20200831T054819_023163_02BFB2_13D6,1,57.79873468,9.289193959,9777.0,4429.0,4432.0,9771.0,4427.0,9783.0,16.0,ais/manual,True,True,9999.99,9999.99,HIGH
validation,SLC,e40c9251a4fce150v,e40c9251a4fce150v_057.86926469000000139431_008.76316329500000001929,S1B_IW_SLC__1SDV_20200831T054752_20200831T054819_023163_02BFB2_13D6,1,57.86926469,8.763163295,17490.0,4537.0,4539.0,17482.0,4535.0,17498.0,26.48,ais/manual,True,True,9999.99,9999.99,HIGH
validation,SLC,e40c9251a4fce150v,e40c9251a4fce150v_057.74780906000000157974_009.28710727099999999723,S1B_IW_SLC__1SDV_20200831T054752_20200831T054819_023163_02BFB2_13D6,1,57.74780906,9.287107271,9535.0,4028.0,4030.0,9529.0,4027.0,9538.0,13.705594199999998,ais/manual,True,True,9999.99,9999.99,HIGH
validation,SLC,e40c9251a4fce150v,e40c9251a4fce150v_058.01167238000000025977_008.98916569600000059381,S1B_IW_SLC__1SDV_20200831T054752_20200831T054819_023163_02BFB2_13D6,1,58.01167238,8.989165696,15056.0,5844.0,5853.0,15040.0,5835.0,15069.0,66.75779965,ais/manual,True,False,9999.99,9999.99,HIGH
validation,SLC,e40c9251a4fce150v,e40c9251a4fce150v_058.22913127000000343969_006.20711891300000040417,S1B_IW_SLC__1SDV_20200831T054752_20200831T054819_023163_02BFB2_13D6,3,58.22913127,6.207118913,16303.0,5069.0,5071.0,16293.0,5067.0,16313.0,74.16806177,ais/manual,True,False,9.074341581449463,9999.99,HIGH
validation,SLC,e40c9251a4fce150v,e40c9251a4fce150v_057.87744167000000317103_009.87320469800000033445,S1B_IW_SLC__1SDV_20200831T054752_20200831T054819_023163_02BFB2_13D6,1,57.87744167,9.873204698,2527.0,5559.0,5562.0,2519.0,5557.0,2532.0,16.27998359,ais/manual,True,True,9999.99,9999.99,HIGH
validation,SLC,e40c9251a4fce150v,e40c9251a4fce150v_057.79948276999999734471_008.91167119200000001911,S1B_IW_SLC__1SDV_20200831T054752_20200831T054819_023163_02BFB2_13D6,1,57.79948277,8.911671192,15003.0,4113.0,4118.0,14974.0,4107.0,15029.0,175.426968,ais/manual,True,False,9999.99,9999.99,HIGH
validation,SLC,e40c9251a4fce150v,e40c9251a4fce150v_057.77717263000000258444_009.32786107199999925399,S1B_IW_SLC__1SDV_20200831T054752_20200831T054819_023163_02BFB2_13D6,1,57.77717263,9.327861072,9139.0,4294.0,4299.0,9129.0,4288.0,9147.0,26.15,ais/manual,True,True,9999.99,9999.99,HIGH
validation,SLC,e40c9251a4fce150v,e40c9251a4fce150v_057.61909710999999845171_009.18698761499999960733,S1B_IW_SLC__1SDV_20200831T054752_20200831T054819_023163_02BFB2_13D6,1,57.61909711,9.186987615,10214.0,2933.0,2938.0,10188.0,2928.0,10237.0,158.5797064,ais/manual,True,False,9999.99,9999.99,HIGH
validation,SLC,e40c9251a4fce150v,e40c9251a4fce150v_057.57581935999999700471_008.91304967299999972852,S1B_IW_SLC__1SDV_20200831T054752_20200831T054819_023163_02BFB2_13D6,1,57.57581936,8.913049673,13783.0,2358.0,2366.0,13756.0,2352.0,13808.0,150.68440790000002,ais/manual,True,False,9999.99,9999.99,HIGH
validation,SLC,e40c9251a4fce150v,e40c9251a4fce150v_057.93346396999999825539_007.00839378800000023517,S1B_IW_SLC__1SDV_20200831T054752_20200831T054819_023163_02BFB2_13D6,2,57.93346397,7.008393787999999,25022.0,4148.0,4151.0,25012.0,4146.0,25030.0,32.55,ais/manual,True,True,5.748713209301683,6.403261239139711,HIGH
validation,SLC,e40c9251a4fce150v,e40c9251a4fce150v_057.65875506999999799973_009.40002842300000018838,S1B_IW_SLC__1SDV_20200831T054752_20200831T054819_023163_02BFB2_13D6,1,57.65875507,9.400028423,7544.0,3429.0,3431.0,7536.0,3426.0,7550.0,15.68253896,ais/manual,True,False,9999.99,9999.99,HIGH
validation,SLC,e40c9251a4fce150v,e40c9251a4fce150v_057.47400987999999699696_007.66435441800000027968,S1B_IW_SLC__1SDV_20200831T054752_20200831T054819_023163_02BFB2_13D6,2,57.47400988,7.664354417999999,11929.0,1009.0,1014.0,11918.0,1004.0,11941.0,31.53427259,ais/manual,True,True,9999.99,9999.99,HIGH
validation,SLC,e40c9251a4fce150v,e40c9251a4fce150v_057.42099715999999887117_008.41957542099999933782,S1B_IW_SLC__1SDV_20200831T054752_20200831T054819_023163_02BFB2_13D6,1,57.42099716,8.419575421000001,20064.0,729.0,732.0,20054.0,726.0,20071.0,22.96,ais/manual,True,True,9999.99,9999.99,HIGH
validation,SLC,e40c9251a4fce150v,e40c9251a4fce150v_058.20312763999999816633_008.76349761500000035142,S1B_IW_SLC__1SDV_20200831T054752_20200831T054819_023163_02BFB2_13D6,1,58.20312764,8.763497615,19295.0,7161.0,7167.0,19272.0,7155.0,19318.0,106.7718356,ais/manual,True,False,9999.99,9999.99,HIGH
validation,SLC,e40c9251a4fce150v,e40c9251a4fce150v_057.69696993000000162510_006.61746076799999993767,S1B_IW_SLC__1SDV_20200831T054752_20200831T054819_023163_02BFB2_13D6,3,57.69696993,6.617460768,6423.0,1126.0,1128.0,6419.0,1124.0,6427.0,21.3,ais/manual,True,True,9999.99,9999.99,HIGH
validation,SLC,e40c9251a4fce150v,e40c9251a4fce150v_058.18876054999999780648_008.72090420900000040660,S1B_IW_SLC__1SDV_20200831T054752_20200831T054819_023163_02BFB2_13D6,1,58.18876055,8.720904209,19829.0,7013.0,7019.0,19809.0,7007.0,19850.0,94.60333784,ais/manual,True,False,9999.99,9999.99,HIGH
validation,SLC,e40c9251a4fce150v,e40c9251a4fce150v_058.36875332000000327071_005.83535835300000016446,S1B_IW_SLC__1SDV_20200831T054752_20200831T054819_023163_02BFB2_13D6,3,58.36875332,5.835358352999999,23542.0,5937.0,5942.0,23519.0,5931.0,23560.0,65.47987578,ais/manual,True,False,6.544251661764619,7.137951361774949,HIGH
validation,SLC,e40c9251a4fce150v,e40c9251a4fce150v_057.27092122999999901367_009.28305474199999913765,S1B_IW_SLC__1SDV_20200831T054752_20200831T054819_023163_02BFB2_13D6,1,57.27092123,9.283054742,7072.0,289.0,292.0,7064.0,286.0,7079.0,17.3191447,ais/manual,True,True,9999.99,9999.99,HIGH
validation,SLC,e40c9251a4fce150v,e40c9251a4fce150v_058.57635451000000159638_009.54645745800000078418,S1B_IW_SLC__1SDV_20200831T054752_20200831T054819_023163_02BFB2_13D6,1,58.57635451,9.546457458,10477.0,10745.0,10750.0,10460.0,10739.0,10493.0,61.55758541,ais/manual,True,False,9999.99,9999.99,HIGH
validation,SLC,e40c9251a4fce150v,e40c9251a4fce150v_057.88921107000000176868_007.73265721200000033519,S1B_IW_SLC__1SDV_20200831T054752_20200831T054819_023163_02BFB2_13D6,2,57.88921107,7.732657212,13115.0,4339.0,4341.0,13109.0,4337.0,13122.0,23.93,ais/manual,True,True,9999.99,9999.99,HIGH
validation,SLC,e40c9251a4fce150v,e40c9251a4fce150v_057.89648592999999721087_009.09581363500000072975,S1B_IW_SLC__1SDV_20200831T054752_20200831T054819_023163_02BFB2_13D6,1,57.89648593,9.095813635,12950.0,5030.0,5033.0,12941.0,5027.0,12958.0,28.025,ais/manual,True,True,9999.99,9999.99,HIGH
validation,SLC,e40c9251a4fce150v,e40c9251a4fce150v_057.67370119000000272536_009.79285283499999970047,S1B_IW_SLC__1SDV_20200831T054752_20200831T054819_023163_02BFB2_13D6,1,57.67370119,9.792852835,2491.0,3894.0,3902.0,2466.0,3887.0,2515.0,173.7643112,ais/manual,True,False,9999.99,9999.99,HIGH
validation,SLC,e40c9251a4fce150v,e40c9251a4fce150v_057.64120625000000330829_008.38943157199999944851,S1B_IW_SLC__1SDV_20200831T054752_20200831T054819_023163_02BFB2_13D6,1,57.64120625,8.389431572000001,21700.0,2436.0,2441.0,21692.0,2432.0,21708.0,17.16047977,ais/manual,True,True,9999.99,9999.99,HIGH
validation,SLC,e40c9251a4fce150v,e40c9251a4fce150v_057.70950080000000070868_009.84113068299999937949,S1B_IW_SLC__1SDV_20200831T054752_20200831T054819_023163_02BFB2_13D6,1,57.7095008,9.841130683,2063.0,4217.0,4224.0,2044.0,4211.0,2081.0,111.3,ais/manual,True,False,9999.99,9999.99,HIGH
validation,SLC,e40c9251a4fce150v,e40c9251a4fce150v_057.68684381999999999380_006.16559230100000021935,S1B_IW_SLC__1SDV_20200831T054752_20200831T054819_023163_02BFB2_13D6,3,57.68684382,6.165592301,14157.0,731.0,734.0,14143.0,728.0,14170.0,35.15,ais/manual,True,True,9999.99,9999.99,HIGH
validation,SLC,e40c9251a4fce150v,e40c9251a4fce150v_057.81693365000000284226_009.47887006500000062204,S1B_IW_SLC__1SDV_20200831T054752_20200831T054819_023163_02BFB2_13D6,1,57.81693365,9.478870065,7329.0,4737.0,4741.0,7319.0,4732.0,7338.0,19.57,ais/manual,True,True,9999.99,9999.99,HIGH
validation,SLC,e40c9251a4fce150v,e40c9251a4fce150v_057.60960278000000300835_007.34068266400000002392,S1B_IW_SLC__1SDV_20200831T054752_20200831T054819_023163_02BFB2_13D6,2,57.60960278,7.340682664,17834.0,1832.0,1834.0,17825.0,1830.0,17841.0,18.6,ais/manual,True,True,9999.99,9999.99,HIGH
validation,SLC,e40c9251a4fce150v,e40c9251a4fce150v_057.96338828999999748248_009.55670594000000050983,S1B_IW_SLC__1SDV_20200831T054752_20200831T054819_023163_02BFB2_13D6,1,57.96338829,9.55670594,7073.0,5951.0,5958.0,7060.0,5945.0,7085.0,21.95,ais/manual,True,True,9999.99,9999.99,HIGH
validation,SLC,9ea5029406691ce4v,9ea5029406691ce4v_058.75061253999999877351_005.38883618799999997151,S1B_IW_SLC__1SDV_20200905T055556_20200905T055623_023236_02C208_B2C6,2,58.75061254,5.388836187999999,22316.0,5934.0,5943.0,22299.0,5923.0,22333.0,81.84341051,ais/manual,True,False,5.764125962392439,5.947224862155302,HIGH
validation,SLC,9ea5029406691ce4v,9ea5029406691ce4v_058.32859497999999831563_006.00991257100000009217,S1B_IW_SLC__1SDV_20200905T055556_20200905T055623_023236_02C208_B2C6,2,58.32859498,6.009912571,10306.0,3064.0,3065.0,10300.0,3062.0,10312.0,68.19927106,ais/manual,True,False,5.4048140095702,5.931836328260704,HIGH
validation,SLC,9ea5029406691ce4v,9ea5029406691ce4v_058.40699276000000139675_005.87569965800000026945,S1B_IW_SLC__1SDV_20200905T055556_20200905T055623_023236_02C208_B2C6,2,58.40699276,5.875699657999999,12794.0,3579.0,3582.0,12783.0,3575.0,12804.0,52.86996468,ais/manual,True,False,1.7498727348231866,2.43026500496186,HIGH
validation,SLC,9ea5029406691ce4v,9ea5029406691ce4v_059.20192379000000215683_005.03645834599999986381,S1B_IW_SLC__1SDV_20200905T055556_20200905T055623_023236_02C208_B2C6,3,59.20192379,5.036458346,6577.0,8392.0,8410.0,6552.0,8373.0,6602.0,108.9175896,ais/manual,True,False,3.407134558091313,7.467183980864594,HIGH
validation,SLC,9ea5029406691ce4v,9ea5029406691ce4v_059.28316956999999831623_005.73407147200000011367,S1B_IW_SLC__1SDV_20200905T055556_20200905T055623_023236_02C208_B2C6,2,59.28316957,5.734071472,19797.0,10396.0,10400.0,19790.0,10393.0,19803.0,17.14952521,ais/manual,True,False,1.7028077219874067,2.61771860069507,HIGH
validation,SLC,9ea5029406691ce4v,9ea5029406691ce4v_058.04114571000000211143_006.61198076500000020417,S1B_IW_SLC__1SDV_20200905T055556_20200905T055623_023236_02C208_B2C6,1,58.04114571,6.611980765,19735.0,808.0,815.0,19718.0,802.0,19749.0,74.14383199,ais/manual,True,False,3.200134174240389,3.367168580891587,HIGH
validation,SLC,9ea5029406691ce4v,9ea5029406691ce4v_059.38090636999999816226_004.02917774600000022645,S1B_IW_SLC__1SDV_20200905T055556_20200905T055623_023236_02C208_B2C6,3,59.38090637,4.029177746,24400.0,9156.0,9165.0,24383.0,9148.0,24414.0,106.6846485,ais/manual,True,False,9999.99,9999.99,HIGH
validation,SLC,9ea5029406691ce4v,9ea5029406691ce4v_058.45429705000000097925_003.93617415699999995127,S1B_IW_SLC__1SDV_20200905T055556_20200905T055623_023236_02C208_B2C6,3,58.45429705,3.936174157,21175.0,1719.0,1724.0,21161.0,1713.0,21188.0,70.3,ais/manual,True,True,9999.99,9999.99,HIGH
validation,SLC,9ea5029406691ce4v,9ea5029406691ce4v_058.37032855999999725327_005.04725394400000038075,S1B_IW_SLC__1SDV_20200905T055556_20200905T055623_023236_02C208_B2C6,2,58.37032856,5.047253944,25770.0,2677.0,2683.0,25759.0,2671.0,25781.0,80.9435515,ais/manual,True,False,9999.99,9999.99,HIGH
validation,SLC,9ea5029406691ce4v,9ea5029406691ce4v_057.97266703999999748476_006.42729523800000013267,S1B_IW_SLC__1SDV_20200905T055556_20200905T055623_023236_02C208_B2C6,1,57.97266704,6.427295237999999,22057.0,119.0,124.0,22041.0,114.0,22070.0,39.36532072,ais/manual,True,False,6.846045229486596,9999.99,HIGH
validation,SLC,9ea5029406691ce4v,9ea5029406691ce4v_058.76161035999999882051_004.27584547399999959083,S1B_IW_SLC__1SDV_20200905T055556_20200905T055623_023236_02C208_B2C6,3,58.76161036,4.275845474,16915.0,4385.0,4387.0,16896.0,4382.0,16931.0,169.04,ais/manual,True,False,9999.99,9999.99,HIGH
validation,SLC,9ea5029406691ce4v,9ea5029406691ce4v_059.44802791000000041777_004.94974367300000039904,S1B_IW_SLC__1SDV_20200905T055556_20200905T055623_023236_02C208_B2C6,3,59.44802791,4.949743673,9322.0,10286.0,10290.0,9310.0,10282.0,9331.0,66.11176394,ais/manual,True,False,6.114539273685034,6.914974164285658,HIGH
validation,SLC,9ea5029406691ce4v,9ea5029406691ce4v_058.24736538999999879707_004.40172593199999973024,S1B_IW_SLC__1SDV_20200905T055556_20200905T055623_023236_02C208_B2C6,3,58.24736539,4.401725932,12032.0,382.0,386.0,12019.0,378.0,12044.0,33.75,ais/manual,True,True,9999.99,9999.99,HIGH
validation,SLC,9ea5029406691ce4v,9ea5029406691ce4v_059.47230592999999743142_004.76571198899999970422,S1B_IW_SLC__1SDV_20200905T055556_20200905T055623_023236_02C208_B2C6,3,59.47230593,4.765711989,12473.0,10356.0,10361.0,12459.0,10350.0,12486.0,71.96,ais/manual,True,True,9999.99,9999.99,HIGH
validation,SLC,9ea5029406691ce4v,9ea5029406691ce4v_057.97266703999999748476_006.42729523800000013267,S1B_IW_SLC__1SDV_20200905T055556_20200905T055623_023236_02C208_B2C6,2,57.97266704,6.427295237999999,2106.0,590.0,595.0,2090.0,585.0,2119.0,39.36532072,ais/manual,True,False,6.847684499333674,9999.99,HIGH
validation,SLC,9ea5029406691ce4v,9ea5029406691ce4v_058.48815193000000078882_005.19712051099999960968,S1B_IW_SLC__1SDV_20200905T055556_20200905T055623_023236_02C208_B2C6,2,58.48815193,5.1971205110000005,23969.0,3718.0,3721.0,23953.0,3714.0,23985.0,86.8,ais/manual,True,True,5.653573708327326,9999.99,HIGH
validation,SLC,9ea5029406691ce4v,9ea5029406691ce4v_058.43646348000000045886_003.95847250600000011289,S1B_IW_SLC__1SDV_20200905T055556_20200905T055623_023236_02C208_B2C6,3,58.43646348,3.958472506,20692.0,1591.0,1602.0,20669.0,1580.0,20713.0,61.88,ais/manual,True,True,9999.99,9999.99,HIGH
validation,SLC,9ea5029406691ce4v,9ea5029406691ce4v_058.04678659000000351398_007.92506471699999970326,S1B_IW_SLC__1SDV_20200905T055556_20200905T055623_023236_02C208_B2C6,1,58.04678659,7.925064717000001,1991.0,1978.0,1985.0,1978.0,1971.0,2004.0,35.25,ais/manual,True,True,0.8950060133352975,3.2277856018760263,HIGH
validation,SLC,9ea5029406691ce4v,9ea5029406691ce4v_058.14815334000000035530_005.43413694000000013773,S1B_IW_SLC__1SDV_20200905T055556_20200905T055623_023236_02C208_B2C6,2,58.14815334,5.43413694,18307.0,1202.0,1207.0,18295.0,1196.0,18320.0,62.6,ais/manual,True,True,9999.99,9999.99,HIGH
validation,SLC,9ea5029406691ce4v,9ea5029406691ce4v_058.25285797000000087564_004.41688155699999995818,S1B_IW_SLC__1SDV_20200905T055556_20200905T055623_023236_02C208_B2C6,3,58.25285797,4.416881557,11803.0,436.0,440.0,11788.0,432.0,11817.0,63.97,ais/manual,True,True,9999.99,9999.99,HIGH
validation,SLC,9ea5029406691ce4v,9ea5029406691ce4v_059.10070495000000079244_005.44291134699999989977,S1B_IW_SLC__1SDV_20200905T055556_20200905T055623_023236_02C208_B2C6,2,59.10070495,5.442911347000001,23369.0,8743.0,8746.0,23358.0,8741.0,23376.0,158.6,ais/manual,True,False,2.6553391998753897,3.237910252789326,HIGH
validation,SLC,9ea5029406691ce4v,9ea5029406691ce4v_058.38304269000000346068_004.08842390099999963837,S1B_IW_SLC__1SDV_20200905T055556_20200905T055623_023236_02C208_B2C6,3,58.38304269,4.0884239010000005,18147.0,1251.0,1259.0,18128.0,1244.0,18163.0,61.75,ais/manual,True,True,9999.99,9999.99,HIGH
validation,SLC,9ea5029406691ce4v,9ea5029406691ce4v_058.12053381999999857044_005.65877017900000023332,S1B_IW_SLC__1SDV_20200905T055556_20200905T055623_023236_02C208_B2C6,2,58.12053382,5.658770178999999,14602.0,1152.0,1155.0,14589.0,1149.0,14612.0,27.4,ais/manual,True,True,9999.99,9999.99,HIGH
validation,SLC,9ea5029406691ce4v,9ea5029406691ce4v_058.60998358999999879870_005.18543176200000033305,S1B_IW_SLC__1SDV_20200905T055556_20200905T055623_023236_02C208_B2C6,2,58.60998359,5.185431762,24821.0,4674.0,4683.0,24808.0,4665.0,24834.0,79.41282783,ais/manual,True,False,9999.99,9999.99,HIGH
validation,SLC,9ea5029406691ce4v,9ea5029406691ce4v_058.68499476000000214526_004.70459187300000003518,S1B_IW_SLC__1SDV_20200905T055556_20200905T055623_023236_02C208_B2C6,3,58.68499476,4.704591873,9260.0,4063.0,4071.0,9236.0,4055.0,9283.0,93.98487851,ais/manual,True,False,9999.99,9999.99,HIGH
validation,SLC,9ea5029406691ce4v,9ea5029406691ce4v_058.43400805000000275413_003.97151954700000020537,S1B_IW_SLC__1SDV_20200905T055556_20200905T055623_023236_02C208_B2C6,3,58.43400805,3.971519547,20451.0,1580.0,1583.0,20436.0,1577.0,20462.0,42.9,ais/manual,True,True,9999.99,9999.99,HIGH
validation,SLC,cd4f6ff86f9f5991v,cd4f6ff86f9f5991v_057.79889621000000232698_009.29201613000000037346,S1B_IW_SLC__1SDV_20200912T054753_20200912T054820_023338_02C52B_D4CB,1,57.79889621,9.29201613,9757.0,4442.0,4445.0,9748.0,4440.0,9763.0,19.57,ais/manual,True,True,9999.99,9999.99,HIGH
validation,SLC,cd4f6ff86f9f5991v,cd4f6ff86f9f5991v_057.61462362000000325679_008.18545593800000048645,S1B_IW_SLC__1SDV_20200912T054753_20200912T054820_023338_02C52B_D4CB,2,57.61462362,8.185455937999999,4671.0,2543.0,2549.0,4658.0,2535.0,4683.0,21.75647321,ais/manual,True,True,9999.99,9999.99,HIGH
validation,SLC,cd4f6ff86f9f5991v,cd4f6ff86f9f5991v_057.95007222000000268736_006.96856641100000029354,S1B_IW_SLC__1SDV_20200912T054753_20200912T054820_023338_02C52B_D4CB,3,57.95007222,6.968566411,1912.0,3390.0,3392.0,1894.0,3388.0,1930.0,86.53075537,ais/manual,True,False,5.131573025914832,6.093503886946369,HIGH
validation,SLC,cd4f6ff86f9f5991v,cd4f6ff86f9f5991v_057.79954246999999867285_008.88824662500000073351,S1B_IW_SLC__1SDV_20200912T054753_20200912T054820_023338_02C52B_D4CB,1,57.79954247,8.888246625,15351.0,4103.0,4106.0,15342.0,4100.0,15360.0,23.95,ais/manual,True,True,9999.99,9999.99,HIGH
validation,SLC,cd4f6ff86f9f5991v,cd4f6ff86f9f5991v_057.69001011000000289641_006.09179995000000040761,S1B_IW_SLC__1SDV_20200912T054753_20200912T054820_023338_02C52B_D4CB,3,57.69001011,6.09179995,15485.0,714.0,722.0,15466.0,705.0,15500.0,53.0,ais/manual,True,True,9999.99,9999.99,HIGH
validation,SLC,cd4f6ff86f9f5991v,cd4f6ff86f9f5991v_057.35348512000000198441_009.08355347200000018404,S1B_IW_SLC__1SDV_20200912T054753_20200912T054820_023338_02C52B_D4CB,1,57.35348512,9.083553472,10242.0,770.0,776.0,10224.0,764.0,10256.0,114.8317,ais/manual,True,False,9999.99,9999.99,HIGH
validation,SLC,cd4f6ff86f9f5991v,cd4f6ff86f9f5991v_057.64131371999999942091_007.59334352299999970626,S1B_IW_SLC__1SDV_20200912T054753_20200912T054820_023338_02C52B_D4CB,2,57.64131372,7.593343523,13980.0,2287.0,2295.0,13966.0,2279.0,13993.0,35.25,ais/manual,True,True,9999.99,9999.99,HIGH
validation,SLC,cd4f6ff86f9f5991v,cd4f6ff86f9f5991v_057.62650364999999652582_008.70024212899999938031,S1B_IW_SLC__1SDV_20200912T054753_20200912T054820_023338_02C52B_D4CB,1,57.62650365,8.700242129,17100.0,2586.0,2592.0,17083.0,2581.0,17118.0,197.8202154,ais/manual,True,False,9999.99,9999.99,HIGH
validation,SLC,cd4f6ff86f9f5991v,cd4f6ff86f9f5991v_057.43229357999999962203_008.66369116099999914127,S1B_IW_SLC__1SDV_20200912T054753_20200912T054820_023338_02C52B_D4CB,1,57.43229358,8.663691161000001,16582.0,1030.0,1032.0,16576.0,1029.0,16585.0,23.35,ais/manual,True,True,9999.99,9999.99,HIGH
validation,SLC,cd4f6ff86f9f5991v,cd4f6ff86f9f5991v_057.71508332999999879576_008.63606366800000024853,S1B_IW_SLC__1SDV_20200912T054753_20200912T054820_023338_02C52B_D4CB,1,57.71508333,8.636063668,18505.0,3229.0,3234.0,18494.0,3225.0,18513.0,22.30162043,ais/manual,True,True,9999.99,9999.99,HIGH
validation,SLC,cd4f6ff86f9f5991v,cd4f6ff86f9f5991v_057.79368618000000168422_008.57993057200000031060,S1B_IW_SLC__1SDV_20200912T054753_20200912T054820_023338_02C52B_D4CB,1,57.79368618,8.579930572,19745.0,3801.0,3805.0,19735.0,3797.0,19753.0,106.3094763,ais/manual,True,False,9999.99,9999.99,HIGH
validation,SLC,cd4f6ff86f9f5991v,cd4f6ff86f9f5991v_058.01175357999999704361_006.72705473099999995412,S1B_IW_SLC__1SDV_20200912T054753_20200912T054820_023338_02C52B_D4CB,3,58.01175358,6.727054731,6278.0,3707.0,3713.0,6265.0,3701.0,6291.0,32.55,ais/manual,True,True,4.689963492694759,6.088644091906235,HIGH
validation,SLC,cd4f6ff86f9f5991v,cd4f6ff86f9f5991v_057.74432613999999830412_008.56622437100000055921,S1B_IW_SLC__1SDV_20200912T054753_20200912T054820_023338_02C52B_D4CB,1,57.74432614,8.566224371,19678.0,3401.0,3406.0,19658.0,3397.0,19695.0,100.6242199,ais/manual,True,False,9999.99,9999.99,HIGH
validation,SLC,cd4f6ff86f9f5991v,cd4f6ff86f9f5991v_058.03614964999999870088_006.61183148200000037065,S1B_IW_SLC__1SDV_20200912T054753_20200912T054820_023338_02C52B_D4CB,3,58.03614965,6.611831482,8355.0,3819.0,3821.0,8348.0,3818.0,8359.0,9.9,ais/manual,True,True,3.7089197246656593,3.9421177644590655,HIGH
validation,SLC,cd4f6ff86f9f5991v,cd4f6ff86f9f5991v_058.16502217000000030112_008.38384317200000062087,S1B_IW_SLC__1SDV_20200912T054753_20200912T054820_023338_02C52B_D4CB,2,58.16502217,8.383843172,4697.0,7036.0,7042.0,4677.0,7029.0,4716.0,67.36883261,ais/manual,True,False,2.632727261121872,3.8370319760524776,HIGH
validation,SLC,cd4f6ff86f9f5991v,cd4f6ff86f9f5991v_057.78619805000000297923_007.24575161100000020298,S1B_IW_SLC__1SDV_20200912T054753_20200912T054820_023338_02C52B_D4CB,2,57.78619805,7.245751611,20350.0,3169.0,3180.0,20289.0,3158.0,20411.0,201.3123957,ais/manual,True,False,9999.99,9999.99,HIGH
validation,SLC,cd4f6ff86f9f5991v,cd4f6ff86f9f5991v_057.55376660000000299533_007.40084486000000030259,S1B_IW_SLC__1SDV_20200912T054753_20200912T054820_023338_02C52B_D4CB,2,57.5537666,7.40084486,16579.0,1448.0,1450.0,16569.0,1446.0,16588.0,28.05,ais/manual,True,True,9999.99,9999.99,HIGH
validation,SLC,cd4f6ff86f9f5991v,cd4f6ff86f9f5991v_057.28290622000000098524_008.99829934499999950503,S1B_IW_SLC__1SDV_20200912T054753_20200912T054820_023338_02C52B_D4CB,1,57.28290622,8.998299345,11047.0,143.0,152.0,11026.0,134.0,11069.0,118.7,ais/manual,True,False,9999.99,9999.99,HIGH
validation,SLC,cd4f6ff86f9f5991v,cd4f6ff86f9f5991v_057.81014683000000076163_009.35370109199999966165,S1B_IW_SLC__1SDV_20200912T054753_20200912T054820_023338_02C52B_D4CB,1,57.81014683,9.353701092,8983.0,4584.0,4586.0,8973.0,4582.0,8991.0,46.45,ais/manual,True,True,9999.99,9999.99,HIGH
validation,SLC,cd4f6ff86f9f5991v,cd4f6ff86f9f5991v_057.67424600999999739770_005.60368549000000015781,S1B_IW_SLC__1SDV_20200912T054753_20200912T054820_023338_02C52B_D4CB,3,57.67424601,5.60368549,24091.0,264.0,267.0,24080.0,262.0,24099.0,26.78968773,ais/manual,True,True,9999.99,9999.99,HIGH
validation,SLC,cd4f6ff86f9f5991v,cd4f6ff86f9f5991v_057.43961957999999867752_009.18053513599999959638,S1B_IW_SLC__1SDV_20200912T054753_20200912T054820_023338_02C52B_D4CB,1,57.43961958,9.180535136,9367.0,1530.0,1534.0,9358.0,1526.0,9377.0,22.5,ais/manual,True,True,9999.99,9999.99,HIGH
validation,SLC,cd4f6ff86f9f5991v,cd4f6ff86f9f5991v_057.82604701999999718964_009.77679319099999943887,S1B_IW_SLC__1SDV_20200912T054753_20200912T054820_023338_02C52B_D4CB,1,57.82604702,9.776793191,3506.0,5080.0,5083.0,3500.0,5078.0,3511.0,25.91,ais/manual,True,True,9999.99,9999.99,HIGH
validation,SLC,cd4f6ff86f9f5991v,cd4f6ff86f9f5991v_058.30341820999999669084_006.24765807400000028338,S1B_IW_SLC__1SDV_20200912T054753_20200912T054820_023338_02C52B_D4CB,3,58.30341821,6.247658073999999,16013.0,5694.0,5705.0,15995.0,5683.0,16031.0,20.86552891,ais/manual,True,False,2.0897309556399186,2.520157624471791,HIGH
validation,SLC,cd4f6ff86f9f5991v,cd4f6ff86f9f5991v_057.59877094000000141705_008.00393359899999978779,S1B_IW_SLC__1SDV_20200912T054753_20200912T054820_023338_02C52B_D4CB,2,57.59877094,8.003933599,7346.0,2273.0,2280.0,7328.0,2266.0,7361.0,35.1,ais/manual,True,True,9999.99,9999.99,HIGH
validation,SLC,cd4f6ff86f9f5991v,cd4f6ff86f9f5991v_058.07374114999999648035_009.75402298400000056233,S1B_IW_SLC__1SDV_20200912T054753_20200912T054820_023338_02C52B_D4CB,1,58.07374115,9.754022984,5096.0,6998.0,7000.0,5086.0,6996.0,5105.0,35.12,ais/manual,True,True,9999.99,9999.99,HIGH
validation,SLC,cd4f6ff86f9f5991v,cd4f6ff86f9f5991v_057.41034094999999837228_008.90757757299999930467,S1B_IW_SLC__1SDV_20200912T054753_20200912T054820_023338_02C52B_D4CB,1,57.41034095,8.907577573,12993.0,1065.0,1068.0,12975.0,1062.0,13009.0,64.23751457,ais/manual,True,False,9999.99,9999.99,HIGH
validation,SLC,cd4f6ff86f9f5991v,cd4f6ff86f9f5991v_058.00909604000000285851_005.80856608900000015439,S1B_IW_SLC__1SDV_20200912T054753_20200912T054820_023338_02C52B_D4CB,3,58.00909604,5.808566089,22163.0,3063.0,3069.0,22149.0,3058.0,22173.0,42.39241465,ais/manual,True,False,9999.99,9999.99,HIGH
validation,SLC,cd4f6ff86f9f5991v,cd4f6ff86f9f5991v_058.27842898000000104730_006.09708474900000041430,S1B_IW_SLC__1SDV_20200912T054753_20200912T054820_023338_02C52B_D4CB,3,58.27842898,6.097084749,18495.0,5395.0,5404.0,18476.0,5387.0,18513.0,57.30226462,ais/manual,True,False,7.935584629199179,8.267514773932243,HIGH
validation,SLC,cd4f6ff86f9f5991v,cd4f6ff86f9f5991v_057.50518850000000270484_008.64683323600000086628,S1B_IW_SLC__1SDV_20200912T054753_20200912T054820_023338_02C52B_D4CB,1,57.5051885,8.646833236,17217.0,1589.0,1595.0,17187.0,1582.0,17245.0,178.1121594,ais/manual,True,False,9999.99,9999.99,HIGH
validation,SLC,cd4f6ff86f9f5991v,cd4f6ff86f9f5991v_057.83299153000000103475_009.16262719400000058556,S1B_IW_SLC__1SDV_20200912T054753_20200912T054820_023338_02C52B_D4CB,1,57.83299153,9.162627194,11705.0,4598.0,4603.0,11697.0,4594.0,11712.0,23.61,ais/manual,True,True,9999.99,9999.99,HIGH
validation,SLC,cd4f6ff86f9f5991v,cd4f6ff86f9f5991v_058.04279294999999905258_006.52683388099999994836,S1B_IW_SLC__1SDV_20200912T054753_20200912T054820_023338_02C52B_D4CB,3,58.04279295,6.526833881,9835.0,3813.0,3824.0,9807.0,3802.0,9863.0,85.67164089,ais/manual,True,False,6.2801448219587765,6.663065037681026,HIGH
validation,SLC,cd4f6ff86f9f5991v,cd4f6ff86f9f5991v_057.76169737000000026228_008.74416480000000007067,S1B_IW_SLC__1SDV_20200912T054753_20200912T054820_023338_02C52B_D4CB,1,57.76169737,8.7441648,17199.0,3685.0,3691.0,17190.0,3680.0,17207.0,21.50291672,ais/manual,True,True,9999.99,9999.99,HIGH
validation,SLC,cd4f6ff86f9f5991v,cd4f6ff86f9f5991v_057.55412350000000287764_008.50649018300000037129,S1B_IW_SLC__1SDV_20200912T054753_20200912T054820_023338_02C52B_D4CB,1,57.5541235,8.506490183,19522.0,1857.0,1860.0,19513.0,1853.0,19532.0,71.06327542,ais/manual,True,False,9999.99,9999.99,HIGH
validation,SLC,cd4f6ff86f9f5991v,cd4f6ff86f9f5991v_058.14501482000000009975_005.86728298899999956006,S1B_IW_SLC__1SDV_20200912T054753_20200912T054820_023338_02C52B_D4CB,3,58.14501482,5.867282989,21831.0,4183.0,4187.0,21819.0,4180.0,21839.0,34.355,ais/manual,True,True,9999.99,9999.99,HIGH
validation,SLC,cd4f6ff86f9f5991v,cd4f6ff86f9f5991v_057.72090061000000105196_008.96336101900000059572,S1B_IW_SLC__1SDV_20200912T054753_20200912T054820_023338_02C52B_D4CB,1,57.72090061,8.963361019,13871.0,3549.0,3555.0,13847.0,3543.0,13893.0,162.89389930000004,ais/manual,True,False,9999.99,9999.99,HIGH
validation,SLC,cd4f6ff86f9f5991v,cd4f6ff86f9f5991v_057.86779136999999906266_006.15571564700000006809,S1B_IW_SLC__1SDV_20200912T054753_20200912T054820_023338_02C52B_D4CB,3,57.86779137,6.155715647,15305.0,2170.0,2173.0,15294.0,2166.0,15314.0,28.1,ais/manual,True,True,9999.99,9999.99,HIGH
validation,SLC,cd4f6ff86f9f5991v,cd4f6ff86f9f5991v_057.66984824000000031674_006.19388408699999981621,S1B_IW_SLC__1SDV_20200912T054753_20200912T054820_023338_02C52B_D4CB,3,57.66984824,6.193884087000001,13591.0,623.0,632.0,13572.0,614.0,13610.0,40.26,ais/manual,True,True,9999.99,9999.99,HIGH
validation,SLC,cd4f6ff86f9f5991v,cd4f6ff86f9f5991v_057.62536089999999688871_009.19518507999999989977,S1B_IW_SLC__1SDV_20200912T054753_20200912T054820_023338_02C52B_D4CB,1,57.6253609,9.19518508,10152.0,2998.0,3003.0,10129.0,2993.0,10175.0,146.955218,ais/manual,True,False,9999.99,9999.99,HIGH
validation,SLC,cd4f6ff86f9f5991v,cd4f6ff86f9f5991v_057.66932443000000318989_006.29774248899999999907,S1B_IW_SLC__1SDV_20200912T054753_20200912T054820_023338_02C52B_D4CB,3,57.66932443,6.297742489,11782.0,690.0,699.0,11757.0,680.0,11803.0,80.76601153,ais/manual,True,False,9999.99,9999.99,HIGH
validation,SLC,cd4f6ff86f9f5991v,cd4f6ff86f9f5991v_057.50298584000000090555_006.89733078400000021446,S1B_IW_SLC__1SDV_20200912T054753_20200912T054820_023338_02C52B_D4CB,2,57.50298584,6.897330783999998,24560.0,671.0,675.0,24538.0,666.0,24582.0,93.45697059,ais/manual,True,False,9999.99,9999.99,HIGH
validation,SLC,cd4f6ff86f9f5991v,cd4f6ff86f9f5991v_057.82931797999999901094_009.03632710299999963866,S1B_IW_SLC__1SDV_20200912T054753_20200912T054820_023338_02C52B_D4CB,1,57.82931798,9.036327103,13433.0,4462.0,4464.0,13425.0,4459.0,13439.0,22.94,ais/manual,True,True,9999.99,9999.99,HIGH
validation,SLC,cd4f6ff86f9f5991v,cd4f6ff86f9f5991v_057.67028918999999831385_007.07797533000000012038,S1B_IW_SLC__1SDV_20200912T054753_20200912T054820_023338_02C52B_D4CB,2,57.67028919,7.07797533,22469.0,2128.0,2130.0,22461.0,2126.0,22473.0,27.4,ais/manual,True,True,9999.99,9999.99,HIGH
validation,SLC,204e657a411faf4dv,204e657a411faf4dv_059.07345375999999959049_005.43975419599999998610,S1B_IW_SLC__1SDV_20200922T060415_20200922T060442_023484_02C9BF_EA4B,1,59.07345376,5.439754196,13004.0,11848.0,11851.0,12996.0,11846.0,13013.0,14.56525901,ais/manual,True,False,0.3316682391653264,0.7538279491468114,HIGH
validation,SLC,204e657a411faf4dv,204e657a411faf4dv_058.70323388999999991711_002.21202819099999992147,S1B_IW_SLC__1SDV_20200922T060415_20200922T060442_023484_02C9BF_EA4B,3,58.70323389,2.212028191,16708.0,6116.0,6119.0,16700.0,6113.0,16716.0,92.70367862,ais/manual,True,False,9999.99,9999.99,HIGH
validation,SLC,204e657a411faf4dv,204e657a411faf4dv_058.10486079999999731172_003.56876945299999981387,S1B_IW_SLC__1SDV_20200922T060415_20200922T060442_023484_02C9BF_EA4B,2,58.1048608,3.5687694530000003,15019.0,3204.0,3207.0,15012.0,3202.0,15025.0,23.09,ais/manual,True,True,9999.99,9999.99,HIGH
validation,SLC,204e657a411faf4dv,204e657a411faf4dv_058.01016698000000104685_004.73977975699999998227,S1B_IW_SLC__1SDV_20200922T060415_20200922T060442_023484_02C9BF_EA4B,1,58.01016698,4.739779757,16895.0,2919.0,2923.0,16883.0,2915.0,16907.0,34.355,ais/manual,True,True,9999.99,9999.99,HIGH
validation,SLC,204e657a411faf4dv,204e657a411faf4dv_058.83536300000000096588_002.55290435300000018159,S1B_IW_SLC__1SDV_20200922T060415_20200922T060442_023484_02C9BF_EA4B,3,58.835363,2.552904353,11635.0,7393.0,7401.0,11609.0,7384.0,11661.0,74.68158336,ais/manual,True,False,9999.99,9999.99,HIGH
validation,SLC,204e657a411faf4dv,204e657a411faf4dv_058.36969421999999951822_001.92167385500000009735,S1B_IW_SLC__1SDV_20200922T060415_20200922T060442_023484_02C9BF_EA4B,3,58.36969422,1.921673855,19973.0,3273.0,3280.0,19959.0,3266.0,19984.0,34.27408799,ais/manual,True,False,9999.99,9999.99,HIGH
validation,SLC,204e657a411faf4dv,204e657a411faf4dv_058.62498286999999663749_001.85113701100000005439,S1B_IW_SLC__1SDV_20200922T060415_20200922T060442_023484_02C9BF_EA4B,3,58.62498287,1.851137011,22542.0,5259.0,5263.0,22531.0,5255.0,22551.0,32.78983482,ais/manual,True,True,9999.99,9999.99,HIGH
validation,SLC,204e657a411faf4dv,204e657a411faf4dv_058.50224499000000122351_005.75722454100000025079,S1B_IW_SLC__1SDV_20200922T060415_20200922T060442_023484_02C9BF_EA4B,1,58.50224499,5.757224541,5767.0,7644.0,7647.0,5759.0,7641.0,5775.0,12.99,ais/manual,True,True,1.536775963641652,1.745337876993072,HIGH
validation,SLC,204e657a411faf4dv,204e657a411faf4dv_058.97405110999999777732_004.21371826000000027079,S1B_IW_SLC__1SDV_20200922T060415_20200922T060442_023484_02C9BF_EA4B,2,58.97405111,4.21371826,9898.0,10556.0,10564.0,9886.0,10548.0,9911.0,169.04,ais/manual,True,False,9999.99,9999.99,HIGH
validation,SLC,204e657a411faf4dv,204e657a411faf4dv_058.51211151999999771078_004.62756504399999979427,S1B_IW_SLC__1SDV_20200922T060415_20200922T060442_023484_02C9BF_EA4B,1,58.51211152,4.627565044,21231.0,6773.0,6776.0,21217.0,6770.0,21243.0,86.8,ais/manual,True,True,9999.99,9999.99,HIGH
validation,SLC,204e657a411faf4dv,204e657a411faf4dv_058.11248161000000322929_005.67423967399999984451,S1B_IW_SLC__1SDV_20200922T060415_20200922T060442_023484_02C9BF_EA4B,1,58.11248161,5.674239674,4776.0,4522.0,4524.0,4766.0,4520.0,4786.0,26.5,ais/manual,True,True,9999.99,9999.99,HIGH
validation,SLC,204e657a411faf4dv,204e657a411faf4dv_059.10726542999999821859_004.04660070100000002213,S1B_IW_SLC__1SDV_20200922T060415_20200922T060442_023484_02C9BF_EA4B,2,59.10726543,4.046600701,13145.0,11480.0,11495.0,13123.0,11465.0,13165.0,222.7736018,ais/manual,True,False,9999.99,9999.99,HIGH
validation,SLC,204e657a411faf4dv,204e657a411faf4dv_058.51959072999999733611_005.72766904700000001327,S1B_IW_SLC__1SDV_20200922T060415_20200922T060442_023484_02C9BF_EA4B,1,58.51959073,5.727669047000001,6239.0,7754.0,7759.0,6230.0,7750.0,6248.0,12.52,ais/manual,True,True,1.558466210319282,1.7344427851321134,HIGH
validation,SLC,204e657a411faf4dv,204e657a411faf4dv_058.01916229999999785605_003.45975201700000001281,S1B_IW_SLC__1SDV_20200922T060415_20200922T060442_023484_02C9BF_EA4B,2,58.01916230000001,3.459752017,16273.0,2445.0,2449.0,16260.0,2441.0,16284.0,24.85,ais/manual,True,True,9999.99,9999.99,HIGH
validation,SLC,204e657a411faf4dv,204e657a411faf4dv_058.78585989999999839029_002.16863881399999991473,S1B_IW_SLC__1SDV_20200922T060415_20200922T060442_023484_02C9BF_EA4B,3,58.78585989999999,2.168638814,17889.0,6744.0,6751.0,17873.0,6738.0,17901.0,27.4,ais/manual,True,True,9999.99,9999.99,HIGH
validation,SLC,204e657a411faf4dv,204e657a411faf4dv_058.58415947999999673357_001.74084360000000004653,S1B_IW_SLC__1SDV_20200922T060415_20200922T060442_023484_02C9BF_EA4B,3,58.58415948,1.7408436,24264.0,4864.0,4872.0,24208.0,4855.0,24320.0,229.6317437,ais/manual,True,False,9999.99,9999.99,HIGH
validation,SLC,204e657a411faf4dv,204e657a411faf4dv_059.00643575000000140562_003.54439915400000016277,S1B_IW_SLC__1SDV_20200922T060415_20200922T060442_023484_02C9BF_EA4B,2,59.00643575,3.544399154,20335.0,10312.0,10318.0,20321.0,10307.0,20347.0,40.305,ais/manual,True,True,9999.99,9999.99,HIGH
validation,SLC,204e657a411faf4dv,204e657a411faf4dv_057.97838846999999873333_005.82866142600000003426,S1B_IW_SLC__1SDV_20200922T060415_20200922T060442_023484_02C9BF_EA4B,1,57.97838847,5.828661426,2108.0,3610.0,3613.0,2100.0,3608.0,2113.0,27.4,ais/manual,True,True,9999.99,9999.99,HIGH
validation,SLC,204e657a411faf4dv,204e657a411faf4dv_058.51160183999999730986_002.71458941700000000452,S1B_IW_SLC__1SDV_20200922T060415_20200922T060442_023484_02C9BF_EA4B,3,58.51160184,2.714589417,7194.0,4934.0,4939.0,7177.0,4928.0,7212.0,76.25,ais/manual,True,True,9999.99,9999.99,HIGH
validation,SLC,204e657a411faf4dv,204e657a411faf4dv_058.51336265999999852738_005.73319602299999964146,S1B_IW_SLC__1SDV_20200922T060415_20200922T060442_023484_02C9BF_EA4B,1,58.51336266,5.733196023,6135.0,7710.0,7715.0,6126.0,7706.0,6144.0,14.98,ais/manual,True,True,2.232175131985888,2.4279202702063443,HIGH
validation,SLC,204e657a411faf4dv,204e657a411faf4dv_058.56778573999999792932_003.88553017000000000536,S1B_IW_SLC__1SDV_20200922T060415_20200922T060442_023484_02C9BF_EA4B,2,58.56778574,3.88553017,12632.0,7100.0,7109.0,12613.0,7091.0,12648.0,64.0,ais/manual,True,True,9999.99,9999.99,HIGH
validation,SLC,204e657a411faf4dv,204e657a411faf4dv_059.19363837000000216904_002.38509093799999982721,S1B_IW_SLC__1SDV_20200922T060415_20200922T060442_023484_02C9BF_EA4B,3,59.19363837,2.3850909380000003,16368.0,10128.0,10135.0,16352.0,10122.0,16381.0,70.20406955,ais/manual,True,False,9999.99,9999.99,HIGH
validation,SLC,204e657a411faf4dv,204e657a411faf4dv_058.51489504999999979873_005.73297177600000029685,S1B_IW_SLC__1SDV_20200922T060415_20200922T060442_023484_02C9BF_EA4B,1,58.51489505,5.732971776,6146.0,7722.0,7726.0,6139.0,7718.0,6152.0,12.13,ais/manual,True,True,2.1103821698956,2.2772685076702257,HIGH
validation,SLC,204e657a411faf4dv,204e657a411faf4dv_058.66197368000000267330_003.73311915499999980028,S1B_IW_SLC__1SDV_20200922T060415_20200922T060442_023484_02C9BF_EA4B,2,58.66197368,3.733119155,15500.0,7729.0,7731.0,15488.0,7726.0,15512.0,53.0,ais/manual,True,True,9999.99,9999.99,HIGH
validation,SLC,204e657a411faf4dv,204e657a411faf4dv_058.23139126000000231898_004.60600329399999974811,S1B_IW_SLC__1SDV_20200922T060415_20200922T060442_023484_02C9BF_EA4B,1,58.23139126,4.606003294,20011.0,4548.0,4550.0,19994.0,4545.0,20024.0,68.3,ais/manual,True,True,9999.99,9999.99,HIGH
validation,SLC,204e657a411faf4dv,204e657a411faf4dv_058.70536766000000028498_003.88798397100000014959,S1B_IW_SLC__1SDV_20200922T060415_20200922T060442_023484_02C9BF_EA4B,2,58.70536766,3.887983971,13349.0,8188.0,8190.0,13341.0,8186.0,13356.0,29.95,ais/manual,True,True,9999.99,9999.99,HIGH
validation,SLC,204e657a411faf4dv,204e657a411faf4dv_059.06769821000000320055_003.56228565599999980051,S1B_IW_SLC__1SDV_20200922T060415_20200922T060442_023484_02C9BF_EA4B,2,59.06769821,3.562285656,20391.0,10810.0,10818.0,20375.0,10802.0,20404.0,42.9,ais/manual,True,True,9999.99,9999.99,HIGH
validation,SLC,204e657a411faf4dv,204e657a411faf4dv_058.66796553999999730422_003.78324304099999997320,S1B_IW_SLC__1SDV_20200922T060415_20200922T060442_023484_02C9BF_EA4B,2,58.66796554,3.783243041,14756.0,7814.0,7816.0,14744.0,7811.0,14769.0,62.6,ais/manual,True,True,9999.99,9999.99,HIGH
validation,SLC,204e657a411faf4dv,204e657a411faf4dv_058.51407393000000212169_002.84759489300000012690,S1B_IW_SLC__1SDV_20200922T060415_20200922T060442_023484_02C9BF_EA4B,3,58.51407393,2.847594893,5002.0,5046.0,5049.0,4992.0,5043.0,5010.0,18.9,ais/manual,True,True,9999.99,9999.99,HIGH
validation,SLC,204e657a411faf4dv,204e657a411faf4dv_058.76021340999999864607_002.68126680300000019841,S1B_IW_SLC__1SDV_20200922T060415_20200922T060442_023484_02C9BF_EA4B,3,58.76021341,2.681266803,9087.0,6883.0,6887.0,9074.0,6880.0,9101.0,76.94741863,ais/manual,True,False,9999.99,9999.99,HIGH
validation,SLC,204e657a411faf4dv,204e657a411faf4dv_058.22828181999999941354_004.51492716200000021587,S1B_IW_SLC__1SDV_20200922T060415_20200922T060442_023484_02C9BF_EA4B,1,58.22828182,4.514927162,21312.0,4449.0,4456.0,21298.0,4443.0,21324.0,49.975,ais/manual,True,True,9999.99,9999.99,HIGH
validation,SLC,204e657a411faf4dv,204e657a411faf4dv_058.21875053000000121983_005.72276334599999980668,S1B_IW_SLC__1SDV_20200922T060415_20200922T060442_023484_02C9BF_EA4B,1,58.21875053,5.722763346,4712.0,5396.0,5403.0,4697.0,5388.0,4726.0,83.72418935,ais/manual,True,False,9999.99,9999.99,HIGH
validation,SLC,204e657a411faf4dv,204e657a411faf4dv_058.73210448999999755415_001.87800884700000003669,S1B_IW_SLC__1SDV_20200922T060415_20200922T060442_023484_02C9BF_EA4B,3,58.73210449,1.878008847,22632.0,6129.0,6132.0,22625.0,6127.0,22640.0,28.5,ais/manual,True,True,9999.99,9999.99,HIGH
validation,SLC,204e657a411faf4dv,204e657a411faf4dv_058.44406689000000199030_004.44366619499999959686,S1B_IW_SLC__1SDV_20200922T060415_20200922T060442_023484_02C9BF_EA4B,2,58.44406689,4.443666195,3584.0,6560.0,6563.0,3567.0,6557.0,3600.0,84.47985152,ais/manual,True,False,9999.99,9999.99,HIGH
validation,SLC,204e657a411faf4dv,204e657a411faf4dv_058.02174887000000325088_005.19887456000000014456,S1B_IW_SLC__1SDV_20200922T060415_20200922T060442_023484_02C9BF_EA4B,1,58.02174887,5.19887456,10580.0,3398.0,3408.0,10560.0,3386.0,10599.0,205.1058571,ais/manual,True,False,9999.99,9999.99,HIGH
validation,SLC,204e657a411faf4dv,204e657a411faf4dv_058.92475257000000254948_003.55544446800000013553,S1B_IW_SLC__1SDV_20200922T060415_20200922T060442_023484_02C9BF_EA4B,2,58.92475257,3.555444468,19714.0,9674.0,9678.0,19704.0,9671.0,19722.0,38.7,ais/manual,True,True,9999.99,9999.99,HIGH
validation,SLC,204e657a411faf4dv,204e657a411faf4dv_058.97365890999999749056_005.33630058700000020622,S1B_IW_SLC__1SDV_20200922T060415_20200922T060442_023484_02C9BF_EA4B,1,58.97365891,5.336300587,13853.0,10979.0,10987.0,13840.0,10972.0,13864.0,65.0,ais/manual,True,True,4.160324551755239,6.350196790207016,HIGH
validation,SLC,204e657a411faf4dv,204e657a411faf4dv_057.78039653999999814005_004.57163222500000010484,S1B_IW_SLC__1SDV_20200922T060415_20200922T060442_023484_02C9BF_EA4B,1,57.78039654,4.571632225,18060.0,974.0,978.0,18048.0,970.0,18070.0,30.75,ais/manual,True,True,9999.99,9999.99,HIGH
validation,SLC,204e657a411faf4dv,204e657a411faf4dv_058.21558703000000178918_005.55411118900000033705,S1B_IW_SLC__1SDV_20200922T060415_20200922T060442_023484_02C9BF_EA4B,1,58.21558703,5.554111189,6880.0,5223.0,5228.0,6863.0,5218.0,6893.0,98.15176287,ais/manual,True,False,9999.99,9999.99,HIGH
validation,SLC,204e657a411faf4dv,204e657a411faf4dv_059.06307368000000224129_005.54962162999999986113,S1B_IW_SLC__1SDV_20200922T060415_20200922T060442_023484_02C9BF_EA4B,1,59.06307368,5.54962163,11485.0,11859.0,11862.0,11474.0,11856.0,11496.0,16.29239846,ais/manual,True,True,2.681699396129185,2.8935886309776904,HIGH
validation,SLC,204e657a411faf4dv,204e657a411faf4dv_059.09101509999999990441_005.54052142100000022396,S1B_IW_SLC__1SDV_20200922T060415_20200922T060442_023484_02C9BF_EA4B,1,59.09101510000001,5.540521421,11757.0,12070.0,12073.0,11747.0,12068.0,11768.0,63.48040007,ais/manual,True,False,1.2232286780525248,1.578206263934692,HIGH
validation,SLC,204e657a411faf4dv,204e657a411faf4dv_058.27071973000000326692_005.07514092999999988365,S1B_IW_SLC__1SDV_20200922T060415_20200922T060442_023484_02C9BF_EA4B,1,58.27071973,5.07514093,13608.0,5245.0,5257.0,13590.0,5234.0,13626.0,79.68015427,ais/manual,True,False,9999.99,9999.99,HIGH
validation,SLC,204e657a411faf4dv,204e657a411faf4dv_058.12557652999999646681_005.67114486100000014801,S1B_IW_SLC__1SDV_20200922T060415_20200922T060442_023484_02C9BF_EA4B,1,58.12557653,5.671144861,4885.0,4621.0,4625.0,4867.0,4617.0,4900.0,127.4561428,ais/manual,True,False,9999.99,9999.99,HIGH
validation,SLC,204e657a411faf4dv,204e657a411faf4dv_057.83191869000000195911_005.65324321000000029613,S1B_IW_SLC__1SDV_20200922T060415_20200922T060442_023484_02C9BF_EA4B,1,57.83191869,5.65324321,3577.0,2309.0,2312.0,3568.0,2304.0,3585.0,33.75,ais/manual,True,True,9999.99,9999.99,HIGH
validation,SLC,204e657a411faf4dv,204e657a411faf4dv_058.56034721000000331514_005.13127534900000004114,S1B_IW_SLC__1SDV_20200922T060415_20200922T060442_023484_02C9BF_EA4B,1,58.56034721,5.131275349,14402.0,7565.0,7579.0,14375.0,7551.0,14429.0,75.23139136,ais/manual,True,False,9999.99,9999.99,HIGH
validation,SLC,c5ea6da5405bfac0v,c5ea6da5405bfac0v_057.22375396999999708214_008.88662655699999959324,S1B_IW_SLC__1SDV_20200929T170920_20200929T170947_023593_02CD35_0989,2,57.22375397,8.886626557,23044.0,3466.0,3468.0,23037.0,3463.0,23053.0,15.56502826,ais/manual,True,True,8.981856304250499,8.536566128304115,HIGH
validation,SLC,c5ea6da5405bfac0v,c5ea6da5405bfac0v_057.15564619999999962374_008.64036349600000086468,S1B_IW_SLC__1SDV_20200929T170920_20200929T170947_023593_02CD35_0989,2,57.15564620000001,8.640363496,18580.0,3820.0,3823.0,18573.0,3818.0,18587.0,24.34582526,ais/manual,True,True,3.484617660402784,3.4182459753873284,HIGH
validation,SLC,c5ea6da5405bfac0v,c5ea6da5405bfac0v_057.24662897000000327807_008.85540234900000022833,S1B_IW_SLC__1SDV_20200929T170920_20200929T170947_023593_02CD35_0989,2,57.24662897,8.855402349,22644.0,3262.0,3267.0,22632.0,3256.0,22658.0,17.24,ais/manual,True,True,9999.99,9999.99,HIGH
validation,SLC,c5ea6da5405bfac0v,c5ea6da5405bfac0v_057.46660375999999814667_008.78035015700000087691,S1B_IW_SLC__1SDV_20200929T170920_20200929T170947_023593_02CD35_0989,2,57.46660376,8.780350157,22579.0,1465.0,1467.0,22559.0,1463.0,22599.0,73.42411677,ais/manual,True,False,9999.99,9999.99,HIGH
validation,SLC,c5ea6da5405bfac0v,c5ea6da5405bfac0v_057.22314150999999782243_008.90650132000000027688,S1B_IW_SLC__1SDV_20200929T170920_20200929T170947_023593_02CD35_0989,2,57.22314151,8.90650132,23374.0,3485.0,3488.0,23366.0,3482.0,23384.0,15.261088399999998,ais/manual,True,True,8.357810849681341,7.926342922410084,HIGH
validation,SLC,c5ea6da5405bfac0v,c5ea6da5405bfac0v_057.19086332999999910953_008.48613908599999966498,S1B_IW_SLC__1SDV_20200929T170920_20200929T170947_023593_02CD35_0989,2,57.19086333,8.486139086,16243.0,3425.0,3428.0,16228.0,3422.0,16258.0,89.73641712,ais/manual,True,False,9.864447042437863,9999.99,HIGH
validation,SLC,c5ea6da5405bfac0v,c5ea6da5405bfac0v_056.22807798000000190086_007.58952979599999988380,S1B_IW_SLC__1SDV_20200929T170920_20200929T170947_023593_02CD35_0989,1,56.22807798,7.589529796,16888.0,9817.0,9823.0,16878.0,9812.0,16899.0,17.01,ais/manual,True,True,9999.99,9999.99,HIGH
validation,SLC,c5ea6da5405bfac0v,c5ea6da5405bfac0v_056.08606298000000123238_007.99955242099999974670,S1B_IW_SLC__1SDV_20200929T170920_20200929T170947_023593_02CD35_0989,2,56.08606298,7.9995524210000015,2513.0,11749.0,11757.0,2501.0,11742.0,2527.0,77.45,ais/manual,True,False,6.2901148001593,6.037115543602891,HIGH
validation,SLC,c5ea6da5405bfac0v,c5ea6da5405bfac0v_056.93713890000000077407_007.84786504000000029180,S1B_IW_SLC__1SDV_20200929T170920_20200929T170947_023593_02CD35_0989,2,56.9371389,7.84786504,4732.0,4924.0,4930.0,4723.0,4918.0,4743.0,21.34,ais/manual,True,True,9999.99,9999.99,HIGH
validation,SLC,c5ea6da5405bfac0v,c5ea6da5405bfac0v_057.29171715999999747737_008.99094423100000028626,S1B_IW_SLC__1SDV_20200929T170920_20200929T170947_023593_02CD35_0989,3,57.29171716,8.990944231,1352.0,2132.0,2137.0,1335.0,2128.0,1371.0,57.93612303,ais/manual,True,False,9999.99,9999.99,HIGH
validation,SLC,c5ea6da5405bfac0v,c5ea6da5405bfac0v_057.18756584999999859065_008.28896609599999933948,S1B_IW_SLC__1SDV_20200929T170920_20200929T170947_023593_02CD35_0989,2,57.18756585,8.288966096000001,13037.0,3299.0,3301.0,13033.0,3297.0,13043.0,20.26144935,ais/manual,True,True,9999.99,9999.99,HIGH
validation,SLC,c5ea6da5405bfac0v,c5ea6da5405bfac0v_057.63472749000000305841_010.06038906000000032748,S1B_IW_SLC__1SDV_20200929T170920_20200929T170947_023593_02CD35_0989,3,57.63472749,10.06038906,21840.0,149.0,152.0,21832.0,146.0,21851.0,13.57487645,ais/manual,True,True,4.8033997466672655,4.48657111290934,HIGH
validation,SLC,c5ea6da5405bfac0v,c5ea6da5405bfac0v_057.23365955999999954429_008.91757355600000067852,S1B_IW_SLC__1SDV_20200929T170920_20200929T170947_023593_02CD35_0989,2,57.23365956,8.917573556,23617.0,3410.0,3414.0,23606.0,3406.0,23627.0,20.05,ais/manual,True,True,9.148380161908864,8.780694961324757,HIGH
validation,SLC,c5ea6da5405bfac0v,c5ea6da5405bfac0v_056.52775167000000067219_007.99769515200000036259,S1B_IW_SLC__1SDV_20200929T170920_20200929T170947_023593_02CD35_0989,2,56.52775167,7.997695152,4855.0,8270.0,8283.0,4834.0,8257.0,4877.0,79.0,ais/manual,True,False,7.251258367316382,7.031443476126642,HIGH
validation,SLC,c5ea6da5405bfac0v,c5ea6da5405bfac0v_057.41133712999999971771_007.90076856499999991001,S1B_IW_SLC__1SDV_20200929T170920_20200929T170947_023593_02CD35_0989,2,57.41133713,7.900768565,8120.0,1229.0,1232.0,8111.0,1227.0,8129.0,29.95,ais/manual,True,True,9999.99,9999.99,HIGH
validation,SLC,c5ea6da5405bfac0v,c5ea6da5405bfac0v_056.40583541000000167287_007.18379168199999984523,S1B_IW_SLC__1SDV_20200929T170920_20200929T170947_023593_02CD35_0989,1,56.40583541,7.183791682000001,11858.0,8072.0,8080.0,11837.0,8065.0,11878.0,147.8560814,ais/manual,True,False,9999.99,9999.99,HIGH
validation,SLC,c5ea6da5405bfac0v,c5ea6da5405bfac0v_057.21479664000000298074_008.77307287100000010582,S1B_IW_SLC__1SDV_20200929T170920_20200929T170947_023593_02CD35_0989,2,57.21479664,8.773072871,21098.0,3452.0,3453.0,21095.0,3451.0,21104.0,16.52157197,ais/manual,True,True,9999.99,9999.99,HIGH
validation,SLC,c5ea6da5405bfac0v,c5ea6da5405bfac0v_056.88224403000000251041_008.16398333699999945168,S1B_IW_SLC__1SDV_20200929T170920_20200929T170947_023593_02CD35_0989,2,56.88224403,8.163983337000001,9388.0,5610.0,5614.0,9378.0,5606.0,9398.0,40.26,ais/manual,True,True,7.082452082287445,6.631042466682951,HIGH
validation,SLC,c5ea6da5405bfac0v,c5ea6da5405bfac0v_057.01409020999999910373_007.87266038899999998080,S1B_IW_SLC__1SDV_20200929T170920_20200929T170947_023593_02CD35_0989,2,57.01409021,7.872660389,5531.0,4337.0,4341.0,5524.0,4334.0,5538.0,23.88,ais/manual,True,True,9999.99,9999.99,HIGH
validation,SLC,c5ea6da5405bfac0v,c5ea6da5405bfac0v_056.76782217000000230200_007.88185227900000029422,S1B_IW_SLC__1SDV_20200929T170920_20200929T170947_023593_02CD35_0989,2,56.76782217,7.8818522789999985,4344.0,6285.0,6291.0,4326.0,6279.0,4365.0,102.0201422,ais/manual,True,False,9999.99,9999.99,HIGH
validation,SLC,c5ea6da5405bfac0v,c5ea6da5405bfac0v_056.89681663999999727821_007.98454903100000024097,S1B_IW_SLC__1SDV_20200929T170920_20200929T170947_023593_02CD35_0989,2,56.89681664,7.984549031,6639.0,5352.0,5354.0,6633.0,5349.0,6648.0,104.2079627,ais/manual,True,False,9999.99,9999.99,HIGH
validation,SLC,c5ea6da5405bfac0v,c5ea6da5405bfac0v_057.52563391000000336817_009.47578699099999965938,S1B_IW_SLC__1SDV_20200929T170920_20200929T170947_023593_02CD35_0989,3,57.52563391,9.475786991,10920.0,623.0,625.0,10910.0,620.0,10933.0,22.5,ais/manual,True,True,9999.99,9999.99,HIGH
validation,SLC,c5ea6da5405bfac0v,c5ea6da5405bfac0v_056.13593302999999679059_006.81993638700000026631,S1B_IW_SLC__1SDV_20200929T170920_20200929T170947_023593_02CD35_0989,1,56.13593303,6.819936387,5316.0,9865.0,9876.0,5295.0,9855.0,5337.0,140.0596697,ais/manual,True,False,9999.99,9999.99,HIGH
validation,SLC,c5ea6da5405bfac0v,c5ea6da5405bfac0v_057.42118708999999654452_007.68200451500000003335,S1B_IW_SLC__1SDV_20200929T170920_20200929T170947_023593_02CD35_0989,2,57.42118709,7.682004515,4805.0,977.0,981.0,4795.0,974.0,4814.0,23.93,ais/manual,True,True,9999.99,9999.99,HIGH
validation,SLC,c5ea6da5405bfac0v,c5ea6da5405bfac0v_056.94960902999999774465_008.27689776100000074166,S1B_IW_SLC__1SDV_20200929T170920_20200929T170947_023593_02CD35_0989,2,56.94960903,8.276897761,11554.0,5168.0,5173.0,11546.0,5162.0,11563.0,15.93177041,ais/manual,True,True,4.099162728285594,3.7229756957191023,HIGH
validation,SLC,c5ea6da5405bfac0v,c5ea6da5405bfac0v_056.92163983999999743446_008.25657577499999995041,S1B_IW_SLC__1SDV_20200929T170920_20200929T170947_023593_02CD35_0989,2,56.92163984,8.256575775,11078.0,5372.0,5374.0,11074.0,5371.0,11084.0,12.5,ais/manual,True,True,3.821763340467941,3.338031694086224,HIGH
validation,SLC,c5ea6da5405bfac0v,c5ea6da5405bfac0v_057.16414521000000092954_008.59911010399999931053,S1B_IW_SLC__1SDV_20200929T170920_20200929T170947_023593_02CD35_0989,2,57.16414521,8.599110104,17947.0,3722.0,3724.0,17940.0,3720.0,17954.0,16.25,ais/manual,True,True,4.36227026604701,4.286554321123996,HIGH
validation,SLC,c5ea6da5405bfac0v,c5ea6da5405bfac0v_057.18186139000000167698_007.59987535199999975077,S1B_IW_SLC__1SDV_20200929T170920_20200929T170947_023593_02CD35_0989,2,57.18186139,7.599875352000001,2261.0,2795.0,2802.0,2235.0,2788.0,2287.0,144.321133,ais/manual,True,False,9999.99,9999.99,HIGH
validation,SLC,c5ea6da5405bfac0v,c5ea6da5405bfac0v_056.43115058000000061611_007.25718719300000003614,S1B_IW_SLC__1SDV_20200929T170920_20200929T170947_023593_02CD35_0989,1,56.43115058,7.257187192999999,13054.0,7937.0,7946.0,13042.0,7929.0,13068.0,40.76961136,ais/manual,True,True,9999.99,9999.99,HIGH
validation,SLC,c5ea6da5405bfac0v,c5ea6da5405bfac0v_055.90493335000000030277_006.92778981900000001559,S1B_IW_SLC__1SDV_20200929T170920_20200929T170947_023593_02CD35_0989,1,55.90493335,6.927789819,5616.0,11772.0,11775.0,5603.0,11768.0,5631.0,30.4812213,ais/manual,True,False,9999.99,9999.99,HIGH
validation,SLC,c5ea6da5405bfac0v,c5ea6da5405bfac0v_056.13969502999999861004_007.53096741900000044012,S1B_IW_SLC__1SDV_20200929T170920_20200929T170947_023593_02CD35_0989,1,56.13969503,7.530967418999999,15542.0,10462.0,10464.0,15539.0,10459.0,15548.0,40.41896264,ais/manual,True,False,9999.99,9999.99,HIGH
validation,SLC,c5ea6da5405bfac0v,c5ea6da5405bfac0v_057.17499944000000056121_008.09519470799999929511,S1B_IW_SLC__1SDV_20200929T170920_20200929T170947_023593_02CD35_0989,2,57.17499944,8.095194708,9884.0,3247.0,3248.0,9878.0,3245.0,9890.0,37.89,ais/manual,True,True,9999.99,9999.99,HIGH
validation,SLC,c5ea6da5405bfac0v,c5ea6da5405bfac0v_056.07024621000000053073_007.73490212300000035128,S1B_IW_SLC__1SDV_20200929T170920_20200929T170947_023593_02CD35_0989,1,56.07024621,7.734902122999999,18246.0,11181.0,11188.0,18235.0,11175.0,18259.0,32.10252861,ais/manual,True,True,9999.99,9999.99,HIGH
validation,SLC,c5ea6da5405bfac0v,c5ea6da5405bfac0v_056.64498418000000157235_007.52622060100000034311,S1B_IW_SLC__1SDV_20200929T170920_20200929T170947_023593_02CD35_0989,1,56.64498418,7.526220601,18164.0,6487.0,6490.0,18155.0,6484.0,18173.0,21.79,ais/manual,True,True,9999.99,9999.99,HIGH
validation,SLC,c5ea6da5405bfac0v,c5ea6da5405bfac0v_057.15614047999999769445_007.32639588299999999776,S1B_IW_SLC__1SDV_20200929T170920_20200929T170947_023593_02CD35_0989,1,57.15614048,7.326395882999999,17936.0,2301.0,2303.0,17928.0,2299.0,17944.0,32.12,ais/manual,True,True,9999.99,9999.99,HIGH
validation,SLC,c5ea6da5405bfac0v,c5ea6da5405bfac0v_057.26407114999999947713_007.87780134700000012060,S1B_IW_SLC__1SDV_20200929T170920_20200929T170947_023593_02CD35_0989,2,57.26407115,7.877801347,6964.0,2372.0,2378.0,6953.0,2366.0,6975.0,37.88,ais/manual,True,True,9999.99,9999.99,HIGH
validation,SLC,c5ea6da5405bfac0v,c5ea6da5405bfac0v_057.25043416999999834616_008.27051944799999994018,S1B_IW_SLC__1SDV_20200929T170920_20200929T170947_023593_02CD35_0989,2,57.25043417,8.270519448,13082.0,2788.0,2793.0,13061.0,2783.0,13103.0,137.62072080000002,ais/manual,True,False,9999.99,9999.99,HIGH
validation,SLC,c5ea6da5405bfac0v,c5ea6da5405bfac0v_057.29797425000000288264_006.08010259400000041552,S1B_IW_SLC__1SDV_20200929T170920_20200929T170947_023593_02CD35_0989,1,57.29797425,6.080102594,1458.0,106.0,106.0,1456.0,105.0,1461.0,21.2,ais/manual,True,True,9999.99,9999.99,HIGH
validation,SLC,c5ea6da5405bfac0v,c5ea6da5405bfac0v_056.54576619000000192727_007.62637192299999977507,S1B_IW_SLC__1SDV_20200929T170920_20200929T170947_023593_02CD35_0989,1,56.54576619,7.626371923,19139.0,7351.0,7353.0,19133.0,7349.0,19145.0,22.0,ais/manual,True,True,9999.99,9999.99,HIGH
validation,SLC,c5ea6da5405bfac0v,c5ea6da5405bfac0v_056.72613831000000317317_007.39670783199999970492,S1B_IW_SLC__1SDV_20200929T170920_20200929T170947_023593_02CD35_0989,1,56.72613831,7.396707832000001,16670.0,5740.0,5745.0,16657.0,5734.0,16683.0,59.83471927,ais/manual,True,False,9999.99,9999.99,HIGH
validation,SLC,c5ea6da5405bfac0v,c5ea6da5405bfac0v_056.87009488999999717862_006.93835326900000026740,S1B_IW_SLC__1SDV_20200929T170920_20200929T170947_023593_02CD35_0989,1,56.87009489,6.938353268999999,10807.0,4217.0,4220.0,10792.0,4213.0,10825.0,91.72074896,ais/manual,True,False,9999.99,9999.99,HIGH
validation,SLC,c5ea6da5405bfac0v,c5ea6da5405bfac0v_057.18989473999999972875_008.76313256999999978802,S1B_IW_SLC__1SDV_20200929T170920_20200929T170947_023593_02CD35_0989,2,57.18989474,8.76313257,20798.0,3642.0,3643.0,20794.0,3640.0,20804.0,9.99,ais/manual,True,True,9.719541913107744,9.308665115181906,HIGH
validation,SLC,c5ea6da5405bfac0v,c5ea6da5405bfac0v_056.19420149999999836155_007.04197285900000036207,S1B_IW_SLC__1SDV_20200929T170920_20200929T170947_023593_02CD35_0989,1,56.1942015,7.041972859,8720.0,9607.0,9611.0,8709.0,9604.0,8731.0,46.37581122,ais/manual,True,False,9999.99,9999.99,HIGH
validation,SLC,c5ea6da5405bfac0v,c5ea6da5405bfac0v_057.54701122000000168555_009.83862604599999990285,S1B_IW_SLC__1SDV_20200929T170920_20200929T170947_023593_02CD35_0989,3,57.54701122,9.838626046,17416.0,700.0,704.0,17407.0,696.0,17427.0,13.48591903,ais/manual,True,True,3.238340581687811,2.700193160564647,HIGH
validation,SLC,c5ea6da5405bfac0v,c5ea6da5405bfac0v_057.24888659999999873662_007.95035762000000012506,S1B_IW_SLC__1SDV_20200929T170920_20200929T170947_023593_02CD35_0989,2,57.24888660000001,7.95035762,8011.0,2549.0,2555.0,8002.0,2545.0,8021.0,38.31,ais/manual,True,True,9999.99,9999.99,HIGH
validation,SLC,c5ea6da5405bfac0v,c5ea6da5405bfac0v_057.45388303000000007614_009.12955609900000020218,S1B_IW_SLC__1SDV_20200929T170920_20200929T170947_023593_02CD35_0989,3,57.45388303,9.129556099,4575.0,948.0,949.0,4565.0,946.0,4584.0,40.2,ais/manual,True,True,9999.99,9999.99,HIGH
validation,SLC,c5ea6da5405bfac0v,c5ea6da5405bfac0v_057.44049230000000250129_007.78843740800000006175,S1B_IW_SLC__1SDV_20200929T170920_20200929T170947_023593_02CD35_0989,2,57.4404923,7.788437407999999,6540.0,910.0,914.0,6533.0,906.0,6548.0,37.05,ais/manual,True,True,9999.99,9999.99,HIGH
validation,SLC,c5ea6da5405bfac0v,c5ea6da5405bfac0v_057.10045877000000302814_008.06185202600000039297,S1B_IW_SLC__1SDV_20200929T170920_20200929T170947_023593_02CD35_0989,2,57.10045877,8.061852026,8954.0,3808.0,3815.0,8935.0,3802.0,8976.0,136.652879,ais/manual,True,False,9999.99,9999.99,HIGH
validation,SLC,c5ea6da5405bfac0v,c5ea6da5405bfac0v_057.46708672999999834019_009.19928727799999990111,S1B_IW_SLC__1SDV_20200929T170920_20200929T170947_023593_02CD35_0989,3,57.46708673,9.199287278,5836.0,893.0,895.0,5826.0,890.0,5849.0,40.2,ais/manual,True,True,9999.99,9999.99,HIGH
validation,SLC,c5ea6da5405bfac0v,c5ea6da5405bfac0v_056.78660941999999778318_007.97721606400000027293,S1B_IW_SLC__1SDV_20200929T170920_20200929T170947_023593_02CD35_0989,2,56.78660942,7.9772160639999985,5929.0,6214.0,6220.0,5911.0,6209.0,5947.0,147.09879109999997,ais/manual,True,False,9999.99,9999.99,HIGH
validation,SLC,c5ea6da5405bfac0v,c5ea6da5405bfac0v_057.51169647999999767762_007.99957589200000018792,S1B_IW_SLC__1SDV_20200929T170920_20200929T170947_023593_02CD35_0989,2,57.51169648,7.999575892,10207.0,516.0,517.0,10204.0,514.0,10214.0,16.99,ais/manual,True,True,9999.99,9999.99,HIGH
validation,SLC,c5ea6da5405bfac0v,c5ea6da5405bfac0v_057.16709966999999892323_008.29183942000000051564,S1B_IW_SLC__1SDV_20200929T170920_20200929T170947_023593_02CD35_0989,2,57.16709967,8.29183942,12972.0,3463.0,3465.0,12966.0,3461.0,12981.0,32.2,ais/manual,True,True,9999.99,9999.99,HIGH
validation,SLC,c5ea6da5405bfac0v,c5ea6da5405bfac0v_057.46525935999999745718_009.30463257499999940592,S1B_IW_SLC__1SDV_20200929T170920_20200929T170947_023593_02CD35_0989,3,57.46525936,9.304632575,7635.0,982.0,984.0,7625.0,979.0,7645.0,42.0,ais/manual,True,True,9999.99,9999.99,HIGH
validation,SLC,c5ea6da5405bfac0v,c5ea6da5405bfac0v_056.89576309000000264859_006.97486892399999991454,S1B_IW_SLC__1SDV_20200929T170920_20200929T170947_023593_02CD35_0989,1,56.89576309,6.974868924,11460.0,4047.0,4053.0,11450.0,4042.0,11470.0,20.3415132,ais/manual,True,True,9999.99,9999.99,HIGH
validation,SLC,c5ea6da5405bfac0v,c5ea6da5405bfac0v_057.50382525999999927535_008.67132266399999984685,S1B_IW_SLC__1SDV_20200929T170920_20200929T170947_023593_02CD35_0989,2,57.50382526,8.671322664,20974.0,1090.0,1097.0,20946.0,1083.0,21006.0,179.3222126,ais/manual,True,False,9999.99,9999.99,HIGH
validation,SLC,c5ea6da5405bfac0v,c5ea6da5405bfac0v_056.30741423999999994976_007.71268783000000013317,S1B_IW_SLC__1SDV_20200929T170920_20200929T170947_023593_02CD35_0989,1,56.30741424,7.71268783,19173.0,9298.0,9302.0,19165.0,9293.0,19181.0,36.95890726,ais/manual,True,False,9999.99,9999.99,HIGH
validation,SLC,c5ea6da5405bfac0v,c5ea6da5405bfac0v_056.09114831000000123140_007.99508096599999973364,S1B_IW_SLC__1SDV_20200929T170920_20200929T170947_023593_02CD35_0989,2,56.09114831,7.9950809660000015,2470.0,11706.0,11712.0,2461.0,11699.0,2482.0,75.49,ais/manual,True,False,6.614112002478048,6.358909269961186,HIGH
validation,SLC,c5ea6da5405bfac0v,c5ea6da5405bfac0v_057.12666405000000224845_008.59274288299999966512,S1B_IW_SLC__1SDV_20200929T170920_20200929T170947_023593_02CD35_0989,2,57.12666405,8.592742883,17639.0,4013.0,4015.0,17636.0,4012.0,17643.0,13.09756728,ais/manual,True,True,0.4081587501130446,0.5640042548673233,HIGH
validation,SLC,c5ea6da5405bfac0v,c5ea6da5405bfac0v_056.34723293999999782500_007.46167129500000037012,S1B_IW_SLC__1SDV_20200929T170920_20200929T170947_023593_02CD35_0989,1,56.34723294,7.461671295,15613.0,8772.0,8774.0,15607.0,8770.0,15619.0,21.5,ais/manual,True,True,9999.99,9999.99,HIGH
validation,SLC,c5ea6da5405bfac0v,c5ea6da5405bfac0v_057.18981164000000205760_008.02186152099999993936,S1B_IW_SLC__1SDV_20200929T170920_20200929T170947_023593_02CD35_0989,2,57.18981164,8.021861521,8810.0,3072.0,3074.0,8803.0,3069.0,8816.0,37.96,ais/manual,True,True,9999.99,9999.99,HIGH
validation,SLC,c5ea6da5405bfac0v,c5ea6da5405bfac0v_057.12539834999999754928_008.59027918900000031499,S1B_IW_SLC__1SDV_20200929T170920_20200929T170947_023593_02CD35_0989,2,57.12539835,8.590279189,17592.0,4021.0,4023.0,17586.0,4020.0,17601.0,34.40320223,ais/manual,True,True,0.3358581969198512,0.5355183291879207,HIGH
validation,SLC,c5ea6da5405bfac0v,c5ea6da5405bfac0v_057.48126678999999938924_008.36315622100000055639,S1B_IW_SLC__1SDV_20200929T170920_20200929T170947_023593_02CD35_0989,2,57.48126679,8.363156221,15824.0,1036.0,1040.0,15813.0,1033.0,15834.0,22.31666667,ais/manual,True,True,9999.99,9999.99,HIGH
validation,SLC,c5ea6da5405bfac0v,c5ea6da5405bfac0v_056.77756910000000090122_007.70956181900000014906,S1B_IW_SLC__1SDV_20200929T170920_20200929T170947_023593_02CD35_0989,2,56.7775691,7.709561819,1748.0,6067.0,6071.0,1741.0,6062.0,1756.0,22.2,ais/manual,True,True,9999.99,9999.99,HIGH
validation,SLC,c5ea6da5405bfac0v,c5ea6da5405bfac0v_057.45757277999999956819_009.24573538499999969531,S1B_IW_SLC__1SDV_20200929T170920_20200929T170947_023593_02CD35_0989,3,57.45757278,9.245735385,6581.0,1001.0,1005.0,6562.0,998.0,6600.0,97.25748349,ais/manual,True,False,9999.99,9999.99,HIGH
validation,SLC,c5ea6da5405bfac0v,c5ea6da5405bfac0v_057.64343044000000304550_009.98391505700000081447,S1B_IW_SLC__1SDV_20200929T170920_20200929T170947_023593_02CD35_0989,3,57.64343044,9.983915057,20513.0,30.0,31.0,20509.0,29.0,20519.0,16.04,ais/manual,True,True,5.245006170274386,5.744948884194423,HIGH
validation,SLC,c5ea6da5405bfac0v,c5ea6da5405bfac0v_056.83340665000000058171_007.46703177499999970479,S1B_IW_SLC__1SDV_20200929T170920_20200929T170947_023593_02CD35_0989,1,56.83340665,7.467031775,18289.0,4956.0,4960.0,18282.0,4952.0,18296.0,17.04,ais/manual,True,True,9999.99,9999.99,HIGH
validation,SLC,c5ea6da5405bfac0v,c5ea6da5405bfac0v_056.76983428999999858888_007.47044251400000014485,S1B_IW_SLC__1SDV_20200929T170920_20200929T170947_023593_02CD35_0989,1,56.76983429,7.470442514,17999.0,5458.0,5463.0,17991.0,5454.0,18009.0,79.43,ais/manual,True,False,9999.99,9999.99,HIGH
validation,SLC,c5ea6da5405bfac0v,c5ea6da5405bfac0v_057.49619759000000129845_007.89688442100000020929,S1B_IW_SLC__1SDV_20200929T170920_20200929T170947_023593_02CD35_0989,2,57.49619759,7.896884421,8521.0,557.0,562.0,8510.0,553.0,8531.0,31.53427259,ais/manual,True,True,9999.99,9999.99,HIGH
validation,SLC,c5ea6da5405bfac0v,c5ea6da5405bfac0v_057.25739590999999961696_008.96061840800000020124,S1B_IW_SLC__1SDV_20200929T170920_20200929T170947_023593_02CD35_0989,2,57.25739591,8.960618408,24469.0,3254.0,3258.0,24461.0,3250.0,24477.0,21.915,ais/manual,True,True,9999.99,9999.99,HIGH
validation,SLC,c5ea6da5405bfac0v,c5ea6da5405bfac0v_056.38625688999999852058_007.39984118300000037749,S1B_IW_SLC__1SDV_20200929T170920_20200929T170947_023593_02CD35_0989,1,56.38625689,7.399841182999999,14906.0,8412.0,8416.0,14899.0,8409.0,14912.0,22.34,ais/manual,True,True,9999.99,9999.99,HIGH
validation,SLC,c5ea6da5405bfac0v,c5ea6da5405bfac0v_056.76045043999999961670_006.50489237399999975509,S1B_IW_SLC__1SDV_20200929T170920_20200929T170947_023593_02CD35_0989,1,56.76045044,6.504892374,4263.0,4693.0,4698.0,4253.0,4688.0,4274.0,37.83,ais/manual,True,True,9999.99,9999.99,HIGH
validation,SLC,c5ea6da5405bfac0v,c5ea6da5405bfac0v_057.30328948999999738589_008.49735203000000005602,S1B_IW_SLC__1SDV_20200929T170920_20200929T170947_023593_02CD35_0989,2,57.30328949,8.49735203,17035.0,2545.0,2546.0,17031.0,2543.0,17038.0,16.13257749,ais/manual,True,True,9999.99,9999.99,HIGH
validation,SLC,c5ea6da5405bfac0v,c5ea6da5405bfac0v_057.38806772000000222533_008.18411067199999919808,S1B_IW_SLC__1SDV_20200929T170920_20200929T170947_023593_02CD35_0989,2,57.38806772,8.184110672000001,12450.0,1635.0,1648.0,12428.0,1621.0,12471.0,42.35,ais/manual,True,True,9999.99,9999.99,HIGH
validation,SLC,c5ea6da5405bfac0v,c5ea6da5405bfac0v_057.19855762000000254375_008.57374696800000002384,S1B_IW_SLC__1SDV_20200929T170920_20200929T170947_023593_02CD35_0989,2,57.19855762,8.573746968,17717.0,3431.0,3435.0,17711.0,3426.0,17725.0,16.2,ais/manual,True,True,8.329440692103478,8.376990420750634,HIGH
validation,SLC,c5ea6da5405bfac0v,c5ea6da5405bfac0v_056.19497249999999866077_007.62604100899999970409,S1B_IW_SLC__1SDV_20200929T170920_20200929T170947_023593_02CD35_0989,1,56.1949725,7.626041009,17262.0,10109.0,10112.0,17255.0,10105.0,17271.0,19.96,ais/manual,True,True,9999.99,9999.99,HIGH
validation,SLC,c5ea6da5405bfac0v,c5ea6da5405bfac0v_057.60783830999999821643_009.97475243599999927824,S1B_IW_SLC__1SDV_20200929T170920_20200929T170947_023593_02CD35_0989,3,57.60783831,9.974752436,20163.0,307.0,309.0,20150.0,305.0,20176.0,67.4,ais/manual,True,True,1.3166949551164493,1.8484962799899565,HIGH
validation,SLC,c5ea6da5405bfac0v,c5ea6da5405bfac0v_056.14557924999999727333_007.82948633699999962943,S1B_IW_SLC__1SDV_20200929T170920_20200929T170947_023593_02CD35_0989,1,56.14557925,7.829486337,20094.0,10669.0,10671.0,20088.0,10667.0,20100.0,17.19,ais/manual,True,True,9999.99,9999.99,HIGH
validation,SLC,94dca5e4de2edcf8v,94dca5e4de2edcf8v_056.18016281999999961272_007.56932449600000012424,S1B_IW_SLC__1SDV_20201013T054008_20201013T054035_023790_02D350_04D0,3,56.18016282,7.569324496,17969.0,2207.0,2211.0,17961.0,2203.0,17978.0,16.01,ais/manual,True,True,9999.99,9999.99,HIGH
validation,SLC,94dca5e4de2edcf8v,94dca5e4de2edcf8v_057.25149590000000188184_008.47745195399999929009,S1B_IW_SLC__1SDV_20201013T054008_20201013T054035_023790_02D350_04D0,3,57.2514959,8.477451954,7423.0,11351.0,11355.0,7412.0,11347.0,7431.0,16.2,ais/manual,True,True,9999.99,9999.99,HIGH
validation,SLC,94dca5e4de2edcf8v,94dca5e4de2edcf8v_057.15468374000000295609_007.83890689900000037227,S1B_IW_SLC__1SDV_20201013T054008_20201013T054035_023790_02D350_04D0,3,57.15468374,7.838906898999999,18164.0,10139.0,10142.0,18153.0,10136.0,18172.0,38.93,ais/manual,True,True,9999.99,9999.99,HIGH
validation,SLC,94dca5e4de2edcf8v,94dca5e4de2edcf8v_057.23617330999999808228_008.42465467399999923259,S1B_IW_SLC__1SDV_20201013T054008_20201013T054035_023790_02D350_04D0,3,57.23617331,8.424654674,8255.0,11192.0,11196.0,8244.0,11188.0,8263.0,14.73393647,ais/manual,True,True,9999.99,9999.99,HIGH
validation,SLC,94dca5e4de2edcf8v,94dca5e4de2edcf8v_057.25659742999999934909_008.51765941200000042954,S1B_IW_SLC__1SDV_20201013T054008_20201013T054035_023790_02D350_04D0,3,57.25659743,8.517659412,6757.0,11420.0,11423.0,6747.0,11417.0,6768.0,16.52157197,ais/manual,True,True,9999.99,9999.99,HIGH
validation,SLC,94dca5e4de2edcf8v,94dca5e4de2edcf8v_055.96447878000000031307_010.61435162999999981537,S1B_IW_SLC__1SDV_20201013T054008_20201013T054035_023790_02D350_04D0,1,55.96447878,10.61435163,10321.0,3309.0,3310.0,10315.0,3307.0,10326.0,13.73219487,ais/manual,True,False,2.67037968183253,2.301947496811974,HIGH
validation,SLC,94dca5e4de2edcf8v,94dca5e4de2edcf8v_055.98924895999999762353_011.13628611000000034892,S1B_IW_SLC__1SDV_20201013T054008_20201013T054035_023790_02D350_04D0,1,55.98924896,11.13628611,3192.0,3973.0,3975.0,3183.0,3971.0,3202.0,48.15,ais/manual,True,False,8.48773564407226,8.248998342940242,HIGH
validation,SLC,94dca5e4de2edcf8v,94dca5e4de2edcf8v_057.12242992000000185726_007.80060551900000032077,S1B_IW_SLC__1SDV_20201013T054008_20201013T054035_023790_02D350_04D0,3,57.12242992,7.8006055189999985,18685.0,9857.0,9859.0,18677.0,9854.0,18689.0,21.79,ais/manual,True,True,9999.99,9999.99,HIGH
validation,SLC,94dca5e4de2edcf8v,94dca5e4de2edcf8v_056.20003873000000282900_007.55536686700000004180,S1B_IW_SLC__1SDV_20201013T054008_20201013T054035_023790_02D350_04D0,3,56.20003873,7.555366867,18331.0,2355.0,2357.0,18323.0,2353.0,18338.0,17.19,ais/manual,True,True,9999.99,9999.99,HIGH
validation,SLC,94dca5e4de2edcf8v,94dca5e4de2edcf8v_056.31011303999999739744_010.96662459999999938987,S1B_IW_SLC__1SDV_20201013T054008_20201013T054035_023790_02D350_04D0,1,56.31011304,10.9666246,7160.0,6331.0,6333.0,7150.0,6329.0,7170.0,101.1469386,ais/manual,True,False,4.784231923811611,4.22349549098312,HIGH
validation,SLC,94dca5e4de2edcf8v,94dca5e4de2edcf8v_056.84069316000000071654_007.94093603600000008669,S1B_IW_SLC__1SDV_20201013T054008_20201013T054035_023790_02D350_04D0,3,56.84069316,7.940936036,14682.0,7713.0,7725.0,14659.0,7701.0,14705.0,116.19800159999998,ais/manual,True,False,9999.99,9999.99,HIGH
validation,SLC,94dca5e4de2edcf8v,94dca5e4de2edcf8v_057.14571208000000268612_007.80200090599999995788,S1B_IW_SLC__1SDV_20201013T054008_20201013T054035_023790_02D350_04D0,3,57.14571208,7.802000906,18781.0,10043.0,10046.0,18770.0,10040.0,18789.0,37.96,ais/manual,True,True,9999.99,9999.99,HIGH
validation,SLC,94dca5e4de2edcf8v,94dca5e4de2edcf8v_056.46294364999999970678_007.60934745499999998231,S1B_IW_SLC__1SDV_20201013T054008_20201013T054035_023790_02D350_04D0,3,56.46294365,7.609347455,18712.0,4483.0,4491.0,18688.0,4474.0,18735.0,138.44233730000002,ais/manual,True,False,9999.99,9999.99,HIGH
validation,SLC,94dca5e4de2edcf8v,94dca5e4de2edcf8v_056.89538498000000288357_008.11094041399999987618,S1B_IW_SLC__1SDV_20201013T054008_20201013T054035_023790_02D350_04D0,3,56.89538498,8.110940414,11941.0,8266.0,8276.0,11917.0,8256.0,11962.0,98.82730554,ais/manual,True,False,9999.99,9999.99,HIGH
validation,SLC,94dca5e4de2edcf8v,94dca5e4de2edcf8v_055.72949634999999801721_010.84320377999999962526,S1B_IW_SLC__1SDV_20201013T054008_20201013T054035_023790_02D350_04D0,1,55.72949635,10.84320378,5872.0,1672.0,1675.0,5857.0,1669.0,5885.0,73.21647098,ais/manual,True,False,2.17863821869459,2.2651312336385487,HIGH
validation,SLC,94dca5e4de2edcf8v,94dca5e4de2edcf8v_057.27748548999999655962_008.23692500299999963431,S1B_IW_SLC__1SDV_20201013T054008_20201013T054035_023790_02D350_04D0,3,57.27748549,8.236925003,11747.0,11388.0,11390.0,11739.0,11386.0,11754.0,17.42189111,ais/manual,True,True,9999.99,9999.99,HIGH
validation,SLC,94dca5e4de2edcf8v,94dca5e4de2edcf8v_057.30498855999999818778_007.98472482699999996925,S1B_IW_SLC__1SDV_20201013T054008_20201013T054035_023790_02D350_04D0,3,57.30498856,7.984724827000001,16346.0,11433.0,11437.0,16335.0,11429.0,16355.0,15.48,ais/manual,True,True,9999.99,9999.99,HIGH
validation,SLC,94dca5e4de2edcf8v,94dca5e4de2edcf8v_056.60430121000000269760_007.64374389999999959144,S1B_IW_SLC__1SDV_20201013T054008_20201013T054035_023790_02D350_04D0,3,56.60430121,7.6437439,18821.0,5630.0,5633.0,18810.0,5628.0,18828.0,20.3415132,ais/manual,True,True,9999.99,9999.99,HIGH
validation,SLC,94dca5e4de2edcf8v,94dca5e4de2edcf8v_056.63249274000000355045_007.55404398499999985006,S1B_IW_SLC__1SDV_20201013T054008_20201013T054035_023790_02D350_04D0,3,56.63249274,7.554043985,20612.0,5793.0,5806.0,20582.0,5780.0,20641.0,146.5669137,ais/manual,True,False,9999.99,9999.99,HIGH
validation,SLC,94dca5e4de2edcf8v,94dca5e4de2edcf8v_056.85954980999999719415_007.73686551700000002540,S1B_IW_SLC__1SDV_20201013T054008_20201013T054035_023790_02D350_04D0,3,56.85954981,7.736865517000001,18461.0,7723.0,7734.0,18435.0,7712.0,18486.0,197.8202154,ais/manual,True,False,9999.99,9999.99,HIGH
validation,SLC,94dca5e4de2edcf8v,94dca5e4de2edcf8v_056.71434844000000197184_007.71837287500000002183,S1B_IW_SLC__1SDV_20201013T054008_20201013T054035_023790_02D350_04D0,3,56.71434844,7.718372875,18036.0,6556.0,6559.0,18022.0,6553.0,18047.0,37.87,ais/manual,True,True,9999.99,9999.99,HIGH
validation,SLC,94dca5e4de2edcf8v,94dca5e4de2edcf8v_055.59998587999999841713_010.46379765000000006125,S1B_IW_SLC__1SDV_20201013T054008_20201013T054035_023790_02D350_04D0,1,55.59998588,10.46379765,10590.0,317.0,320.0,10581.0,313.0,10600.0,52.22407708,ais/manual,True,False,3.021277824716044,2.970726030931523,HIGH
validation,SLC,94dca5e4de2edcf8v,94dca5e4de2edcf8v_056.35284632999999843150_007.44100084100000014331,S1B_IW_SLC__1SDV_20201013T054008_20201013T054035_023790_02D350_04D0,3,56.35284633,7.441000841,21243.0,3492.0,3498.0,21221.0,3486.0,21262.0,119.63928529999998,ais/manual,True,False,9999.99,9999.99,HIGH
validation,SLC,94dca5e4de2edcf8v,94dca5e4de2edcf8v_055.80556356999999678692_010.76094958000000012532,S1B_IW_SLC__1SDV_20201013T054008_20201013T054035_023790_02D350_04D0,1,55.80556357,10.76094958,7414.0,2194.0,2197.0,7395.0,2191.0,7431.0,110.0475717,ais/manual,True,False,7.336620108604325,7.096488632463685,HIGH
validation,SLC,94dca5e4de2edcf8v,94dca5e4de2edcf8v_055.56447147000000086337_010.82658595999999917581,S1B_IW_SLC__1SDV_20201013T054008_20201013T054035_023790_02D350_04D0,1,55.56447147,10.82658596,5257.0,365.0,373.0,5235.0,357.0,5276.0,161.7496858,ais/manual,True,False,5.631609574919231,5.504504684792991,HIGH
validation,SLC,94dca5e4de2edcf8v,94dca5e4de2edcf8v_056.70498063000000144029_008.11951858299999962298,S1B_IW_SLC__1SDV_20201013T054008_20201013T054035_023790_02D350_04D0,3,56.70498063,8.119518583,10780.0,6761.0,6766.0,10770.0,6755.0,10789.0,15.00623316,ais/manual,True,True,4.721067105610572,5.0611979575509976,HIGH
validation,SLC,94dca5e4de2edcf8v,94dca5e4de2edcf8v_057.18437033000000013772_008.68751046699999918133,S1B_IW_SLC__1SDV_20201013T054008_20201013T054035_023790_02D350_04D0,3,57.18437033,8.687510467000001,3460.0,10970.0,10972.0,3451.0,10969.0,3467.0,15.56502826,ais/manual,True,True,7.508826204030287,7.227117086212842,HIGH
validation,SLC,94dca5e4de2edcf8v,94dca5e4de2edcf8v_057.20941807999999895173_008.89373508999999984326,S1B_IW_SLC__1SDV_20201013T054008_20201013T054035_023790_02D350_04D0,2,57.20941808,8.89373509,23983.0,12192.0,12193.0,23976.0,12191.0,23989.0,13.05,ais/manual,True,True,7.403749610387141,7.03706196422873,HIGH
validation,SLC,94dca5e4de2edcf8v,94dca5e4de2edcf8v_056.25773939999999839756_010.98799340000000057671,S1B_IW_SLC__1SDV_20201013T054008_20201013T054035_023790_02D350_04D0,1,56.2577394,10.9879934,6593.0,5940.0,5941.0,6588.0,5939.0,6596.0,14.99,ais/manual,True,True,9.036311806885058,8.727527049421907,HIGH
validation,SLC,94dca5e4de2edcf8v,94dca5e4de2edcf8v_057.18751318000000338770_008.68698758799999914970,S1B_IW_SLC__1SDV_20201013T054008_20201013T054035_023790_02D350_04D0,3,57.18751318,8.686987588,3486.0,10995.0,10996.0,3480.0,10994.0,3489.0,15.261088399999998,ais/manual,True,True,7.827256336866352,7.55690992258426,HIGH
validation,SLC,94dca5e4de2edcf8v,94dca5e4de2edcf8v_056.93389178000000327984_011.52846498000000075024,S1B_IW_SLC__1SDV_20201013T054008_20201013T054035_023790_02D350_04D0,1,56.93389178,11.52846498,2826.0,11719.0,11723.0,2818.0,11716.0,2834.0,16.7,ais/manual,True,True,9999.99,9999.99,HIGH
validation,SLC,94dca5e4de2edcf8v,94dca5e4de2edcf8v_056.17643000999999713940_010.62372028999999962195,S1B_IW_SLC__1SDV_20201013T054008_20201013T054035_023790_02D350_04D0,1,56.17643001,10.62372029,11296.0,4979.0,4981.0,11288.0,4977.0,11301.0,13.84958617,ais/manual,True,True,0.8665855724078065,0.7752438088245689,HIGH
validation,SLC,94dca5e4de2edcf8v,94dca5e4de2edcf8v_057.13083567999999701215_008.47419690099999911581,S1B_IW_SLC__1SDV_20201013T054008_20201013T054035_023790_02D350_04D0,3,57.13083568,8.474196901000001,6835.0,10392.0,10395.0,6824.0,10389.0,6845.0,12.07830511,ais/manual,True,True,6.696626655448119,6.51693246170523,HIGH
validation,SLC,94dca5e4de2edcf8v,94dca5e4de2edcf8v_057.21877628000000015618_007.86256272800000033385,S1B_IW_SLC__1SDV_20201013T054008_20201013T054035_023790_02D350_04D0,3,57.21877628,7.862562727999999,18076.0,10665.0,10667.0,18065.0,10662.0,18083.0,37.72,ais/manual,True,True,9999.99,9999.99,HIGH
validation,SLC,94dca5e4de2edcf8v,94dca5e4de2edcf8v_057.12596760000000273294_008.59005395600000021261,S1B_IW_SLC__1SDV_20201013T054008_20201013T054035_023790_02D350_04D0,3,57.1259676,8.590053956,4813.0,10437.0,10438.0,4807.0,10435.0,4817.0,26.73892045,ais/manual,True,False,0.394440246637592,0.7070939351740212,HIGH
validation,SLC,94dca5e4de2edcf8v,94dca5e4de2edcf8v_056.57717899000000016940_007.86968862400000013224,S1B_IW_SLC__1SDV_20201013T054008_20201013T054035_023790_02D350_04D0,3,56.57717899,7.869688624,14575.0,5570.0,5579.0,14554.0,5562.0,14592.0,109.2194573,ais/manual,True,False,9999.99,9999.99,HIGH
validation,SLC,94dca5e4de2edcf8v,94dca5e4de2edcf8v_057.15594111000000054901_008.50657204100000008395,S1B_IW_SLC__1SDV_20201013T054008_20201013T054035_023790_02D350_04D0,3,57.15594111,8.506572041,6410.0,10614.0,10617.0,6399.0,10611.0,6417.0,14.56425546,ais/manual,True,True,6.262870650997924,6.616812242482243,HIGH
validation,SLC,94dca5e4de2edcf8v,94dca5e4de2edcf8v_057.19701743000000249140_008.64636178099999952451,S1B_IW_SLC__1SDV_20201013T054008_20201013T054035_023790_02D350_04D0,3,57.19701743,8.646361781,4230.0,11041.0,11043.0,4220.0,11038.0,4240.0,14.22,ais/manual,True,True,8.018716004881595,8.020983813931789,HIGH
validation,SLC,94dca5e4de2edcf8v,94dca5e4de2edcf8v_056.54011599999999759802_008.01195173500000024092,S1B_IW_SLC__1SDV_20201013T054008_20201013T054035_023790_02D350_04D0,3,56.54011600000001,8.011951735,11823.0,5376.0,5379.0,11812.0,5373.0,11834.0,79.0,ais/manual,True,False,6.564665058858692,6.457047890752347,HIGH
validation,SLC,94dca5e4de2edcf8v,94dca5e4de2edcf8v_055.98171239999999926340_008.02559575100000088810,S1B_IW_SLC__1SDV_20201013T054008_20201013T054035_023790_02D350_04D0,3,55.98171239999999,8.025595751,8620.0,955.0,957.0,8613.0,953.0,8627.0,14.99,ais/manual,True,True,5.696661497766306,5.768977425387918,HIGH
validation,SLC,94dca5e4de2edcf8v,94dca5e4de2edcf8v_057.18543675000000092723_008.53810903799999998398,S1B_IW_SLC__1SDV_20201013T054008_20201013T054035_023790_02D350_04D0,3,57.18543675,8.538109038,6024.0,10871.0,10872.0,6018.0,10869.0,6028.0,9.99,ais/manual,True,True,7.664994253268801,7.940828104368927,HIGH
validation,SLC,94dca5e4de2edcf8v,94dca5e4de2edcf8v_056.01624576999999760574_010.97235775000000046475,S1B_IW_SLC__1SDV_20201013T054008_20201013T054035_023790_02D350_04D0,1,56.01624577,10.97235775,5562.0,4035.0,4037.0,5553.0,4032.0,5569.0,64.31500535,ais/manual,True,False,9999.99,9999.99,HIGH
validation,SLC,94dca5e4de2edcf8v,94dca5e4de2edcf8v_056.86313133000000163975_007.64980872200000039385,S1B_IW_SLC__1SDV_20201013T054008_20201013T054035_023790_02D350_04D0,3,56.86313133,7.649808722,20062.0,7693.0,7703.0,20043.0,7682.0,20078.0,27.75,ais/manual,True,True,9999.99,9999.99,HIGH
validation,SLC,94dca5e4de2edcf8v,94dca5e4de2edcf8v_056.65907298999999852640_007.82580146899999995469,S1B_IW_SLC__1SDV_20201013T054008_20201013T054035_023790_02D350_04D0,3,56.65907299,7.825801469,15798.0,6191.0,6195.0,15786.0,6185.0,15810.0,15.56352679,ais/manual,True,True,9999.99,9999.99,HIGH
validation,SLC,94dca5e4de2edcf8v,94dca5e4de2edcf8v_056.96014660000000162654_007.93656322200000019507,S1B_IW_SLC__1SDV_20201013T054008_20201013T054035_023790_02D350_04D0,3,56.9601466,7.936563222,15390.0,8659.0,8666.0,15365.0,8653.0,15412.0,65.41,ais/manual,True,False,9999.99,9999.99,HIGH
validation,SLC,94dca5e4de2edcf8v,94dca5e4de2edcf8v_057.31026937000000032185_007.64010093200000017788,S1B_IW_SLC__1SDV_20201013T054008_20201013T054035_023790_02D350_04D0,3,57.31026937,7.640100932,22567.0,11244.0,11249.0,22552.0,11239.0,22579.0,42.35,ais/manual,True,True,9999.99,9999.99,HIGH
validation,SLC,94dca5e4de2edcf8v,94dca5e4de2edcf8v_056.97215098000000210732_010.64716536000000068896,S1B_IW_SLC__1SDV_20201013T054008_20201013T054035_023790_02D350_04D0,1,56.97215098,10.64716536,15168.0,11244.0,11250.0,15158.0,11239.0,15176.0,87.87725451,ais/manual,True,False,9999.99,9999.99,HIGH
validation,SLC,94dca5e4de2edcf8v,94dca5e4de2edcf8v_057.08492258999999791058_007.97820525000000024818,S1B_IW_SLC__1SDV_20201013T054008_20201013T054035_023790_02D350_04D0,3,57.08492259,7.97820525,15303.0,9679.0,9687.0,15278.0,9672.0,15326.0,148.8955689,ais/manual,True,False,9999.99,9999.99,HIGH
validation,SLC,94dca5e4de2edcf8v,94dca5e4de2edcf8v_057.14969837000000296712_007.82451728299999960115,S1B_IW_SLC__1SDV_20201013T054008_20201013T054035_023790_02D350_04D0,3,57.14969837,7.824517283,18397.0,10090.0,10096.0,18387.0,10084.0,18407.0,37.83,ais/manual,True,True,9999.99,9999.99,HIGH
validation,SLC,94dca5e4de2edcf8v,94dca5e4de2edcf8v_056.20504427000000191583_011.29596824000000054866,S1B_IW_SLC__1SDV_20201013T054008_20201013T054035_023790_02D350_04D0,1,56.20504427,11.29596824,2158.0,5807.0,5827.0,2122.0,5787.0,2193.0,209.5022781,ais/manual,True,False,9999.99,9999.99,HIGH
validation,SLC,94dca5e4de2edcf8v,94dca5e4de2edcf8v_057.33050657999999799586_007.94166523999999984795,S1B_IW_SLC__1SDV_20201013T054008_20201013T054035_023790_02D350_04D0,3,57.33050658,7.94166524,17248.0,11606.0,11612.0,17235.0,11601.0,17257.0,38.31,ais/manual,True,True,9999.99,9999.99,HIGH
validation,SLC,94dca5e4de2edcf8v,94dca5e4de2edcf8v_056.66162936999999999443_007.73810953000000001367,S1B_IW_SLC__1SDV_20201013T054008_20201013T054035_023790_02D350_04D0,3,56.66162937,7.73810953,17401.0,6150.0,6154.0,17390.0,6147.0,17410.0,14.02,ais/manual,True,True,9999.99,9999.99,HIGH
validation,SLC,94dca5e4de2edcf8v,94dca5e4de2edcf8v_057.16802452000000300814_008.37560815099999977917,S1B_IW_SLC__1SDV_20201013T054008_20201013T054035_023790_02D350_04D0,3,57.16802452,8.375608151,8743.0,10617.0,10621.0,8731.0,10612.0,8754.0,23.88,ais/manual,True,True,9999.99,9999.99,HIGH
validation,SLC,94dca5e4de2edcf8v,94dca5e4de2edcf8v_057.22078910999999834530_008.22054183800000082272,S1B_IW_SLC__1SDV_20201013T054008_20201013T054035_023790_02D350_04D0,3,57.22078911,8.220541837999999,11733.0,10926.0,10937.0,11700.0,10915.0,11763.0,183.0789221,ais/manual,True,False,9999.99,9999.99,HIGH
validation,SLC,94dca5e4de2edcf8v,94dca5e4de2edcf8v_056.34475568999999950393_007.25217708100000013616,S1B_IW_SLC__1SDV_20201013T054008_20201013T054035_023790_02D350_04D0,3,56.34475569,7.252177081,24722.0,3301.0,3306.0,24696.0,3294.0,24744.0,150.25949450000005,ais/manual,True,False,9999.99,9999.99,HIGH
validation,SLC,94dca5e4de2edcf8v,94dca5e4de2edcf8v_057.08074029000000138012_008.48199974299999936989,S1B_IW_SLC__1SDV_20201013T054008_20201013T054035_023790_02D350_04D0,3,57.08074029,8.481999743,6432.0,10000.0,10003.0,6424.0,9997.0,6440.0,24.34582526,ais/manual,True,True,3.373001409895379,2.960366455989162,HIGH
validation,SLC,335f9a411884e9cbv,335f9a411884e9cbv_057.81736124999999759666_009.46200984600000083447,S1B_IW_SLC__1SDV_20201018T054753_20201018T054820_023863_02D58D_8CE7,1,57.81736125,9.462009846,7581.0,4728.0,4732.0,7563.0,4725.0,7596.0,113.8309217,ais/manual,True,False,9999.99,9999.99,HIGH
validation,SLC,335f9a411884e9cbv,335f9a411884e9cbv_058.00180433999999962680_006.29574743600000008570,S1B_IW_SLC__1SDV_20201018T054753_20201018T054820_023863_02D58D_8CE7,3,58.00180434,6.295747436,13591.0,3324.0,3327.0,13580.0,3322.0,13598.0,33.25,ais/manual,True,True,9999.99,9999.99,HIGH
validation,SLC,335f9a411884e9cbv,335f9a411884e9cbv_057.98492233000000339871_009.47532606799999932434,S1B_IW_SLC__1SDV_20201018T054753_20201018T054820_023863_02D58D_8CE7,1,57.98492233,9.475326068,8291.0,6052.0,6061.0,8275.0,6044.0,8308.0,35.12,ais/manual,True,True,9999.99,9999.99,HIGH
validation,SLC,335f9a411884e9cbv,335f9a411884e9cbv_057.70035683999999776006_008.74040862200000034932,S1B_IW_SLC__1SDV_20201018T054753_20201018T054820_023863_02D58D_8CE7,1,57.70035684,8.740408622,16931.0,3194.0,3197.0,16921.0,3191.0,16937.0,22.19610496,ais/manual,True,True,9999.99,9999.99,HIGH
validation,SLC,335f9a411884e9cbv,335f9a411884e9cbv_057.48169586000000208514_006.90740194700000031958,S1B_IW_SLC__1SDV_20201018T054753_20201018T054820_023863_02D58D_8CE7,2,57.48169586,6.907401947,24285.0,504.0,508.0,24276.0,500.0,24294.0,30.34,ais/manual,True,True,9999.99,9999.99,HIGH
validation,SLC,335f9a411884e9cbv,335f9a411884e9cbv_057.36015411000000341346_008.37512303699999982598,S1B_IW_SLC__1SDV_20201018T054753_20201018T054820_023863_02D58D_8CE7,1,57.36015411,8.375123037,20419.0,216.0,225.0,20381.0,207.0,20456.0,302.9911373,ais/manual,True,False,9999.99,9999.99,HIGH
validation,SLC,335f9a411884e9cbv,335f9a411884e9cbv_058.12683279000000169390_006.24669579299999977451,S1B_IW_SLC__1SDV_20201018T054753_20201018T054820_023863_02D58D_8CE7,3,58.12683279,6.246695793,15102.0,4285.0,4289.0,15087.0,4281.0,15114.0,80.33866008,ais/manual,True,False,9999.99,9999.99,HIGH
validation,SLC,335f9a411884e9cbv,335f9a411884e9cbv_057.45628688000000039438_008.62864444000000041513,S1B_IW_SLC__1SDV_20201018T054753_20201018T054820_023863_02D58D_8CE7,1,57.45628688,8.62864444,17226.0,1183.0,1189.0,17208.0,1177.0,17244.0,145.33276940000005,ais/manual,True,False,9999.99,9999.99,HIGH
validation,SLC,335f9a411884e9cbv,335f9a411884e9cbv_057.87816226000000341401_009.63122983999999959792,S1B_IW_SLC__1SDV_20201018T054753_20201018T054820_023863_02D58D_8CE7,1,57.87816226,9.63122984,5671.0,5353.0,5359.0,5661.0,5346.0,5682.0,16.65,ais/manual,True,True,9999.99,9999.99,HIGH
validation,SLC,335f9a411884e9cbv,335f9a411884e9cbv_058.38131703999999899679_005.98700132200000023630,S1B_IW_SLC__1SDV_20201018T054753_20201018T054820_023863_02D58D_8CE7,3,58.38131704,5.987001322,20965.0,6137.0,6140.0,20951.0,6134.0,20977.0,39.95,ais/manual,True,True,1.2289260691780228,2.548574472634483,HIGH
validation,SLC,335f9a411884e9cbv,335f9a411884e9cbv_057.44628998000000308366_007.84029444599999969512,S1B_IW_SLC__1SDV_20201018T054753_20201018T054820_023863_02D58D_8CE7,2,57.44628998,7.8402944460000015,9051.0,936.0,943.0,9036.0,929.0,9064.0,31.53427259,ais/manual,True,True,9999.99,9999.99,HIGH
validation,SLC,335f9a411884e9cbv,335f9a411884e9cbv_058.69546617999999682525_009.39541713300000047582,S1B_IW_SLC__1SDV_20201018T054753_20201018T054820_023863_02D58D_8CE7,1,58.69546618,9.395417133,13175.0,11554.0,11561.0,13164.0,11547.0,13186.0,56.00874914,ais/manual,True,False,6.209035827098416,6.550148646830935,HIGH
validation,SLC,335f9a411884e9cbv,335f9a411884e9cbv_058.21534259999999960655_006.21327743500000018173,S1B_IW_SLC__1SDV_20201018T054753_20201018T054820_023863_02D58D_8CE7,3,58.2153426,6.213277435,16149.0,4966.0,4967.0,16142.0,4964.0,16156.0,32.55,ais/manual,True,True,9999.99,9999.99,HIGH
validation,SLC,335f9a411884e9cbv,335f9a411884e9cbv_057.94264822000000236812_009.41480371499999968421,S1B_IW_SLC__1SDV_20201018T054753_20201018T054820_023863_02D58D_8CE7,1,57.94264822,9.414803715,8875.0,5669.0,5674.0,8863.0,5663.0,8887.0,35.1,ais/manual,True,True,9999.99,9999.99,HIGH
validation,SLC,335f9a411884e9cbv,335f9a411884e9cbv_057.51600343999999864764_008.49382288099999982478,S1B_IW_SLC__1SDV_20201018T054753_20201018T054820_023863_02D58D_8CE7,1,57.51600344,8.493822881,19511.0,1540.0,1544.0,19504.0,1536.0,19518.0,23.23458692,ais/manual,True,True,9999.99,9999.99,HIGH
validation,SLC,335f9a411884e9cbv,335f9a411884e9cbv_057.85086099000000103842_009.53202150199999920233,S1B_IW_SLC__1SDV_20201018T054753_20201018T054820_023863_02D58D_8CE7,1,57.85086099,9.532021502,6830.0,5052.0,5054.0,6824.0,5049.0,6836.0,22.0,ais/manual,True,True,9999.99,9999.99,HIGH
validation,SLC,335f9a411884e9cbv,335f9a411884e9cbv_057.64911844000000229471_008.90630703699999948242,S1B_IW_SLC__1SDV_20201018T054753_20201018T054820_023863_02D58D_8CE7,1,57.64911844,8.906307037000001,14297.0,2931.0,2937.0,14284.0,2926.0,14308.0,24.07,ais/manual,True,True,9999.99,9999.99,HIGH
validation,SLC,335f9a411884e9cbv,335f9a411884e9cbv_057.47552179000000194264_007.46514339600000020880,S1B_IW_SLC__1SDV_20201018T054753_20201018T054820_023863_02D58D_8CE7,2,57.47552179,7.465143396,15130.0,874.0,877.0,15120.0,872.0,15137.0,21.56355807,ais/manual,True,True,9999.99,9999.99,HIGH
validation,SLC,335f9a411884e9cbv,335f9a411884e9cbv_058.30630667999999872109_008.80048675899999999217,S1B_IW_SLC__1SDV_20201018T054753_20201018T054820_023863_02D58D_8CE7,1,58.30630668,8.800486759,19352.0,8006.0,8010.0,19332.0,8001.0,19369.0,71.08634587,ais/manual,True,False,6.705078402327118,9.32923546904387,HIGH
validation,SLC,335f9a411884e9cbv,335f9a411884e9cbv_058.25750565999999963651_006.07731941599999991865,S1B_IW_SLC__1SDV_20201018T054753_20201018T054820_023863_02D58D_8CE7,3,58.25750566,6.077319416,18736.0,5211.0,5216.0,18721.0,5206.0,18749.0,39.36532072,ais/manual,True,False,9999.99,9999.99,HIGH
validation,SLC,335f9a411884e9cbv,335f9a411884e9cbv_058.04502381999999727213_009.67228284399999971299,S1B_IW_SLC__1SDV_20201018T054753_20201018T054820_023863_02D58D_8CE7,1,58.04502382,9.672282844,6014.0,6695.0,6697.0,6007.0,6693.0,6019.0,28.05,ais/manual,True,True,9999.99,9999.99,HIGH
validation,SLC,335f9a411884e9cbv,335f9a411884e9cbv_057.90356544000000127426_009.87633571799999998575,S1B_IW_SLC__1SDV_20201018T054753_20201018T054820_023863_02D58D_8CE7,1,57.90356544,9.876335718,2649.0,5769.0,5772.0,2638.0,5766.0,2657.0,32.10252861,ais/manual,True,True,9999.99,9999.99,HIGH
validation,SLC,335f9a411884e9cbv,335f9a411884e9cbv_057.47706251000000321483_007.08513940100000016997,S1B_IW_SLC__1SDV_20201018T054753_20201018T054820_023863_02D58D_8CE7,2,57.47706251,7.085139401,21313.0,599.0,604.0,21301.0,594.0,21324.0,37.05,ais/manual,True,True,9999.99,9999.99,HIGH
validation,SLC,335f9a411884e9cbv,335f9a411884e9cbv_057.89466368000000073835_009.70456105599999929723,S1B_IW_SLC__1SDV_20201018T054753_20201018T054820_023863_02D58D_8CE7,1,57.89466368,9.704561056,4804.0,5547.0,5552.0,4794.0,5541.0,4814.0,16.27998359,ais/manual,True,True,9999.99,9999.99,HIGH
validation,SLC,335f9a411884e9cbv,335f9a411884e9cbv_058.15665253000000234351_010.02614069999999912852,S1B_IW_SLC__1SDV_20201018T054753_20201018T054820_023863_02D58D_8CE7,1,58.15665253,10.0261407,2077.0,7881.0,7887.0,2066.0,7876.0,2087.0,27.47859797,ais/manual,True,True,9999.99,9999.99,HIGH
validation,SLC,335f9a411884e9cbv,335f9a411884e9cbv_057.89070412000000231956_007.97732507999999995718,S1B_IW_SLC__1SDV_20201018T054753_20201018T054820_023863_02D58D_8CE7,2,57.89070412,7.97732508,9352.0,4548.0,4551.0,9331.0,4543.0,9369.0,67.73364761,ais/manual,True,False,9999.99,9999.99,HIGH
validation,SLC,335f9a411884e9cbv,335f9a411884e9cbv_057.46775370000000293658_007.14765737499999964655,S1B_IW_SLC__1SDV_20201018T054753_20201018T054820_023863_02D58D_8CE7,2,57.4677537,7.147657375,20235.0,572.0,574.0,20228.0,570.0,20241.0,26.78968773,ais/manual,True,True,9999.99,9999.99,HIGH
validation,SLC,335f9a411884e9cbv,335f9a411884e9cbv_057.93273238999999819043_009.90575439200000040785,S1B_IW_SLC__1SDV_20201018T054753_20201018T054820_023863_02D58D_8CE7,1,57.93273239,9.905754392,2428.0,6023.0,6028.0,2416.0,6019.0,2437.0,22.11,ais/manual,True,True,9999.99,9999.99,HIGH
validation,SLC,335f9a411884e9cbv,335f9a411884e9cbv_057.85479511999999857608_009.55718604499999990765,S1B_IW_SLC__1SDV_20201018T054753_20201018T054820_023863_02D58D_8CE7,1,57.85479512,9.557186045,6519.0,5105.0,5107.0,6513.0,5102.0,6525.0,23.95,ais/manual,True,True,9999.99,9999.99,HIGH
validation,SLC,335f9a411884e9cbv,335f9a411884e9cbv_057.50511072999999839794_008.35128625599999985241,S1B_IW_SLC__1SDV_20201018T054753_20201018T054820_023863_02D58D_8CE7,1,57.50511073,8.351286256,21556.0,1337.0,1339.0,21550.0,1336.0,21559.0,24.0527272,ais/manual,True,True,9999.99,9999.99,HIGH
validation,SLC,335f9a411884e9cbv,335f9a411884e9cbv_057.56022080000000329392_007.44871002499999956825,S1B_IW_SLC__1SDV_20201018T054753_20201018T054820_023863_02D58D_8CE7,2,57.5602208,7.448710025,15853.0,1531.0,1537.0,15841.0,1525.0,15863.0,28.05,ais/manual,True,True,9999.99,9999.99,HIGH
validation,SLC,335f9a411884e9cbv,335f9a411884e9cbv_057.98760261999999698901_005.98783697699999972741,S1B_IW_SLC__1SDV_20201018T054753_20201018T054820_023863_02D58D_8CE7,3,57.98760262,5.987836977000001,18887.0,3005.0,3008.0,18877.0,3003.0,18895.0,32.12,ais/manual,True,True,9999.99,9999.99,HIGH
validation,SLC,335f9a411884e9cbv,335f9a411884e9cbv_057.88555147000000289381_009.66188409599999964428,S1B_IW_SLC__1SDV_20201018T054753_20201018T054820_023863_02D58D_8CE7,1,57.88555147,9.661884096,5310.0,5438.0,5443.0,5301.0,5432.0,5320.0,17.49,ais/manual,True,True,9999.99,9999.99,HIGH
validation,SLC,335f9a411884e9cbv,335f9a411884e9cbv_057.61337043999999707466_007.22094676399999979566,S1B_IW_SLC__1SDV_20201018T054753_20201018T054820_023863_02D58D_8CE7,2,57.61337044,7.220946764,19825.0,1779.0,1781.0,19812.0,1776.0,19835.0,69.95,ais/manual,True,True,9999.99,9999.99,HIGH
validation,SLC,335f9a411884e9cbv,335f9a411884e9cbv_057.96652077000000247153_009.67182689500000059013,S1B_IW_SLC__1SDV_20201018T054753_20201018T054820_023863_02D58D_8CE7,1,57.96652077,9.671826895,5607.0,6080.0,6081.0,5601.0,6078.0,5611.0,23.61,ais/manual,True,True,9999.99,9999.99,HIGH
validation,SLC,335f9a411884e9cbv,335f9a411884e9cbv_058.01408913000000211468_005.71802554599999979246,S1B_IW_SLC__1SDV_20201018T054753_20201018T054820_023863_02D58D_8CE7,3,58.01408913,5.718025546000002,23809.0,3040.0,3044.0,23796.0,3035.0,23818.0,71.1,ais/manual,True,True,9999.99,9999.99,HIGH
validation,SLC,335f9a411884e9cbv,335f9a411884e9cbv_057.73284911999999735599_008.77460163199999954031,S1B_IW_SLC__1SDV_20201018T054753_20201018T054820_023863_02D58D_8CE7,1,57.73284912,8.774601632000001,16616.0,3478.0,3482.0,16607.0,3474.0,16624.0,21.95,ais/manual,True,True,9999.99,9999.99,HIGH
validation,SLC,335f9a411884e9cbv,335f9a411884e9cbv_058.01692036000000030072_006.52625548299999991286,S1B_IW_SLC__1SDV_20201018T054753_20201018T054820_023863_02D58D_8CE7,3,58.01692036,6.526255483,9714.0,3602.0,3607.0,9696.0,3598.0,9729.0,87.92126109,ais/manual,True,False,6.68767492190326,8.38017655828695,HIGH
validation,SLC,335f9a411884e9cbv,335f9a411884e9cbv_057.40606165999999888072_009.06886637899999925594,S1B_IW_SLC__1SDV_20201018T054753_20201018T054820_023863_02D58D_8CE7,1,57.40606166,9.068866379,10732.0,1163.0,1168.0,10716.0,1159.0,10748.0,133.1805685,ais/manual,True,False,9999.99,9999.99,HIGH
validation,SLC,335f9a411884e9cbv,335f9a411884e9cbv_057.98731644000000073902_009.67999585799999984204,S1B_IW_SLC__1SDV_20201018T054753_20201018T054820_023863_02D58D_8CE7,1,57.98731644,9.679995858,5610.0,6250.0,6254.0,5595.0,6246.0,5625.0,36.6299791,ais/manual,True,False,9999.99,9999.99,HIGH
validation,SLC,335f9a411884e9cbv,335f9a411884e9cbv_058.57636898999999885973_009.13889816100000018650,S1B_IW_SLC__1SDV_20201018T054753_20201018T054820_023863_02D58D_8CE7,1,58.57636899,9.138898161,16049.0,10406.0,10410.0,16032.0,10401.0,16065.0,49.52121836,ais/manual,True,False,3.3810747690327765,4.29748938800426,HIGH
validation,SLC,335f9a411884e9cbv,335f9a411884e9cbv_057.78706600999999665191_008.36608278499999968858,S1B_IW_SLC__1SDV_20201018T054753_20201018T054820_023863_02D58D_8CE7,2,57.78706601,8.366082785,2911.0,4041.0,4044.0,2887.0,4038.0,2933.0,127.7706831,ais/manual,True,False,9999.99,9999.99,HIGH
